user_id,session_id,head_tilt_mean,head_tilt_std,head_tilt_min,head_tilt_max,head_tilt_range,head_tilt_slope,head_tilt_delta,clavicle_drop_pct_mean,clavicle_drop_pct_std,clavicle_drop_pct_min,clavicle_drop_pct_max,clavicle_drop_pct_range,clavicle_drop_pct_slope,clavicle_drop_pct_delta,face_lean_mean,face_lean_std,face_lean_min,face_lean_max,face_lean_range,face_lean_slope,face_lean_delta,shoulder_ear_pct_mean,shoulder_ear_pct_std,shoulder_ear_pct_min,shoulder_ear_pct_max,shoulder_ear_pct_range,shoulder_ear_pct_slope,shoulder_ear_pct_delta,torso_lean_pct_mean,torso_lean_pct_std,torso_lean_pct_min,torso_lean_pct_max,torso_lean_pct_range,torso_lean_pct_slope,torso_lean_pct_delta,looking_down_pct_mean,looking_down_pct_std,looking_down_pct_min,looking_down_pct_max,looking_down_pct_range,looking_down_pct_slope,looking_down_pct_delta,t_start,t_end,label
be176f54-cf2a-4d98-8798-4c27e5917335,5be1e58c-349b-43cc-85c8-65af84fc7ba6,0.011656459172566731,0.0011925510375434335,0.010772645473480225,0.01607978343963623,0.005307137966156006,8.516285125087446e-05,0.005307137966156006,0.0004318862409626912,0.003402318139596878,-0.008978414363111044,0.004704698760042281,0.013683113123153325,-0.00010903504035935558,-0.005684471780732725,0.014809334091842175,0.0009055780988359318,0.01133599504828453,0.015319596976041794,0.003983601927757263,-3.743938090604988e-05,-0.0034847520291805267,-0.0014879177268300762,0.007073148805155225,-0.0213178306551187,0.009375206795685043,0.03069303745080374,-0.0001863526002363846,-0.010918562161731468,0.014480018770602976,0.11350152423216592,-0.15672336432244233,0.28133459184254545,0.43805795616498777,-0.005138939274956827,0.012982804879271767,-0.018538837160545774,0.018342548072859028,-0.046151512296378885,-0.0001418207228247957,0.04600969157355409,-0.0018849692439595182,-0.0399078377820981,1759775501.3251293,1759775503.110645,good
be176f54-cf2a-4d98-8798-4c27e5917335,5be1e58c-349b-43cc-85c8-65af84fc7ba6,0.01376496950785319,0.003327242499071641,0.006075501441955566,0.01812291145324707,0.012047410011291504,-0.0003527220947723897,-0.011099755764007568,-0.007345528219516433,0.00257724270913344,-0.012577395454041284,0.000724406595844536,0.01330180204988582,-8.732798818985504e-05,0.0008510289269030727,0.005412362764279048,0.0026015074829128385,0.0018326975405216217,0.009089428931474686,0.007256731390953064,-0.00022805883601987453,-0.006927143782377243,-0.02730311378708987,0.009328096478682183,-0.044944824903780344,-0.0060353501519258765,0.03890947475185447,-0.0005990860750168947,-0.013753415215328552,0.0009283308877672258,0.1486184159708957,-0.31410077164097944,0.27132354837855127,0.5854243200195307,-0.011916419299645256,-0.2644420769650895,-0.022470385413513688,0.02162181926223103,-0.07308498597587976,0.01206347978385667,0.08514846575973643,-0.00018923183102847554,0.016960177958646197,1759775503.1706452,1759775504.9522123,good
be176f54-cf2a-4d98-8798-4c27e5917335,5be1e58c-349b-43cc-85c8-65af84fc7ba6,0.009997238715489706,0.0028757760353248173,0.006771981716156006,0.016631662845611572,0.009859681129455566,0.00011388249073728703,0.005872488021850586,-0.011767370433842258,0.006625737982145191,-0.02291347839061998,-0.004384023443396632,0.018529454947223346,-0.0006418335738732376,-0.009042818035194466,0.004949836805462837,0.003922144145570171,0.0017679296433925629,0.013761159032583237,0.011993229389190674,9.087366823757582e-05,0.004999510943889618,-0.029433632468575978,0.022567186884746564,-0.07268894085120434,0.0068138558459762515,0.07950279669718059,-0.0009355608265162236,0.012253788517813106,-0.13866935544789888,0.12924654332933308,-0.27929969432837015,0.20566299341461486,0.484962687742985,0.0058505847984082196,-0.04323893300908427,-0.022854842875028997,0.045889706758503665,-0.11421300336541672,0.08830941318059794,0.20252241654601466,0.0004982310465438052,0.06285390468178051,1759775505.0122106,1759775506.7078564,good
be176f54-cf2a-4d98-8798-4c27e5917335,5be1e58c-349b-43cc-85c8-65af84fc7ba6,0.013651820023854573,0.00854259964670297,0.0030844807624816895,0.028774678707122803,0.025690197944641113,-0.0007001585636839055,-0.010324239730834961,-0.012351705011988783,0.0035779324314650467,-0.019379093187212003,-0.005479492908170714,0.013899600279041288,-0.00023408644664325455,-4.587048947097237e-05,0.01916003388663133,0.0026025109134842385,0.009590929374098778,0.022402189671993256,0.012811260297894478,9.927693940906291e-05,0.010375728830695152,0.0018330748062562318,0.010259324811731297,-0.014405133969109715,0.0246878810135424,0.039093014982652115,-0.0007562463264053957,0.0005323470488576129,-0.3196840225360861,0.04264596142631019,-0.37754633859514036,-0.2160578956410504,0.16148844295408996,-0.003406627919181484,-0.07845545075166022,-0.19321115328288296,0.06074190578159056,-0.23389924229550466,0.003367708926142943,0.2372669512216476,-0.004295686929344763,-0.2372669512216476,1759775506.7678561,1759775508.5519202,good
be176f54-cf2a-4d98-8798-4c27e5917335,5be1e58c-349b-43cc-85c8-65af84fc7ba6,0.007730903228123983,0.007665380079489944,0.00028973817825317383,0.02528315782546997,0.024993419647216797,0.00026021784749524356,0.00312960147857666,-0.014101098381911998,0.0020604147143852237,-0.018628191253845787,-0.009799704933036975,0.008828486320808812,9.261019099743626e-05,-0.0009475522916782605,0.021572176863749824,0.001134415727949568,0.019969727843999863,0.022847536951303482,0.0028778091073036194,0.00010637484316831171,0.0020854435861110687,0.004373368581330654,0.006256884881541332,-0.008901539470896799,0.013980055605079065,0.022881595075975862,0.0004986557970405492,0.00626769079547796,-0.3099635330628352,0.02832430556507042,-0.35219794470579985,-0.26773866671332475,0.0844592779924751,0.002296555213840248,0.02828882252999948,-0.2429896122293995,0.010565336699350463,-0.25486498636494165,-0.2235895210745311,0.03127546529041056,-0.001020531295276676,-0.021844400820694526,1759775508.6139195,1759775510.3930228,good
be176f54-cf2a-4d98-8798-4c27e5917335,5be1e58c-349b-43cc-85c8-65af84fc7ba6,0.010651715596516927,0.003957637739708692,0.0050550103187561035,0.017554104328155518,0.012499094009399414,0.00013828937946357768,0.0010207295417785645,-0.013328730720959525,0.0028463566874010133,-0.021168042276579903,-0.00946160372613603,0.011706438550443872,1.930847914345227e-05,0.0027716283417790703,0.02270385914792617,0.00032483763719117327,0.022201089188456535,0.023124825209379196,0.0009237360209226608,2.992043646676124e-05,0.0009151175618171692,0.007852367295581213,0.004524234282695624,-0.004277911224758926,0.01547630360031789,0.019754214825076815,0.00020638952818857192,0.007854206361816319,-0.28040156603549277,0.027226790584180854,-0.335327189073907,-0.20926223183428289,0.12606495723962413,-0.0002862048870968098,0.04804924395878579,-0.2677694423530414,0.022988030224362133,-0.3445010369681203,-0.24540700148352101,0.09909403548459927,-0.0017096606652446105,-0.0115875646688684,1759775510.453024,1759775512.224002,good
be176f54-cf2a-4d98-8798-4c27e5917335,5be1e58c-349b-43cc-85c8-65af84fc7ba6,0.002471238374710083,0.0017227014362629362,0.00028765201568603516,0.006745338439941406,0.006457686424255371,-0.00016589142191529406,-0.004587292671203613,-0.023245567936455897,0.006627757252445937,-0.0315735034865141,-0.010256456458885226,0.021317047027628877,-0.0005130313786964578,-0.01129498497491754,0.02239809725433588,0.0003618394036450425,0.021978268399834633,0.023120157420635223,0.0011418890208005905,-3.025122069742311e-05,-0.0011041965335607529,-0.009470604741126425,0.011756299247046327,-0.024734924714016206,0.014084471914365126,0.03881939662838133,-0.0008819502102926338,-0.02169343198420689,-0.3072812040424784,0.021485917270533672,-0.3494392941699465,-0.263604386355124,0.0858349078148225,-0.0005720906069739223,-0.039187627941518866,-0.2692410649774961,0.008782610176929155,-0.2812246889026678,-0.2542773567863722,0.026947332116295575,-0.0005663236650088711,0.013549250291010673,1759775512.2830021,1759775514.1249766,good
be176f54-cf2a-4d98-8798-4c27e5917335,5be1e58c-349b-43cc-85c8-65af84fc7ba6,0.0020217557748158773,0.00112123222269811,0.00012999773025512695,0.0038214921951293945,0.0036914944648742676,4.1907448922434156e-05,-7.033348083496094e-06,-0.06397474790427006,0.0384315379866896,-0.1272330077221049,-0.01495339924382659,0.11227960847827832,-0.003298609341075825,-0.05358575761338595,0.022129632532596588,0.00034151178763274246,0.02161397598683834,0.022701285779476166,0.001087309792637825,2.1053311954748644e-05,-0.00043137557804584503,-0.08510613173158141,0.07284853323028685,-0.19965783284747463,0.00970370057527488,0.20936153342274952,-0.0063322283238537135,-0.1053523039373087,-0.3993747465792726,0.08721397395959911,-0.5531960299055448,-0.2757200004635734,0.2774760294419714,-0.008121850422120385,-0.10007211545897565,-0.22749541794506406,0.018891343477622537,-0.2834238794588428,-0.20607627998311365,0.07734759947572914,-0.0004650870692685797,-0.034846800381634985,1759775514.1965084,1759775516.0061784,good
be176f54-cf2a-4d98-8798-4c27e5917335,5be1e58c-349b-43cc-85c8-65af84fc7ba6,0.010198916991551716,0.006051545518002262,0.00019758939743041992,0.01963198184967041,0.01943439245223999,0.0004695861702898851,0.009517073631286621,-0.08003023873593137,0.005096190915575493,-0.0903413129379544,-0.06977082328191365,0.020570489656040747,-0.000170721913520659,-0.013284289087679577,0.021919148849944274,0.0005530084739114011,0.02080950140953064,0.022611888125538826,0.0018023867160081863,5.555680773746185e-05,0.0017947796732187271,-0.11705090822975807,0.009853406467935269,-0.14140819160987536,-0.1003770663259945,0.041031125283880865,0.00029317341323529096,-0.013958394460209272,-0.4332135613504206,0.0886975500493346,-0.615195526665242,-0.27712683645350533,0.3380686902117367,0.003832705859257429,0.10922496218432459,-0.2598660926634502,0.040169990124038366,-0.3316770448693641,-0.2076166372682225,0.12406040760114162,0.0025159062204565116,0.010934147338618527,1759775516.065178,1759775517.859516,good
be176f54-cf2a-4d98-8798-4c27e5917335,5be1e58c-349b-43cc-85c8-65af84fc7ba6,0.006172786156336467,0.004173073861036841,0.00040477514266967773,0.0154152512550354,0.015010476112365723,1.4016479751026797e-05,-0.008249878883361816,-0.043763401952796536,0.01468642139410187,-0.09001173246074226,-0.032920654425456004,0.057091078035286257,0.0012124412021829816,0.050849626698848,0.022309773912032444,0.0004416435293849866,0.021489327773451805,0.02290523052215576,0.0014159027487039566,2.558929586702247e-05,0.0006652772426605225,-0.03922978918483847,0.03239758337425746,-0.135178347669448,-0.014825568810040496,0.12035277885940751,0.0027753128080493595,0.10922385045679457,-0.30541816626865403,0.0464111491791686,-0.4140366809505088,-0.23324287677809916,0.18079380417240962,-0.00019689468895615396,-0.06605785975836298,-0.2627109589403553,0.015925505207999846,-0.2840757038653232,-0.22431079695736178,0.059764906907961435,0.0010359451627741502,0.022888084474472492,1759775517.9225152,1759775519.810783,good
be176f54-cf2a-4d98-8798-4c27e5917335,5be1e58c-349b-43cc-85c8-65af84fc7ba6,0.008434627453486125,0.009458603550936086,0.00018072128295898438,0.024110734462738037,0.023930013179779053,-0.0005060011208123705,0.0032129287719726562,-0.02725513256793106,0.006591030616359802,-0.03886654084589041,-0.016142024196028504,0.022724516649861908,0.0005725436145784489,0.00660013027393154,0.022863787785172462,0.00016492288527015614,0.022656988352537155,0.023262936621904373,0.000605948269367218,-1.2382259954997774e-05,0.00022820383310317993,-0.002323822697781625,0.014892337352718294,-0.025384821705583753,0.02332737509076015,0.04871219679634391,0.001257313773136964,0.01218756865091945,-0.3453930263632909,0.08946388616869277,-0.5593540036769912,-0.22597325871630466,0.3333807449606865,0.005022011671151125,0.03870591941670287,-0.2416351544579375,0.008138727559108513,-0.2607011404716446,-0.22949002930152196,0.031211111170122652,0.00035130099836374305,0.006584987570746048,1759775519.8757818,1759775521.7342374,good
be176f54-cf2a-4d98-8798-4c27e5917335,5be1e58c-349b-43cc-85c8-65af84fc7ba6,0.005782608191172282,0.003312538599945463,0.0002484917640686035,0.0133170485496521,0.013068556785583496,-2.2005424881405775e-05,0.0005855560302734375,-0.06309590367835519,0.02275053303683369,-0.11598325333996236,-0.03469724340495911,0.08128600993500325,0.0002888072532482681,-0.015458658060678754,0.021626168737808864,0.0007709223201181046,0.020670153200626373,0.023056309670209885,0.0023861564695835114,-2.323743183832943e-05,-0.001230711117386818,-0.05875463244951096,0.03530315006540045,-0.13965302461653972,-0.015869960089502953,0.12378306452703677,0.00040328566140068685,-0.023019780476140624,-0.5396459634156477,0.1132798966110352,-0.7583677332555961,-0.33609648629925976,0.4222712469563364,0.0038979410965550455,-0.004301534827500397,-0.23839038997844467,0.011581416459505244,-0.25013495852378115,-0.21175361958999722,0.038381338933783926,0.00013235467165723046,0.02578752431972084,1759775521.7982378,1759775523.6626456,good
be176f54-cf2a-4d98-8798-4c27e5917335,5be1e58c-349b-43cc-85c8-65af84fc7ba6,0.004959229628245036,0.0009156964526808883,0.0032004117965698242,0.006540119647979736,0.003339707851409912,-1.0452042432197337e-05,-0.001131296157836914,-0.05128019883787952,0.004003925414722658,-0.05654264303084101,-0.04326572959455214,0.013276913436288867,0.0003236279956337113,0.004467826089000822,0.021175702723364036,0.0002876233946951118,0.02049923688173294,0.021699193865060806,0.0011999569833278656,-2.2939136365762142e-05,-0.00036654993891716003,-0.045983392674892036,0.00863904677557561,-0.05686520651930346,-0.028370873696362747,0.028494332822940716,0.0007350258109267379,0.012459349716420813,-0.47516635389672796,0.033631311157003435,-0.5270931000200778,-0.3936726571972013,0.13342044282287652,-0.0004542047479720412,0.046195258231660374,-0.24313173288811457,0.010199344616808182,-0.25918435845832444,-0.22442421312975036,0.03476014532857408,-0.0009596534697628187,-0.027923316509869678,1759775523.724283,1759775525.510821,good
be176f54-cf2a-4d98-8798-4c27e5917335,5be1e58c-349b-43cc-85c8-65af84fc7ba6,0.007377258936564128,0.0013653987338734896,0.005197048187255859,0.00905454158782959,0.0038574934005737305,9.846682012810455e-05,0.0009765028953552246,-0.05617213610810382,0.004308259031845069,-0.06773750101222169,-0.046613601750463605,0.021123899261758082,-0.0002935516671073264,-0.016781661319040124,0.021481213656564555,0.0007970661438863995,0.020430253818631172,0.02313956245779991,0.0027093086391687393,-6.847803639424126e-05,-0.0011183712631464005,-0.05697879823066955,0.008215245877951848,-0.07794703432844706,-0.036667541858428826,0.041279492470018234,-0.0005183026544923867,-0.03652887520109836,-0.5183937420981477,0.04026303822067761,-0.5853087531827872,-0.4246483259878866,0.1606604271949006,0.0019080305047604455,0.005266891266703322,-0.2700276613543683,0.01572914565264849,-0.29641417279913507,-0.24107552316949005,0.05533864962964502,0.0002963403442289496,-0.012871142642333466,1759775525.5708206,1759775527.6314414,good
be176f54-cf2a-4d98-8798-4c27e5917335,5be1e58c-349b-43cc-85c8-65af84fc7ba6,0.004707453648249308,0.0008555620492721039,0.0031809210777282715,0.0059664249420166016,0.00278550386428833,-8.536123725543165e-05,-0.0018964409828186035,-0.052865522694949006,0.0031331314476232847,-0.061184689415020484,-0.04743361252699754,0.013751076888022941,0.00015864001504999815,0.004961556908123027,0.021226733364164828,0.0005921653725557292,0.02004842273890972,0.02226068824529648,0.002212265506386757,2.0862512033561182e-05,0.0007805060595273972,-0.04280354738490685,0.009290984731883743,-0.06856262163024435,-0.027547141350459225,0.04101548027978512,0.00048709485578098165,0.01649264385755675,-0.4967106094377359,0.0317920704618469,-0.5400730299331227,-0.41670546679996406,0.12336756313315861,-0.000482190653028075,-0.025175112431934044,-0.2636587485832093,0.01670942476258265,-0.29012084957058487,-0.23683133707802778,0.05328951249255709,0.0016104753796800184,0.01833104815467998,1759775527.6944401,1759775529.6552773,good
be176f54-cf2a-4d98-8798-4c27e5917335,5be1e58c-349b-43cc-85c8-65af84fc7ba6,0.006384370724360148,0.001192141342617421,0.0038613080978393555,0.009184420108795166,0.0053231120109558105,0.00010672693655673866,0.0053231120109558105,-0.04827834689113841,0.0046389398713740145,-0.05624232940777738,-0.03922053843387087,0.017021790973906513,0.00044975670308893846,0.017021790973906513,0.021121378305057684,0.0009700139295590393,0.020294617861509323,0.022791169583797455,0.0024965517222881317,8.232213755669663e-05,0.0016715973615646362,-0.037873923040878096,0.007682050759304748,-0.05253292483397941,-0.02232907764672334,0.030203847187256067,0.0003948898291348045,0.024825212851432136,-0.5003853439968997,0.035134098419831804,-0.5693616928766999,-0.43194706120119936,0.13741463167550055,0.000594533909271383,0.06768187202891779,-0.2479979185433462,0.005986798825111667,-0.2596705187927766,-0.2350032977601468,0.024667221032629777,-0.0003206503100240219,-0.00158575561253968,1759775529.7252765,1759775532.0420392,good
be176f54-cf2a-4d98-8798-4c27e5917335,5be1e58c-349b-43cc-85c8-65af84fc7ba6,0.004719314972559611,0.002877897016843783,0.00042551755905151367,0.009794175624847412,0.009368658065795898,-0.0002667417383034848,-0.006740450859069824,-0.030639326158407972,0.002432132653567172,-0.034877660594456905,-0.02657382220681902,0.008303838387637884,0.00016925453048429096,0.005083911892152425,0.022987213668723902,0.00022305009747595835,0.022531677037477493,0.023332279175519943,0.00080060213804245,-8.103822889396957e-06,-0.00017459876835346222,-0.012968452715532142,0.005010822644136067,-0.024505191422853147,-0.006204813327092447,0.0183003780957607,0.00040651190083880283,0.011036104375160042,-0.2326370005145103,0.04062174070287083,-0.3533613071475361,-0.1640281742070306,0.1893331329405055,0.0007610295297738401,0.03024344111842736,-0.24758369464632476,0.009728041739902738,-0.2640362449678519,-0.23146780345373616,0.032568441514115726,0.0006260806675420423,0.0035514235441056474,1759775532.1550405,1759775534.3131607,good
be176f54-cf2a-4d98-8798-4c27e5917335,5be1e58c-349b-43cc-85c8-65af84fc7ba6,0.0021525601545969645,0.0008938765707345716,0.0006048083305358887,0.003398001194000244,0.0027931928634643555,-4.752595909975792e-05,-0.002036154270172119,-0.03216847718920093,0.0022841537723156417,-0.03644480128172802,-0.028220209048073392,0.00822459223365463,-8.82041607749489e-05,-0.0018131978062688528,0.02320211660116911,0.0005329663904214443,0.022616636008024216,0.024130595847964287,0.001513959839940071,5.2270653333361606e-05,0.0007883794605731964,-0.009137823726120509,0.003725432877261967,-0.017309826039820408,-0.003436376333317715,0.013873449706502693,-6.529897778900251e-05,0.0010936363965384386,-0.3323142180007047,0.0493823145176023,-0.4767545320467249,-0.2558606479693355,0.2208938840773894,-0.001142141708743894,0.03601126298182317,-0.2591918239610575,0.012047611592093012,-0.28400625238897287,-0.24420068031287684,0.03980557207609603,-0.0010869927527142342,-0.017805542603121144,1759775534.3731632,1759775536.165798,good
be176f54-cf2a-4d98-8798-4c27e5917335,5be1e58c-349b-43cc-85c8-65af84fc7ba6,0.003706306219100952,0.00292871503143669,0.0003059506416320801,0.009415388107299805,0.009109437465667725,0.00022367400772977327,0.008417785167694092,-0.05397696824723316,0.020268464369060105,-0.08078573557662516,-0.027420136105435797,0.053365599471189365,-0.001940758786920071,-0.052640461799530414,0.020864868784944215,0.0020542266501903726,0.01621129922568798,0.023473965004086494,0.007262665778398514,-0.000194176042802607,-0.003542523831129074,-0.05345177023318327,0.039940440962430185,-0.12190286849603917,-0.00011616276085731521,0.12178670573518185,-0.0035919388651598286,-0.12079705397871164,-0.3009707822991395,0.07363578398596891,-0.46483281034261387,-0.2074191326678601,0.25741367767475376,-0.0028499257707347487,0.0190395865398372,-0.2587717858922774,0.0344747051237983,-0.34662249284434365,-0.20493956958119672,0.14168292326314694,0.0029307197296175665,0.01296018708104868,1759775536.228797,1759775537.9984303,good
be176f54-cf2a-4d98-8798-4c27e5917335,5be1e58c-349b-43cc-85c8-65af84fc7ba6,0.006226170063018799,0.0012908031511256824,0.0037914514541625977,0.008586525917053223,0.004795074462890625,-0.0001394134209604231,-0.003348052501678467,-0.0720482605279997,0.0038401378649021954,-0.07971650187638699,-0.0655239299468993,0.014192571929487682,-0.00018276333752317628,0.008118941921268108,0.02066819407045841,0.00027006283654907833,0.020286962389945984,0.02136995829641819,0.0010829959064722061,2.9629108405882314e-05,0.0010279975831508636,-0.1027169493984268,0.006345019024235623,-0.11725696282098033,-0.09272020007654538,0.024536762744434948,-0.00022526539915531104,0.01318325745708164,-0.2086982275113118,0.1024591945223433,-0.3664188323743822,0.010782965519892404,0.3772017978942746,-0.0019393340509707227,-0.01421819418614001,-0.25098277627086113,0.027973798276765577,-0.33394218246959656,-0.22775915833358062,0.10618302413601594,-0.0015135178485057715,0.011286502076432475,1759775538.0584297,1759775539.8270738,good
be176f54-cf2a-4d98-8798-4c27e5917335,5be1e58c-349b-43cc-85c8-65af84fc7ba6,0.0034744242827097573,0.00181935529993859,0.00019431114196777344,0.006988584995269775,0.006794273853302002,-0.0001115162857912804,-0.0017612576484680176,-0.024840849484215728,0.012954909917683912,-0.06480182336485296,-0.014875331846914907,0.04992649151793806,0.0007970581417131926,0.04250631678869911,0.023168752528727056,0.0008644782450190203,0.02147037535905838,0.02403132990002632,0.0025609545409679413,7.260450772170363e-05,0.0019363462924957275,-0.006557799345222825,0.02717689338958839,-0.08829193235597038,0.01759797748020046,0.10588990983617085,0.001516343319911554,0.08192251142230118,-0.2897500751356302,0.061766952770406565,-0.4291441475307569,-0.16515813541117247,0.26398601211958445,-0.00545919206853699,-0.11273797113760692,-0.24818099327217513,0.011308537551458898,-0.26885914026477437,-0.22579635766479975,0.04306278259997462,-4.471810114037115e-06,-0.015981804179417802,1759775539.8880723,1759775541.6526759,good
be176f54-cf2a-4d98-8798-4c27e5917335,5be1e58c-349b-43cc-85c8-65af84fc7ba6,0.003921343882878622,0.00018239890397012145,0.003519594669342041,0.004210770130157471,0.0006911754608154297,7.1864106896456674e-06,0.00021278858184814453,-0.026546673747521995,0.0018168721992067379,-0.03085271037663324,-0.023493022724552785,0.007359687652080456,-2.5093683236544715e-05,-0.0015600681448416712,0.023393579634527366,5.942147013264368e-05,0.023289762437343597,0.02350783534348011,0.00021807290613651276,2.793902665940222e-06,-4.372932016849518e-05,-0.013756449359352819,0.0033077368089165626,-0.022029388116996104,-0.008755408555818618,0.013273979561177486,-9.106696592913447e-05,-0.004319069423734253,-0.34994402604692953,0.04024539552052822,-0.4372574025222521,-0.2734040749957021,0.16385332752655002,-0.0026039986814188638,-0.023254027443000314,-0.26115222462469234,0.009543053191637526,-0.2805231652745789,-0.24610645431070954,0.034416710963869335,-0.0010239310446593457,-0.025220762042531875,1759775541.7136757,1759775543.482836,good
be176f54-cf2a-4d98-8798-4c27e5917335,5be1e58c-349b-43cc-85c8-65af84fc7ba6,0.003642749786376953,0.0006635319566368393,0.002413332462310791,0.004501998424530029,0.0020886659622192383,-6.203770770114309e-05,-0.0010159015655517578,-0.021882439787378135,0.003514396020650958,-0.029665028430088582,-0.017012216345038026,0.012652812085050556,0.00028821436447769294,0.005667969181730688,0.023331826863189537,0.0001580865393315145,0.023036837577819824,0.023598939180374146,0.0005621016025543213,-1.1543946566518077e-05,-0.0002735033631324768,-0.005177287173491004,0.0076713243291032475,-0.018668974286177958,0.006476600756109948,0.025145575042287906,0.0007624261262008491,0.01440905688617996,-0.3344069662885685,0.042367158888628687,-0.4281469905286074,-0.24707682950827528,0.1810701610203321,0.0006409005477744776,0.08041113645651998,-0.28263575387515194,0.03276942512560368,-0.36956919691353385,-0.24954111654251065,0.1200280803710232,-9.206716660767083e-05,0.02302284582537245,1759775543.5438354,1759775545.3040833,good
be176f54-cf2a-4d98-8798-4c27e5917335,5be1e58c-349b-43cc-85c8-65af84fc7ba6,0.00264011820157369,0.00044485664264501905,0.0017096996307373047,0.0033527612686157227,0.001643061637878418,3.541243885197284e-05,0.0003426074981689453,-0.02351497230385128,0.005785469226775813,-0.035375096078661204,-0.012482690743033667,0.022892405335627537,-0.0005685037651559555,-0.013208040344535463,0.022914896657069524,8.408740810086545e-05,0.02273566648364067,0.023033419623970985,0.00029775314033031464,1.3449748312936345e-06,-0.00012054294347763062,-0.007865602564815432,0.010841114739498803,-0.030122483377860717,0.012266909036489198,0.04238939241434991,-0.001091168531110886,-0.026370820302146034,-0.3010112727667649,0.039431498320255075,-0.35298599950319554,-0.22766606711177698,0.12531993239141856,-0.0005938468831672266,0.013679464196127311,-0.2624634026573369,0.007993318222442073,-0.2755519687747157,-0.2478573961181466,0.027694572656569105,-0.0008274158487665598,-0.027694572656569105,1759775545.3617373,1759775547.224004,good
be176f54-cf2a-4d98-8798-4c27e5917335,5be1e58c-349b-43cc-85c8-65af84fc7ba6,0.0064648846785227455,0.0027011731294672324,0.0025733113288879395,0.010759472846984863,0.008186161518096924,0.00011502549433469512,0.0019958019256591797,-0.027495947024524757,0.0025816109914232554,-0.031530866159296594,-0.02246036417230687,0.009070501986989724,-9.999783038315048e-05,-0.0017895889860638989,0.023109715556104977,0.00012855975781974705,0.022880032658576965,0.023352360352873802,0.00047232769429683685,7.622961671784669e-06,2.2592023015022278e-05,-0.013634703429459903,0.0038417542651595833,-0.019006898974269975,-0.0069225102227329655,0.01208438875153701,-4.340883576127241e-05,0.0010120109636865687,-0.33431006323761164,0.031648448350759466,-0.407066069241799,-0.2875883378800569,0.11947773136174211,0.0011772132425096383,0.0337073964229071,-0.25925153205368434,0.015055653463682284,-0.2828185684264319,-0.24035647737993665,0.04246209104649523,0.0015316762935360698,0.03838229468804563,1759775547.2896876,1759775549.1175632,good
be176f54-cf2a-4d98-8798-4c27e5917335,5be1e58c-349b-43cc-85c8-65af84fc7ba6,0.0068427046140035,0.0032028446216893864,0.0024341344833374023,0.016738474369049072,0.01430433988571167,0.00028511387885478764,0.011449217796325684,-0.017654211228622835,0.004645899982018108,-0.031528912790435126,-0.013165123729928162,0.018363789060506966,0.0003525047529321907,0.01353374776279814,0.023070259764790536,0.00027685586158248413,0.022623717784881592,0.023731641471385956,0.001107923686504364,-4.848638120562137e-06,-0.000318942591547966,0.008818340832153737,0.00876426010506876,-0.017979883039993073,0.017012937000976718,0.03499282004096979,0.0003716632876106326,0.021407330739075036,-0.24626159360562958,0.03999060022161976,-0.3161447057372409,-0.15345430821541398,0.16269039752182693,0.0017394927804484552,0.032203597531420436,-0.2649094698490554,0.009070281263163822,-0.27951834896077676,-0.24272706653371015,0.03679128242706661,-0.0007331970833454207,-0.03371693955192692,1759775549.1745641,1759775550.9754515,good
be176f54-cf2a-4d98-8798-4c27e5917335,5be1e58c-349b-43cc-85c8-65af84fc7ba6,0.013026005029678345,0.0031213362648471227,0.008365154266357422,0.017158865928649902,0.00879371166229248,-0.0003500335738974498,-0.008157193660736084,-0.014807949602200597,0.0021557887931517175,-0.018801603258461082,-0.011509812013703298,0.007291791244757784,0.00013620407779906194,0.00032779550221803677,0.022327860879401366,0.000208680972150079,0.02206139639019966,0.022617023438215256,0.0005556270480155945,1.2559706015767192e-05,8.31112265586853e-06,0.008006769501253102,0.003177926485895736,0.0028691843661946027,0.013657732081036296,0.010788547714841694,0.00011828814634456551,-0.0010488018711458606,-0.2567797911967716,0.01986937201347145,-0.2903863714248136,-0.2191757697951466,0.071210601629667,-0.0003104320944507592,0.009044841059607456,-0.264554162892522,0.007213954370779373,-0.28055884676701576,-0.25243752983259693,0.028121316934418827,-0.00033572592485453507,0.0029951745637953886,1759775551.0344539,1759775552.9164298,good
be176f54-cf2a-4d98-8798-4c27e5917335,5be1e58c-349b-43cc-85c8-65af84fc7ba6,0.007293544212977092,0.0012367760135210356,0.0054937005043029785,0.00910717248916626,0.0036134719848632812,-0.00013878771142248846,-0.003019869327545166,-0.013379075996799349,0.0021621460487228745,-0.017215164633989623,-0.007780291996789589,0.009434872637200033,0.0001313177110941239,0.004849945452831692,0.02278755127141873,0.00016195174687269793,0.022591140121221542,0.02311648614704609,0.0005253460258245468,1.5786235056013632e-05,0.000376235693693161,0.01105184256807897,0.0035513620807662437,0.004863905757116076,0.020225311807229186,0.01536140605011311,0.0001478827374054685,0.008149960503031118,-0.27683658988218,0.03456906806864218,-0.35309559022323644,-0.21304945271501696,0.14004613750821948,-0.00041973972889589777,0.047356782405028386,-0.2634223852445446,0.005794236373980504,-0.2739590450052133,-0.25451900332220573,0.01944004168300756,-0.0002159970611271344,-0.005470418809225219,1759775552.978431,1759775554.9279244,good
be176f54-cf2a-4d98-8798-4c27e5917335,5be1e58c-349b-43cc-85c8-65af84fc7ba6,0.0098956565062205,0.0024048667369057897,0.0062125325202941895,0.013876378536224365,0.007663846015930176,-4.386720190589234e-05,0.0019569993019104004,-0.012448539344105707,0.002997635063685752,-0.019374546552793075,-0.006065975069439071,0.013308571483354004,-9.980605992551858e-05,-0.008620924039891339,0.022903477028012275,0.00017145994070950357,0.022591011598706245,0.023270050063729286,0.0006790384650230408,3.798386378336006e-06,0.00027737952768802643,0.013742272475082635,0.005886433892935659,0.0014568117349794047,0.027098940196388612,0.025642128461409206,-5.7719303875427724e-05,-0.012200087606705821,-0.27864889514859953,0.03287717014235421,-0.31985377883711497,-0.2080704584452001,0.11178332039191485,-0.0011306012186762168,-0.08883546986403273,-0.26059113315612276,0.008377484842984688,-0.27779098242512834,-0.2503090650917878,0.027481917333340544,0.0007102120261370091,0.017438692259004684,1759775554.9899004,1759775556.8825097,good
be176f54-cf2a-4d98-8798-4c27e5917335,5be1e58c-349b-43cc-85c8-65af84fc7ba6,0.007011381785074869,0.0006245779110614125,0.006159961223602295,0.008389830589294434,0.0022298693656921387,-5.5065038339447254e-05,-0.0018044114112854004,-0.01707071974243892,0.0013565855181824568,-0.021439425833229747,-0.015227342387260426,0.006212083445969321,5.813998507850254e-05,3.374613102049423e-05,0.023207005485892294,7.525174643253238e-05,0.023014677688479424,0.023340750485658646,0.0003260727971792221,5.254925988009562e-06,0.00015103816986083984,0.004737699803091996,0.002770563350314226,-0.0037057220670253773,0.008606978114075488,0.012312700181100866,7.777720337011769e-05,-0.00011626001499992489,-0.2518737083285695,0.03273322183609464,-0.3123638053427387,-0.1906775852693359,0.12168622007340282,0.00273800418285152,0.038678649576912194,-0.2560505411193775,0.00362863877228313,-0.2620557628452295,-0.25077531387912116,0.011280448966108358,-0.00035682353572507203,-0.004390575785879536,1759775556.944511,1759775558.7881954,good
be176f54-cf2a-4d98-8798-4c27e5917335,5be1e58c-349b-43cc-85c8-65af84fc7ba6,0.0079062024752299,0.0015062896285407378,0.006184875965118408,0.010624885559082031,0.004440009593963623,0.00012989213920143474,0.0028047561645507812,-0.015795746905553965,0.002674151975257188,-0.024434176049271072,-0.013073012284478009,0.011361163764793063,-0.00019155346742978478,-0.007570685167892232,0.02327564302831888,7.31745984723054e-05,0.02307126671075821,0.023518478497862816,0.00044721178710460663,-3.180515282146127e-07,-0.00021031685173511505,0.007541015210937879,0.004344685825844422,-0.007146089385463161,0.012116900829520095,0.019262990214983254,-0.0002900464661399763,-0.014512901181553121,-0.24631300510491508,0.02937240052895412,-0.29054944950622835,-0.13420294571934693,0.15634650378688142,0.0019688014002045722,0.13300411943216428,-0.26844358893127834,0.014926600401323186,-0.29388811428545814,-0.2547082426660226,0.039179871619435536,-0.0012890934941655052,-0.029740205361364125,1759775558.8511598,1759775560.7803187,good
be176f54-cf2a-4d98-8798-4c27e5917335,5be1e58c-349b-43cc-85c8-65af84fc7ba6,0.010301538308461507,0.007223034148160624,0.0021721720695495605,0.03296387195587158,0.03079169988632202,0.0002529250368790844,0.023454666137695312,-0.029035947110879316,0.014998889339268651,-0.06076323324377251,-0.01762237468405829,0.043140858559714224,-0.001319918140353751,-0.0348006470967249,0.022734440738956134,0.0005154719640191228,0.022353336215019226,0.024230681359767914,0.0018773451447486877,3.35771495163507e-05,0.0012236610054969788,-0.013425968486648234,0.023209511816318883,-0.06330274048746456,0.0039127514147902,0.06721549190225476,-0.0019921017753683212,-0.052944513742308505,-0.28349722405318006,0.08513895218502929,-0.5289769165020057,-0.1172905149979557,0.41168640150405,-0.007912047950408592,-0.41168640150405,-0.26520730942573106,0.01522158433279954,-0.3045098892728772,-0.25399971017334794,0.05051017909952926,-0.0005986438579471462,-0.012297849377689518,1759775560.846319,1759775562.717362,good
be176f54-cf2a-4d98-8798-4c27e5917335,5be1e58c-349b-43cc-85c8-65af84fc7ba6,0.006618857383728027,0.007105043823632712,0.0005696415901184082,0.032063961029052734,0.031494319438934326,-0.0006258725854790914,-0.031450867652893066,-0.047462626790345,0.019968787818526984,-0.06740829100151777,-0.01199512313945712,0.055413167862060644,0.002045595451607956,0.04409137458345816,0.024592825832466286,0.0002383903434695115,0.02404344640672207,0.025087546557188034,0.0010441001504659653,-2.4813994997335356e-05,-0.0009443629533052444,-0.048007350356686594,0.035429185620923634,-0.08450436459834731,0.01725439616562918,0.1017587607639765,0.0035089339631937744,0.06830601137506961,-0.4086676139705483,0.09076117297731372,-0.5447020346769645,-0.23321841037978241,0.3114836242971821,0.0057810444381007,0.22936834729349637,-0.291496094997239,0.009276105333521458,-0.3057307060498239,-0.27335022954050947,0.032380476509314415,0.0009463690170903861,0.026825632740305527,1759775562.783361,1759775564.6317246,good
be176f54-cf2a-4d98-8798-4c27e5917335,5be1e58c-349b-43cc-85c8-65af84fc7ba6,0.005723140637079875,0.003566647250119761,0.00029915571212768555,0.0115509033203125,0.011251747608184814,0.00032683313887429586,0.008807957172393799,-0.037314619596351996,0.007455143946118185,-0.0456125002089624,-0.01296877648057738,0.032643723728385025,-0.00029092568930848706,-0.02436763665008934,0.02419888072957595,0.0008760749732869261,0.023284174501895905,0.026798339560627937,0.0035141650587320328,5.2265505885520955e-05,0.0027568116784095764,-0.01934554831943187,0.013194819228441882,-0.038914163394471124,0.016679935986644547,0.055594099381115675,7.824953127834382e-05,-0.01898866034407188,-0.3704997220255404,0.15904754174462635,-0.6058240928951736,-0.019329704197837548,0.586494388697336,0.010850638493342698,0.02538086119452615,-0.28061283095356415,0.01684107120712692,-0.32435453359333843,-0.26256709137523976,0.061787442218098676,-0.0013486484664782122,-0.04396405886875909,1759775564.6917243,1759775566.5164022,good
be176f54-cf2a-4d98-8798-4c27e5917335,5be1e58c-349b-43cc-85c8-65af84fc7ba6,0.017679611841837566,0.007511904845356872,0.006445467472076416,0.026286005973815918,0.019840538501739502,-0.00027048304030574335,-0.0023113489151000977,-0.032639602815567687,0.0034342941176451836,-0.038361864425389296,-0.021343441328830138,0.017018423096559158,0.00012009714257223856,0.015585627036674026,0.024204489402472974,0.0006780608439141252,0.02347678318619728,0.02672232687473297,0.0032455436885356903,-5.375949647256875e-05,-0.002675747498869896,-0.01030145459224536,0.00828021303132605,-0.02492359684211727,0.00786524929290705,0.03278884613502432,-0.00039700678044460964,0.012106817407690137,-0.33576697099421143,0.13295138233398318,-0.5033275152107399,-0.04533946446003713,0.4579880507507028,0.0008498488930568736,-0.13588377669635918,-0.28882135828866246,0.011570328323411082,-0.323990869096761,-0.2713214818276712,0.05266938726908982,0.0009773310254593643,0.03895144635088882,1759775566.5819218,1759775568.4301097,good
be176f54-cf2a-4d98-8798-4c27e5917335,5be1e58c-349b-43cc-85c8-65af84fc7ba6,0.003788153330485026,0.0015864543450379053,0.0013548731803894043,0.007483541965484619,0.006128668785095215,-0.00015224198478214999,-0.004764556884765625,-0.025292623287344586,0.002852615159734783,-0.02944123298035686,-0.01784000691824435,0.011601226062112509,0.00016733089185044323,0.009503712050179969,0.02441274138788382,0.0002810243372144884,0.02394014038145542,0.02484014630317688,0.0009000059217214584,-1.4267400222042113e-05,-7.334910333156586e-05,0.0023249912483590917,0.004245460446990949,-0.005557969787209262,0.012736513529054035,0.018294483316263297,4.751475236840441e-05,0.012144777642326979,-0.49787465903778044,0.034783546586284804,-0.55261577013638,-0.4273004465698594,0.1253153235665206,0.001486045925218675,0.004855369899934903,-0.3011141740272405,0.029610929289178425,-0.37870748199441534,-0.26586842588753357,0.11283905610688177,0.0020233459116567724,0.02974227616226449,1759775568.4901106,1759775570.3074727,good
be176f54-cf2a-4d98-8798-4c27e5917335,5be1e58c-349b-43cc-85c8-65af84fc7ba6,0.004560178518295288,0.002547261813659352,0.0011144280433654785,0.0074814558029174805,0.006367027759552002,0.000256041756461274,0.004338860511779785,-0.015961245521028764,0.002961678242068245,-0.022819649327722673,-0.009689137519723317,0.013130511807999356,-2.495133328833031e-05,0.00195498544259249,0.02407273221760988,7.09154850197903e-05,0.0238451287150383,0.024184443056583405,0.000339314341545105,1.1870154781521892e-06,9.207800030708313e-05,0.013454398906399106,0.005881629228749239,0.0025186317185095673,0.025613536178191648,0.02309490445968208,-0.00019446684976506007,-0.0010076073825427342,-0.4437517048110557,0.04343130120666704,-0.5263163025611282,-0.3088224191491776,0.21749388341195058,0.0006304267768857094,0.02953251138013413,-0.27735262042325304,0.007207769839031573,-0.291528994182825,-0.26731288916171836,0.02421610502110666,-0.0007081036258569135,-0.02126441727621875,1759775570.3681135,1759775572.2549138,good
be176f54-cf2a-4d98-8798-4c27e5917335,5be1e58c-349b-43cc-85c8-65af84fc7ba6,0.005673430363337199,0.0005247792810550157,0.004557967185974121,0.006458699703216553,0.0019007325172424316,-4.2153611464282956e-05,-0.0016556382179260254,-0.01435856811461414,0.003434718119438703,-0.021871558175668836,-0.008851209635701454,0.013020348539967383,0.0002558436610793636,0.01132327514463532,0.02422822155058384,9.104094104109642e-05,0.02410663291811943,0.024435151368379593,0.00032851845026016235,7.277176828352575e-06,0.00027297064661979675,0.014626988690394199,0.006161436972010033,-0.0007267613618025496,0.023917460134500877,0.024644221496303426,0.00044078355069869025,0.019836168538436248,-0.3121515590084915,0.07803312130998284,-0.4636350655615328,-0.16791188773462082,0.29572317782691193,0.006957219876039672,0.20355036626968875,-0.28709947672052716,0.004197257870725129,-0.2953982060189464,-0.280241058475,0.01515714754394637,0.0001359499307270266,-0.0037911585714157647,1759775572.3219173,1759775574.1923,good
be176f54-cf2a-4d98-8798-4c27e5917335,5be1e58c-349b-43cc-85c8-65af84fc7ba6,0.01004040241241455,0.003928248575487703,0.004711747169494629,0.016226112842559814,0.011514365673065186,0.00030954533875054855,0.006440639495849609,-0.014453810563371552,0.0032783240096599395,-0.02138439471737397,-0.00860471469264856,0.01277968002472541,1.9709972081239492e-05,0.00011440679348964124,0.02429868554075559,0.00012094895750802737,0.024103734642267227,0.024624673649668694,0.0005209390074014664,-1.7264205237251766e-06,0.00022420845925807953,0.013828247013939282,0.005735221132899777,0.00047929211582203196,0.024189605056581902,0.02371031294075987,8.178181851547199e-05,0.0023278828742371097,-0.31783630330907614,0.06515914460415487,-0.45414853366543134,-0.21391749685013528,0.24023103681529606,0.0041601685928540355,0.06553878242746203,-0.2776088475213234,0.010996025331594678,-0.30170713990043774,-0.2623461528484098,0.03936098705202795,0.0008689339981708128,0.020285724912236403,1759775574.2582986,1759775576.1459405,good
be176f54-cf2a-4d98-8798-4c27e5917335,5be1e58c-349b-43cc-85c8-65af84fc7ba6,0.008283648888270061,0.0005844081395830438,0.007522225379943848,0.0098954439163208,0.002373218536376953,-3.830075131374948e-05,-0.0023508071899414062,-0.011456050587607475,0.0024857566429186827,-0.017408312399860418,-0.006614737004417055,0.010793575395443362,0.0002467402024457496,0.00411780259629024,0.024389622795085112,0.00015784670712340983,0.024140799418091774,0.024659864604473114,0.00051906518638134,-1.3657011613829913e-05,-0.00038108229637145996,0.02073361978360598,0.004268155767086776,0.01153692416614919,0.029084620427723612,0.017547696261574423,0.00043455107853954936,0.009333342504347052,-0.26578896409517166,0.03574033437191983,-0.34300583171309873,-0.20430338945813342,0.1387024422549653,0.0012447704962980596,-0.04796788496314652,-0.2782903003099166,0.0036150381112875483,-0.28503719265259486,-0.26951526556543237,0.01552192708716249,-0.0002669709052526617,-0.012020202764665311,1759775576.2119393,1759775578.1252723,good
be176f54-cf2a-4d98-8798-4c27e5917335,5be1e58c-349b-43cc-85c8-65af84fc7ba6,0.00801073710123698,0.0005283874414452477,0.007075846195220947,0.008799433708190918,0.0017235875129699707,9.895140124905493e-06,-0.0004725456237792969,-0.010996014258719771,0.0023986733352628713,-0.013775686214230105,-0.005166819175242298,0.008608867038987807,-0.00019128453174679043,-0.006090940897784971,0.02425597080339988,0.00013440137740350285,0.02401304617524147,0.024459470063447952,0.00044642388820648193,1.0817326000322887e-05,7.94343650341034e-05,0.020021664621290413,0.006236640196385418,0.012916898328346279,0.03325684035616163,0.020339942027815354,-0.000577489338481571,-0.015961539355511485,-0.2534550492054399,0.01612873514759334,-0.2779718134446729,-0.2174061816324835,0.060565631812189435,-0.00031070357740430683,0.0038363476985370237,-0.28480617091830396,0.006644767214210419,-0.29641162412110383,-0.2739843724931484,0.022427251627955447,-0.0006677818171319617,-0.013257267364060854,1759775578.1872692,1759775580.0276291,good
be176f54-cf2a-4d98-8798-4c27e5917335,5be1e58c-349b-43cc-85c8-65af84fc7ba6,0.007420885562896729,0.00038268690748704805,0.006801426410675049,0.008899509906768799,0.00209808349609375,-5.643704576672647e-06,0.0015793442726135254,-0.01017570037322457,0.001928176654657628,-0.013076009695317154,-0.0028316340589069305,0.010244375636410223,-8.334389043664224e-05,-0.00013596120851271098,0.024329705722630025,9.555052349673232e-05,0.024157002568244934,0.024600369855761528,0.00044336728751659393,-1.6834131039024328e-06,0.0003163982182741165,0.020275287332896703,0.003955291258488375,0.01597006678708567,0.034790091571748984,0.018820024784663315,-0.00010933511594869931,0.0026901116514196285,-0.24964813270963612,0.022212071572874127,-0.28761372341255764,-0.1980216055168717,0.08959211789568594,-0.000715787137519723,-0.039606836986064875,-0.30307425079637546,0.00788157354844211,-0.32381373597359236,-0.2927491737902639,0.03106456218332848,-0.0006484985092253232,-0.0232445808140872,1759775580.089631,1759775581.933282,good
be176f54-cf2a-4d98-8798-4c27e5917335,5be1e58c-349b-43cc-85c8-65af84fc7ba6,0.012280946969985962,0.0012750508322469586,0.009764909744262695,0.014380216598510742,0.004615306854248047,-7.565502860522243e-05,2.6702880859375e-05,-0.01002816826077213,0.003050988240766545,-0.017130496197477127,-0.004692453650867381,0.012438042546609747,-0.00020343170485026578,0.002479464981896046,0.02470020925005277,0.00015881031782697614,0.02447967603802681,0.024948613718152046,0.0004689376801252365,-1.6298638169837077e-06,-0.00025380589067935944,0.02155193435277815,0.005681326313680263,0.008279397469676902,0.031227492431798263,0.02294809496212136,-0.00040558303575798164,3.1117605941898e-05,-0.24157667404346617,0.0349094795816215,-0.30864632356269056,-0.1672063544156337,0.14143996914705687,0.0003826446952735213,0.02356631602495607,-0.29422524598178146,0.007768746369745281,-0.31507591192836376,-0.2780606644193051,0.03701524750905866,0.0005942220504012689,0.03701524750905866,1759775581.9962823,1759775583.9114194,good
be176f54-cf2a-4d98-8798-4c27e5917335,5be1e58c-349b-43cc-85c8-65af84fc7ba6,0.008756754795710246,0.00030650756860463725,0.008181512355804443,0.009307026863098145,0.0011255145072937012,-1.2369349482857743e-05,-0.0005445480346679688,-0.012668856899163396,0.00310170438734808,-0.017362340874069026,-0.005822544894772269,0.011539795979296757,-6.511055462541693e-05,-0.0035121908916889086,0.02442359526952108,6.956511955039975e-05,0.024255838245153427,0.02454463019967079,0.0002887919545173645,5.836912469153144e-07,-0.00019552558660507202,0.014970196065786761,0.004760363798256464,0.007545093277164312,0.026499493624553224,0.018954400347388912,-3.925844306327905e-05,-0.0026695469881792833,-0.2343528340160132,0.031367764986549806,-0.29578311793615825,-0.18314089871204442,0.11264221922411383,0.00047631521805701195,0.05258813409065535,-0.2748198503907606,0.002565890555794259,-0.27935284418112544,-0.27000875334922425,0.009344090831901186,-0.00014987155290725952,0.0019081633834869272,1759775583.9754198,1759775585.818908,good
be176f54-cf2a-4d98-8798-4c27e5917335,5be1e58c-349b-43cc-85c8-65af84fc7ba6,0.008429121971130372,0.00024242880472210722,0.00788789987564087,0.008798718452453613,0.0009108185768127441,-1.039075374072863e-05,-0.0004655122756958008,-0.016376630532045237,0.004500428015725963,-0.02625909406870872,-0.008852354713999555,0.017406739354709162,0.0001789650312150856,0.007380972636915737,0.024585811235010625,0.0001461598231628039,0.024272695183753967,0.024813594296574593,0.0005408991128206253,-6.764762940608354e-06,-0.00018548965454101562,0.008614749625028763,0.007706617066466002,-0.007737644118335913,0.02300652064948483,0.030744164767820742,0.00027289220041428055,0.012324991578284568,-0.2905366563860906,0.05497099035592236,-0.40155466115205246,-0.2065298021085073,0.19502485904354516,0.0002159266346451953,0.019560214601377468,-0.28058481673420455,0.003711503982020572,-0.284921387094552,-0.2706005245295944,0.014320862564957626,0.0002275017271371476,0.0007947096686047317,1759775585.877909,1759775587.6212614,good
be176f54-cf2a-4d98-8798-4c27e5917335,5be1e58c-349b-43cc-85c8-65af84fc7ba6,0.008166146278381348,0.0001955847868104235,0.007846534252166748,0.00852733850479126,0.0006808042526245117,1.6747406778134015e-05,0.0002751946449279785,-0.01685190650592972,0.0031837938793254175,-0.024543362632872313,-0.011982830387139275,0.012560532245733037,-0.0002724800610906768,-0.006973829944394019,0.02439812452842792,8.640073733346596e-05,0.024243326857686043,0.024616220965981483,0.0003728941082954407,1.1249187426254136e-06,0.00018675066530704498,0.007229871124101045,0.00672746026172494,-0.009219185477123783,0.018306610575881427,0.02752579605300521,-0.0006242366636359882,-0.015470946776510454,-0.2820843751060508,0.0567555137477607,-0.3987131109609348,-0.20591087457797044,0.19280223638296437,-0.002403016153416708,-0.14586653582004114,-0.28244017469473254,0.005742654539723295,-0.2940881855109076,-0.27488899390184884,0.019199191609058752,-0.0006234611495861387,-0.017617577598319833,1759775587.740262,1759775589.5635822,good
be176f54-cf2a-4d98-8798-4c27e5917335,5be1e58c-349b-43cc-85c8-65af84fc7ba6,0.008263933658599853,0.00019505231113093035,0.007935047149658203,0.008590281009674072,0.0006552338600158691,-2.5817629227516252e-06,0.00018078088760375977,-0.017465925555015836,0.0030389578807012824,-0.022155571272371263,-0.010735772762960755,0.011419798509410509,3.386923274422555e-05,0.007984698330202551,0.024404188431799412,0.00010578511172364163,0.024212734773755074,0.024548282846808434,0.00033554807305336,-8.728410282044841e-06,-4.9622729420661926e-05,0.0061219204890669374,0.005301012243626432,-0.002297992949367599,0.017902519603708734,0.02020051255307633,4.4310452238477434e-05,0.01407272130947548,-0.32205212648975295,0.06504146450404441,-0.45665426938567416,-0.22915172995666191,0.22750253942901225,0.0028508192427513356,0.11139083200859501,-0.29197045176655906,0.00350819568075866,-0.2974518033425889,-0.2861264339261806,0.011325369416408326,0.0003102796143744153,0.0013444276614600348,1759775589.6255827,1759775591.4957259,good
be176f54-cf2a-4d98-8798-4c27e5917335,5be1e58c-349b-43cc-85c8-65af84fc7ba6,0.00920276641845703,0.00038293186671864817,0.008257269859313965,0.009811639785766602,0.0015543699264526367,-2.691557463072033e-07,0.001223742961883545,-0.011175016939731674,0.002007942776360841,-0.015724575798823883,-0.007095871962260155,0.008628703836563728,-0.00012248506876022094,-0.0037525226191961417,0.0245348226899902,4.551501653181934e-05,0.024453412741422653,0.024618681520223618,0.00016526877880096436,1.8212140368937916e-06,-7.50422477722168e-05,0.01724383956799113,0.004224980410294016,0.007555689637515951,0.022491868955657326,0.014936179318141375,-0.0003435149235862465,-0.008081654231976746,-0.23502936221152443,0.0188399261516034,-0.2699470584144009,-0.20216365494308652,0.0677834034713144,0.0004960808818982189,-0.0019896936696706946,-0.29123422363927864,0.020272937164538783,-0.3249842163594227,-0.26954298243902175,0.055441233920400956,0.0017612432932953052,0.014512491294428775,1759775591.5627244,1759775593.4445446,good
be176f54-cf2a-4d98-8798-4c27e5917335,5be1e58c-349b-43cc-85c8-65af84fc7ba6,0.01188616156578064,0.0011970657013933657,0.00955343246459961,0.014277815818786621,0.004724383354187012,-7.041812075656301e-05,0.0008707642555236816,-0.015859398664793186,0.003996017796974799,-0.023790103185362947,-0.007671374843376136,0.016118728341986813,-0.00024440939905397683,-0.009097175575580773,0.02451616736749808,0.00011675228216030361,0.024286987259984016,0.02477823942899704,0.0004912521690130234,7.207137226925809e-06,0.00036176666617393494,0.009795354413108703,0.006190210295745121,-0.0025629253792702885,0.02266766412582319,0.02523058950509348,-0.00034677031229807297,-0.011472095023796163,-0.2441881383115048,0.03656640402397036,-0.3189299618370166,-0.1868207502507029,0.1321092115863137,-0.0013109847011741795,-0.09565176239615536,-0.2818678265648584,0.009991103169719203,-0.31813703353621653,-0.27415162948894617,0.04398540404727036,-0.0007184782196514497,-0.042375435993434296,1759775593.5075438,1759775595.3427725,good
be176f54-cf2a-4d98-8798-4c27e5917335,5be1e58c-349b-43cc-85c8-65af84fc7ba6,0.006680283943812052,0.0034144279484234516,0.00034749507904052734,0.010327398777008057,0.00997990369796753,-0.0003494500716085296,-0.008699655532836914,-0.026329848681273513,0.013746870058485239,-0.049327706747149855,-0.013243965738629737,0.03608374100852012,-0.0013935779261261055,-0.030031833809190993,0.023661208587388197,0.0015740619021426786,0.019693687558174133,0.02487800642848015,0.005184318870306015,-0.00012068894792252839,-0.0034833140671253204,-0.00560679613621134,0.021822317636134594,-0.05133058632817431,0.015109458915223707,0.06644004524339801,-0.002143459558974048,-0.054908686201322,-0.3667587974184608,0.12484595501284418,-0.5684766028308726,-0.22027379149745344,0.34820281133341924,-0.012081294534834995,-0.1685642338676066,-0.2783239428599284,0.04863091001102466,-0.32326019496369024,-0.15308448494307653,0.1701757100206137,0.00427603046265519,0.07519364795460798,1759775595.4047709,1759775597.234379,good
be176f54-cf2a-4d98-8798-4c27e5917335,5be1e58c-349b-43cc-85c8-65af84fc7ba6,0.0015264511108398437,0.0008974290110326663,3.528594970703125e-05,0.0027616024017333984,0.002726316452026367,6.185585717868485e-05,0.0013924837112426758,-0.02006519379253776,0.012338191961151124,-0.05590463234615812,-0.005801529340124775,0.050103103006033343,0.0010302057260499623,0.04279194646652827,0.02298054825514555,0.000573651555577121,0.021461686119437218,0.023637160658836365,0.002175474539399147,6.0640527007974955e-05,0.002032773569226265,0.0006310358914941801,0.02393780068090838,-0.07005267974021512,0.024615992468406966,0.09466867220862209,0.002047687627936347,0.08371962274839734,-0.30987042712674245,0.05775418950290581,-0.466543257091614,-0.20358668676792557,0.2629565703236884,0.005802166702816432,0.2629565703236884,-0.28142416543657667,0.017997017224710858,-0.338970087055654,-0.2613943808961321,0.07757570615952192,-0.0012014987046747693,-0.03411023243061706,1759775597.2953782,1759775599.1778386,good
be176f54-cf2a-4d98-8798-4c27e5917335,5be1e58c-349b-43cc-85c8-65af84fc7ba6,0.0055550316969553626,0.003984201635960364,0.00037020444869995117,0.010960102081298828,0.010589897632598877,0.0004046107425838211,0.005836427211761475,-0.0106429001772301,0.001905849700295265,-0.016823648892359634,-0.007057545518047258,0.009766103374312376,-8.102075936167413e-05,0.000524681611944397,0.02350859281917413,0.00017209694212512816,0.02322813682258129,0.023782284930348396,0.0005541481077671051,1.3421344113959884e-05,0.00012282095849514008,0.017179720703543275,0.0028713057895058723,0.007325445881203995,0.023694292677787374,0.01636884679658338,-6.149973766786318e-05,0.0015704096583893674,-0.24351546549201686,0.02858993233097686,-0.2911929979943187,-0.16389930962132654,0.12729368837299215,0.00023127915327106924,-0.03744385281562823,-0.2719935151270407,0.007252990302663725,-0.29962805579648316,-0.26062245003743123,0.03900560575905193,0.0003872222267138504,0.03683891084777474,1759775599.2458403,1759775601.0563276,good
be176f54-cf2a-4d98-8798-4c27e5917335,5be1e58c-349b-43cc-85c8-65af84fc7ba6,0.0029514968395233155,0.001188465848397483,0.0019939541816711426,0.006905734539031982,0.00491178035736084,-8.596277343020159e-05,-0.004207313060760498,-0.01129523668952285,0.0025532757482072204,-0.015347272499599728,-0.004710572830996149,0.010636699668603578,0.00013024759522730308,0.005204953404016356,0.02380417219052712,0.00016636852507968578,0.023589834570884705,0.024311944842338562,0.0007221102714538574,1.5917903141795064e-05,0.0007221102714538574,0.016607414427603485,0.0043988365066381565,0.009485827597599802,0.028534767835628586,0.019048940238028784,0.0002165775588427107,0.009276322611426586,-0.266204295511549,0.02224598457602639,-0.30729998435994066,-0.23354641467646348,0.07375356968347718,-0.000586883649182894,-0.03760005465525812,-0.26849239080582993,0.002366415783525312,-0.27312945030605645,-0.26284808312818,0.010281367177876477,5.069820984122683e-06,-0.006680403704539262,1759775601.1164184,1759775602.960647,good
be176f54-cf2a-4d98-8798-4c27e5917335,5be1e58c-349b-43cc-85c8-65af84fc7ba6,0.0032481650511423745,0.000735777484800398,0.0020441412925720215,0.004521787166595459,0.0024776458740234375,4.775658067527151e-05,0.0013949275016784668,-0.008325498575914548,0.0028459768665420396,-0.016442674606826864,-0.003885813347402443,0.012556861259424422,-0.00013868709875743948,-0.007294687619276507,0.02448777506748835,7.889123865560762e-05,0.0243503600358963,0.024647582322359085,0.0002972222864627838,2.763919258807207e-06,0.00019756704568862915,0.022196723810004496,0.005547103462055646,0.00930583872352676,0.03379106925882454,0.02448523053529778,-0.00010464587569781232,-0.010874352100840107,-0.2756438881511289,0.022313041216456685,-0.3069318505661281,-0.21915241490793608,0.08777943565819202,0.0016016268978845307,0.060367426033621385,-0.2544287801199011,0.01116876392130617,-0.26956830992695685,-0.23756933866043825,0.0319989712665186,0.0008748696680194579,0.029862223322108056,1759775603.0206463,1759775604.8479517,good
be176f54-cf2a-4d98-8798-4c27e5917335,5be1e58c-349b-43cc-85c8-65af84fc7ba6,0.0039329012235005695,0.00018433193053834747,0.003537118434906006,0.004395842552185059,0.0008587241172790527,5.479994021745625e-06,0.00017023086547851562,-0.013369961398071624,0.0020797299241523677,-0.016817485676813973,-0.010385345124968493,0.00643214055184548,-2.9666429007098872e-05,0.004004338808457858,0.024435558853050075,0.00010077297797791579,0.024247031658887863,0.02462643012404442,0.0003793984651565552,-4.683381922385584e-08,5.105510354042053e-05,0.015041708411545394,0.002907790771616563,0.009754424281788788,0.020828911214012216,0.011074486932223428,9.47533040810624e-05,0.01006235887914189,-0.29553023216891494,0.04648833768637523,-0.3602377166457377,-0.20064059205141982,0.1595971245943179,-0.0015693935374340206,-0.07302262945677584,-0.24659599164355306,0.004094344915692095,-0.25205029006423085,-0.23657455776638397,0.015475732297846878,-0.00039532306800785737,-0.013839003124683114,1759775604.9125938,1759775606.841856,good
be176f54-cf2a-4d98-8798-4c27e5917335,5be1e58c-349b-43cc-85c8-65af84fc7ba6,0.00443765918413798,0.0007029730148959337,0.003778815269470215,0.007646679878234863,0.0038678646087646484,2.0483908584306184e-05,0.0033623576164245605,-0.008706713103364763,0.0016184161379116063,-0.011572252459723256,-0.002862180706447438,0.008710071753275818,7.771326404667165e-05,0.0015145681218789071,0.02429820317775011,0.00014892232213578328,0.024031592532992363,0.02448376826941967,0.00045217573642730713,8.196742983495566e-06,3.91155481338501e-08,0.021663072235229057,0.0026409364286812693,0.015320794582743859,0.029911861618282982,0.014591067035539123,-3.258207939195919e-05,-0.004139257194495028,-0.2622059780638256,0.02570897114878299,-0.3095185703936488,-0.2232586690726351,0.08625990132101366,-0.0009037688578806243,-0.018802265970190135,-0.25742125733278015,0.01160036996623059,-0.295044258357363,-0.24635956989768348,0.04868468845967949,-0.0010692884415683895,-0.045910452422714076,1759775606.9055462,1759775608.7715118,good
be176f54-cf2a-4d98-8798-4c27e5917335,5be1e58c-349b-43cc-85c8-65af84fc7ba6,0.007976669073104858,0.001137466041732553,0.006466090679168701,0.010393500328063965,0.003927409648895264,-0.00012172654155098954,-0.0017292499542236328,-0.01769413516932416,0.002739760951063042,-0.02227506356065541,-0.009762422530801756,0.012512641029853652,0.00014686139037553068,0.007219112451601867,0.024550590043266613,0.00010446627649069462,0.024382319301366806,0.02477922849357128,0.0003969091922044754,-6.912879073977868e-06,6.166473031044006e-05,0.004442755304936172,0.004932394872104205,-0.004447048999311403,0.017999988328233633,0.022447037327545036,0.00024349397174320409,0.014344274789331198,-0.2646760495690543,0.029162298895940384,-0.325939999305057,-0.19842625475247325,0.12751374455258377,0.0002438784785443817,0.04049291029171698,-0.2934027610323826,0.002774708922257985,-0.2993894358158117,-0.2888700858267716,0.010519349989040083,5.498950040728325e-05,-0.003155581987384304,1759775608.831515,1759775610.6910033,good
be176f54-cf2a-4d98-8798-4c27e5917335,5be1e58c-349b-43cc-85c8-65af84fc7ba6,0.006221677859624227,0.0008495432865216954,0.004457354545593262,0.007734477519989014,0.003277122974395752,-6.491481528531456e-05,0.0008002519607543945,-0.009731301098860636,0.0036277834423824786,-0.01661457106663585,-0.003491569625121095,0.013123001441514756,0.00023795555704685705,0.0023669778784943963,0.024297223053872587,9.71251382665562e-05,0.024145040661096573,0.024481818079948425,0.0003367774188518524,-9.236907020824505e-06,-0.00019974075257778168,0.02127581230643181,0.005833030603567468,0.011110174074337021,0.030919113144572546,0.019808939070235523,0.0002652540664199842,0.003487218477163727,-0.25513234319685235,0.03305040076162643,-0.33234218324744386,-0.2027258197718296,0.12961636347561425,0.00047449573251536934,-0.0031026204728337725,-0.3256602532071995,0.01253077221249571,-0.3604694605878743,-0.31229498561156643,0.04817447497630789,0.0010874028375609688,0.03322711549280494,1759775610.7540033,1759775612.6378746,good
be176f54-cf2a-4d98-8798-4c27e5917335,5be1e58c-349b-43cc-85c8-65af84fc7ba6,0.006697078545888265,0.00097258474106478,0.00541919469833374,0.008533596992492676,0.0031144022941589355,-0.00010592247938552873,-0.0022544264793395996,-0.006451992189986613,0.0017486397665221502,-0.011512539994354656,-0.0023853566316089517,0.009127183362745706,3.6594703409128443e-06,0.0011395549792509565,0.024396204948425294,0.00012693569013493895,0.02412301115691662,0.024630695581436157,0.0005076844245195389,-6.410179533337857e-06,-9.441375732421875e-05,0.022365177144166668,0.0032460580719733804,0.013362427954327391,0.029767141274709027,0.016404713320381636,3.5968760730819116e-05,-0.0005933760901972555,-0.2729590454056547,0.03539200609439379,-0.33347656418805566,-0.21539403741156177,0.11808252677649389,-0.0035129294099434465,-0.05488235056276233,-0.295830228184219,0.005650865824235373,-0.30424052586345435,-0.2880388982038452,0.01620162765960914,0.0005250333444569889,0.01568870620582935,1759775612.6978867,1759775614.5299969,good
be176f54-cf2a-4d98-8798-4c27e5917335,5be1e58c-349b-43cc-85c8-65af84fc7ba6,0.005644639333089192,0.000268425360359105,0.005129218101501465,0.006070137023925781,0.0009409189224243164,-1.8260105035461494e-05,-0.0001461505889892578,-0.01139918846910052,0.004020428442859791,-0.024860751394087024,-0.0070913590066147,0.017769392387472323,-0.00017845384812298186,-0.017769392387472323,0.02442148377497991,9.252863534928568e-05,0.024225816130638123,0.02462291717529297,0.0003971010446548462,-1.987209077406513e-06,2.2685155272483826e-05,0.01486019904468335,0.007151691209895713,-0.007644945444809431,0.02367527175278134,0.03132021719759077,-0.00018377017224538517,-0.02841371223038918,-0.2805721705488432,0.04044372781628034,-0.3490261967922381,-0.20066409820937256,0.14836209858286556,-0.00014474868487694367,-0.0409760246478878,-0.2948388773860151,0.002819134251329162,-0.30094922677090846,-0.2894040338743088,0.011545192896599665,-0.00012105795396044124,-0.003097599562174369,1759775614.6029944,1759775616.4038568,good
be176f54-cf2a-4d98-8798-4c27e5917335,5be1e58c-349b-43cc-85c8-65af84fc7ba6,0.005785234769185384,0.0005323830884881438,0.004913985729217529,0.006917297840118408,0.002003312110900879,4.606687187220284e-05,0.0013548731803894043,-0.01709452277690425,0.004197124997966714,-0.02199842611534369,-0.009537145215037197,0.012461280900306494,0.00042948405198454226,0.007831493589671381,0.024391437446077666,5.762495155878815e-05,0.024282459169626236,0.024514324963092804,0.000231865793466568,4.261452808263437e-06,9.16309654712677e-05,0.004220542259062776,0.008170163668517388,-0.0062127132230023726,0.018429650813985655,0.024642364036988027,0.0008362010569788127,0.01344441065370292,-0.2485283314733599,0.029570258240598005,-0.31718274201324465,-0.20288935330971844,0.1142933887035262,0.0014988302573825207,0.024453428494837726,-0.2963746258116842,0.0029729828078214286,-0.3019088040496567,-0.29189154363276376,0.010017260416892937,-0.00012275230037350995,-0.0036414237370825386,1759775616.466856,1759775618.2637289,good
be176f54-cf2a-4d98-8798-4c27e5917335,5be1e58c-349b-43cc-85c8-65af84fc7ba6,0.006334000825881958,0.00046558561679178884,0.005401611328125,0.007332861423492432,0.0019312500953674316,-4.208892815900724e-05,-0.0016341209411621094,-0.016759948860211767,0.0037723266258499603,-0.025615896852910908,-0.010308557521448804,0.015307339331462104,-0.00029363712652673437,-0.009535976315167626,0.024393302823106446,6.753936681494537e-05,0.024282515048980713,0.024558909237384796,0.00027639418840408325,-5.201349766288902e-06,-0.00023916363716125488,0.00663467847239836,0.007443542516710452,-0.009187610676711202,0.01916163582133045,0.02834924649804165,-0.0006005436764568897,-0.016700388417389626,-0.2619428945110312,0.06502995685532642,-0.35310212117310974,-0.08130297192622102,0.27179914924688875,0.0013515867458058308,-0.018302664747357755,-0.30947609461159603,0.013882001645365606,-0.3319561251137809,-0.2931372100205147,0.03881891509326624,5.4949314076813336e-05,0.003754202739963297,1759775618.3217287,1759775620.1085634,good
be176f54-cf2a-4d98-8798-4c27e5917335,5be1e58c-349b-43cc-85c8-65af84fc7ba6,0.008003403743108114,0.0030443508489289076,0.005737125873565674,0.014434993267059326,0.008697867393493652,0.0002970097327524085,0.008648037910461426,-0.01911736308966545,0.0038056829746979937,-0.024846336879040344,-0.009657614187752078,0.015188722691288266,0.00024314238036916163,0.006376637933161074,0.02464959993958473,0.00030689111264100443,0.024347255006432533,0.02541450969874859,0.0010672546923160553,3.003244587656388e-05,0.000954827293753624,-0.0003216990602413872,0.006757003041754393,-0.011544511931359792,0.01582383646110205,0.02736834839246184,0.00042414055190962227,0.010781911991817557,-0.2533583132099985,0.036941353959455074,-0.35975342007583094,-0.17440129076966296,0.18535212930616798,0.001715537995408857,0.15916820462581638,-0.294519437763025,0.0026843763080482584,-0.3014398472919152,-0.29042063782400523,0.011019209467909963,-1.3239624005726712e-05,-0.0012496486971746434,1759775620.1735628,1759775621.9805148,good
be176f54-cf2a-4d98-8798-4c27e5917335,5be1e58c-349b-43cc-85c8-65af84fc7ba6,0.011077429850896199,0.0016370369124098431,0.009196341037750244,0.014458537101745605,0.005262196063995361,-0.0001760959492642039,-0.004972338676452637,-0.01394616592030164,0.0019098145817598045,-0.018380012372119215,-0.010006122135656348,0.008373890236462867,5.184157491914884e-05,0.003372188230359372,0.025005904460946717,0.00014326743106417907,0.024808742105960846,0.025385435670614243,0.0005766935646533966,-5.569169763993634e-06,-0.0005016326904296875,0.009507125128082257,0.003117947788178974,0.002158534173228503,0.017194335707758274,0.01503580153452977,4.993163644423531e-05,0.005375564383629479,-0.27103364843325056,0.039642718646648444,-0.35339315292728063,-0.19407259728877385,0.15932055563850678,-0.0028734990134015996,-0.04568112844058028,-0.2975634407501016,0.005690837303773671,-0.309594342652752,-0.28940992769225593,0.020184414960496055,0.0004034425849598515,-0.002252872087207314,1759775622.0375152,1759775623.8228173,good
be176f54-cf2a-4d98-8798-4c27e5917335,5be1e58c-349b-43cc-85c8-65af84fc7ba6,0.009385023514429729,0.00018722827342060715,0.009105086326599121,0.009976863861083984,0.0008717775344848633,-4.755204193318911e-06,3.36766242980957e-05,-0.014347148765155042,0.0019992479372691347,-0.017621802144909236,-0.010750389350648275,0.006871412794260961,8.124745983975849e-05,-0.00042539658774437897,0.025033032769958177,0.0001896214835711683,0.02468329295516014,0.02529091201722622,0.0006076190620660782,1.6232419995232606e-05,0.000215211883187294,0.008086285169350222,0.0031517014857309423,0.0028460718040939532,0.013766334038578963,0.01092026223448501,0.00011786833894896383,-0.0009368056243764704,-0.2609735813005611,0.039661891331771254,-0.335422282466397,-0.1992897344573679,0.1361325480090291,0.0019628282514084668,-0.04412679525568852,-0.29596134704943267,0.005601806979500802,-0.3050108637983857,-0.2869786481428644,0.018032215655521322,-0.0002824268372777092,-0.002342235110676383,1759775623.8824399,1759775625.6964638,good
be176f54-cf2a-4d98-8798-4c27e5917335,5be1e58c-349b-43cc-85c8-65af84fc7ba6,0.00936503807703654,0.00032766665123979137,0.008686661720275879,0.010049045085906982,0.0013623833656311035,-5.542290489188291e-06,-0.0009261965751647949,-0.013665584690616168,0.002455826284592816,-0.018149481167692782,-0.008140318085221813,0.010009163082470969,6.82270287324755e-05,0.0035452634472399325,0.02496048913647731,0.00014823993514320662,0.02465040422976017,0.02519657276570797,0.0005461685359477997,-1.362526335559777e-05,-0.000349363312125206,0.010332045219576274,0.004866340031276234,0.003148457019793854,0.021263721909597532,0.018115264889803678,0.0002630014257702064,0.007474558246314636,-0.260357038531353,0.02867523041793715,-0.3352765495486813,-0.21568094868225268,0.11959560086642862,-0.0006974616392560073,0.03056834929763322,-0.3069093740638295,0.004574988192466315,-0.3192347173057807,-0.3003604821457004,0.0188742351600803,-0.0002313210232274292,-0.0036799724923045063,1759775625.7554634,1759775627.5678067,good
be176f54-cf2a-4d98-8798-4c27e5917335,5be1e58c-349b-43cc-85c8-65af84fc7ba6,0.00880703330039978,0.0004802984075382327,0.007791578769683838,0.00950777530670166,0.0017161965370178223,-1.2994541872595256e-05,-0.0010023713111877441,-0.016184708673528878,0.0022482193140017565,-0.021595931093561324,-0.011659850949527954,0.00993608014403337,-2.3161555603732476e-05,-0.0019807833830732258,0.02478547052790721,0.00012018175773980911,0.024587221443653107,0.02511618286371231,0.0005289614200592041,9.682452569283686e-06,0.00029647722840309143,0.006415518614161602,0.0044213374144546425,-0.004404206732065023,0.01515038164424586,0.019554588376310883,-0.00010784910645992431,-0.005387645201737049,-0.2571120993104952,0.028019722758210148,-0.3239632392838513,-0.20319651841740316,0.12076672086644813,0.001960894702298747,-0.011094602367941353,-0.30089432930806553,0.014080573474511231,-0.3157860373448079,-0.26863565305991316,0.047150384284894764,0.0008183804095065216,0.03826887851565708,1759775627.628808,1759775629.5329003,good
be176f54-cf2a-4d98-8798-4c27e5917335,5be1e58c-349b-43cc-85c8-65af84fc7ba6,0.009162853161493937,0.000966017450748944,0.007871806621551514,0.011338531970977783,0.0034667253494262695,-3.543630723030336e-05,0.0031551122665405273,-0.013505339963803245,0.0021884738007132494,-0.01825809521214497,-0.0095678265776716,0.00869026863447337,9.352873365238388e-05,0.0023710193313112218,0.02508126472433408,0.00020698535870986,0.024860898032784462,0.025513634085655212,0.0006527360528707504,7.448463935873267e-06,-0.00014249049127101898,0.01689673773284802,0.006601284221190772,0.0038160802805203738,0.027831599316648546,0.024015519036128172,0.0004875753217569946,0.009969137683457155,-0.2361628001215596,0.03265372388739542,-0.32812430936166076,-0.18889783565898477,0.139226473702676,0.001225254544772743,-0.0062165632318778585,-0.2957494350906299,0.018311592766062024,-0.3257618817436938,-0.2707724010043237,0.0549894807393701,0.00013872491379031176,-0.01873899593204953,1759775629.6007361,1759775631.5042315,good
be176f54-cf2a-4d98-8798-4c27e5917335,5be1e58c-349b-43cc-85c8-65af84fc7ba6,0.01844993034998576,0.006653123676687382,0.007679283618927002,0.02829688787460327,0.02061760425567627,0.000404993684193714,0.005704522132873535,-0.017450058362206665,0.0029863425927682498,-0.02629886870018098,-0.011832522021126831,0.014466346679054148,-0.00014849965478823038,0.002075892239362524,0.025044341509540876,0.0004377871907439817,0.024513471871614456,0.02582753822207451,0.0013140663504600525,-3.2688854666254802e-06,-0.0003193765878677368,0.009214633929092556,0.005809579698940157,-0.0070457934207287,0.01859412215782233,0.02563991557855103,-0.000362749655184477,-8.515676983831925e-05,-0.23354208592167164,0.037840381618617525,-0.2839613225808815,-0.11276895029881882,0.1711923722820627,0.0009112426066605978,-0.00041528422648279273,-0.2892350512110941,0.006863621880486414,-0.30600644115432474,-0.2795422428173193,0.026464198337005418,-0.0004912166891174098,-0.0145797126775018,1759775631.5682328,1759775633.4382496,good
be176f54-cf2a-4d98-8798-4c27e5917335,5be1e58c-349b-43cc-85c8-65af84fc7ba6,0.01629323363304138,0.0013938565376330168,0.014168322086334229,0.018125593662261963,0.003957271575927734,-0.000143221103574861,-0.0032295584678649902,-0.007800728276533337,0.0027657654189694055,-0.017253827865937255,-0.004442624509240605,0.012811203356696652,-4.835447696144681e-05,0.0005618292990857213,0.02490318026393652,0.0005331655203121078,0.02425483986735344,0.02564234472811222,0.0013875048607587814,5.803111986204302e-05,0.0012004971504211426,0.020641895507078695,0.004526590506842648,0.0062348579530763434,0.026271185817916848,0.020036327864840504,-0.00016563980040424435,-0.001284376433157007,-0.32526130684176635,0.03181596237398307,-0.39041354631935427,-0.24634189869362255,0.1440716476257317,0.0002005178769124109,-0.0541118398829768,-0.2909263805013305,0.033045756569091485,-0.3744664817504921,-0.26664593197942765,0.10782054977106442,0.0021464234236305657,0.027867723470314076,1759775633.497631,1759775635.3171015,good
be176f54-cf2a-4d98-8798-4c27e5917335,5be1e58c-349b-43cc-85c8-65af84fc7ba6,0.009014004468917846,0.006278969372905299,0.00038295984268188477,0.02035391330718994,0.019970953464508057,0.000141163225036044,0.0028366446495056152,-0.03503316334996476,0.029528508946207878,-0.09298785831505271,-0.005416210492813918,0.0875716478222388,-3.570981705016349e-05,-0.005138235753765258,0.02545930426567793,0.00037129461044957445,0.024777881801128387,0.02640247903764248,0.0016245972365140915,9.437194208016782e-06,0.0008421912789344788,-0.024534363882329102,0.05239140570364061,-0.12956640349537774,0.025009798075480972,0.15457620157085872,-4.578449635486299e-05,-0.004183656577710269,-0.33808299550057247,0.16731229142760037,-0.6891056804758229,-0.04402811154918127,0.6450775689266416,0.0033668848804976966,0.014534168553722582,-0.2833701501400975,0.0068194696615326515,-0.29891538170200777,-0.27205534180828095,0.026860039893726817,-0.0006616862524657873,-0.025275558620202754,1759775635.3791027,1759775637.2160373,good
be176f54-cf2a-4d98-8798-4c27e5917335,5be1e58c-349b-43cc-85c8-65af84fc7ba6,0.018976553281148275,0.008061348676356144,0.010437548160552979,0.03254342079162598,0.022105872631072998,0.0005585159157486726,-0.003486931324005127,-0.015410408973604805,0.0024091127996821718,-0.02320257698211691,-0.011971480640478689,0.011231096341638222,-3.446290822697306e-05,-0.0012281638322598591,0.025811519535879294,0.0002830963389542021,0.02479589357972145,0.026230309158563614,0.001434415578842163,-2.4248272992745125e-05,-0.0013293400406837463,0.012717453888823595,0.004706222883835155,-0.0012376361916042842,0.01923376452490439,0.020471400716508676,-0.00012973691635095156,-0.0010025305919762542,-0.18105391285291328,0.03175924261352637,-0.2760639671120595,-0.13424872156135892,0.14181524555070057,0.0007088010442926897,0.13241314081551114,-0.3110070642659565,0.0193375846802115,-0.34230120924243745,-0.27269952018066773,0.06960168906176972,0.0011301498239981752,0.028236803907707775,1759775637.278037,1759775639.1036718,good
be176f54-cf2a-4d98-8798-4c27e5917335,5be1e58c-349b-43cc-85c8-65af84fc7ba6,0.004824542999267578,0.0017048244439135044,0.002543330192565918,0.008728325366973877,0.006184995174407959,1.9185137297871125e-05,-0.002149224281311035,-0.014136446499924054,0.0031153069320210927,-0.018871217283230903,-0.007860649550297473,0.01101056773293343,-0.00027576557341983475,-0.006491853017214083,0.024831441603600977,0.00014156855566604848,0.024566181004047394,0.02503805048763752,0.00047186948359012604,6.177046391139174e-06,0.00019272975623607635,0.01324850786387324,0.007604924310792724,0.002579980873542438,0.028251692187905287,0.025671711314362848,-0.0007696188570124446,-0.01657069775399899,-0.1498895013647544,0.03832633983369413,-0.21567357916630808,-0.08534581405345473,0.13032776511285335,0.0002943999566977102,0.0558119881979441,-0.28869151376246444,0.0043057174281178725,-0.2944483455751921,-0.2786854091217039,0.015762936453488197,-0.0002625490977067833,-0.012672027171145683,1759775639.164673,1759775641.0014734,good
be176f54-cf2a-4d98-8798-4c27e5917335,5be1e58c-349b-43cc-85c8-65af84fc7ba6,0.006610413392384847,0.00027125935852300364,0.005555152893066406,0.007068216800689697,0.001513063907623291,-1.3034786610502555e-05,-0.0009897351264953613,-0.01655105739036787,0.002244018381250397,-0.023245113273014,-0.012437695901673007,0.010807417371340994,3.659239572008933e-05,0.006726257280589971,0.024876906288166842,6.983074034970673e-05,0.024701323360204697,0.02500581368803978,0.000304490327835083,4.622604577772079e-07,-9.007751941680908e-06,0.008230637562822678,0.004450821695940458,-0.0043632894255258865,0.017243851148220943,0.02160714057374683,0.00014900701420253562,0.013365643001736158,-0.1496906448479534,0.04101844476758567,-0.22838997653745674,-0.06846699174480493,0.15992298479265182,0.0007577555051175736,-0.1213520202532772,-0.29348526917389683,0.002778855957685862,-0.2981565128182168,-0.28841164236590877,0.009744870452308041,-0.00011470982494042341,1.4495606302455943e-05,1759775641.0635629,1759775642.861572,good
be176f54-cf2a-4d98-8798-4c27e5917335,5be1e58c-349b-43cc-85c8-65af84fc7ba6,0.011345070600509644,0.0072423845984391395,0.000836491584777832,0.024061858654022217,0.023225367069244385,-0.00015678918931852855,0.0023900866508483887,-0.010583060855148084,0.0022001988911983204,-0.016062070787802304,-0.006821760424958951,0.009240310362843352,0.00010810193229047408,0.005662479541654499,0.02647580181558927,0.0008328206862882447,0.02468874678015709,0.027529040351510048,0.0028402935713529587,3.5468356329554045e-05,0.0015521422028541565,0.024687857662743135,0.005534149966924879,0.011458100764207321,0.03876539430831939,0.02730729354411207,0.0002077043060747309,0.01400541473840513,-0.1920259627905297,0.05769201013049502,-0.305670589646181,-0.11644781857765259,0.18922277106852842,0.000624043759878051,0.09137150906014777,-0.3090212033707391,0.01031174251914899,-0.328194276339724,-0.28678972738380143,0.04140454895592255,-0.0005388160154892756,-0.011639175399000334,1759775642.922463,1759775644.7297058,good
be176f54-cf2a-4d98-8798-4c27e5917335,5be1e58c-349b-43cc-85c8-65af84fc7ba6,0.006991527477900187,0.0030243920987358254,0.002436041831970215,0.01143258810043335,0.008996546268463135,0.00017918369528714225,-0.0007929205894470215,-0.010852259782025279,0.002194582129692392,-0.017265716472973418,-0.006831864057001016,0.010433852415972403,4.651549604984103e-05,0.000756021106934195,0.025929111676911514,0.00012165368994779262,0.025674166157841682,0.026140326634049416,0.00046616047620773315,1.2485026583920863e-07,-0.00046616047620773315,0.022765407605412343,0.0036149880788410795,0.011927028011029836,0.02840192231961504,0.016474894308585203,2.1744477032341405e-06,-0.0027465812045455625,-0.16771702065479802,0.05096144565994126,-0.2610743519497787,-0.06274069698865967,0.19833365496111902,-0.00280516758365216,-0.12416078908799416,-0.308178928998377,0.0062456589189110595,-0.3244029584759313,-0.292463881143146,0.03193907733278534,-3.3865913716434175e-05,0.013905109461117504,1759775644.7907047,1759775646.6138391,good
be176f54-cf2a-4d98-8798-4c27e5917335,5be1e58c-349b-43cc-85c8-65af84fc7ba6,0.005697377522786458,0.0007890457618997421,0.004206359386444092,0.0072563886642456055,0.0030500292778015137,-3.8877398074004756e-05,-0.001499950885772705,-0.011026876364105147,0.0032014404738812726,-0.019116331396571384,-0.005892664101144195,0.013223667295427188,8.618619160538745e-06,-0.0031105041604699056,0.025632652267813683,0.00016786226944148156,0.025189463049173355,0.025890585035085678,0.000701121985912323,7.339937403151668e-06,0.0002019628882408142,0.020962374289044912,0.005413565869998707,0.00989198438339149,0.029577004311406425,0.019685019928014934,-7.787903337963259e-05,-0.005612629604532935,-0.22728350756997473,0.02404604816766961,-0.2933590667725,-0.18147812413590364,0.11188094263659637,0.0005238053770723892,0.014834220648025614,-0.31525358133586806,0.028465075693272685,-0.393053990632062,-0.28521560011477914,0.10783839051728283,-0.000669091097701218,-0.03772425787886419,1759775646.677839,1759775648.5901961,good
be176f54-cf2a-4d98-8798-4c27e5917335,5be1e58c-349b-43cc-85c8-65af84fc7ba6,0.00438921054204305,0.00031171954128181425,0.003720998764038086,0.004886984825134277,0.0011659860610961914,-7.439561362261236e-06,9.739398956298828e-05,-0.011403984326443151,0.0027492906415523886,-0.018530186023037763,-0.0044092151659548455,0.014120970857082919,-0.00013572953301669912,-0.00213072128257746,0.025895270022253194,4.99190141007099e-05,0.025798285380005836,0.025975892320275307,0.00017760694026947021,2.134096155044632e-06,-3.6757439374923706e-05,0.019326567371615155,0.005271163785788001,0.005122481758722036,0.032963128504928524,0.02784064674620649,-0.0003061709510344626,-0.006020781359420255,-0.22114764815603566,0.0448646657359646,-0.32294610796673195,-0.1406719436466532,0.18227416432007876,0.003368629972541223,-0.009602160291856066,-0.33025760111785235,0.005768292272690854,-0.3406640021921429,-0.31923216862774945,0.021431833564393432,-0.0006044938394826738,-0.010998501458906407,1759775648.6541946,1759775650.4866269,good
be176f54-cf2a-4d98-8798-4c27e5917335,5be1e58c-349b-43cc-85c8-65af84fc7ba6,0.0055118997891743975,0.0025855698831447624,0.0034175515174865723,0.010659933090209961,0.007242381572723389,0.00021564228516134193,0.0043179988861083984,-0.01134286521096914,0.002055084987910014,-0.015074979616066096,-0.008188445052515512,0.006886534563550584,2.3780997783248747e-05,0.00042263492831954956,0.025863974851866565,0.00012758684044190545,0.025610201060771942,0.026095304638147354,0.000485103577375412,9.014011175269147e-06,-7.2605907917022705e-06,0.019954391605182618,0.004238741807431858,0.012045916698472514,0.028465513177832472,0.016419596479359956,5.22509667918213e-05,-0.000463796960274045,-0.22263466662792772,0.0806983911083405,-0.34485141698128596,-0.05020231897322051,0.29464909800806544,-0.001617612624702801,0.02225562903421574,-0.3183107524927726,0.01456872632427109,-0.33881270618722714,-0.2905780186924321,0.04823468749479504,0.0010434959403807225,0.018516942358580923,1759775650.5466263,1759775652.299097,good
be176f54-cf2a-4d98-8798-4c27e5917335,5be1e58c-349b-43cc-85c8-65af84fc7ba6,0.007044645150502523,0.00029652655645915287,0.006561636924743652,0.00782918930053711,0.001267552375793457,-1.261327104918551e-05,-0.0009073019027709961,-0.010935912242204658,0.003535833070215282,-0.019143004985162432,-0.00480504179058945,0.014337963194572981,0.00029587135912622676,0.0038667946975918903,0.02588761691004038,0.00010092878031198036,0.025697804987430573,0.02609819732606411,0.0004003923386335373,8.28285727471743e-06,0.00019723549485206604,0.019486663965407047,0.008031254576188782,0.006759947470614263,0.034765334218119726,0.02800538674750546,0.0007860773423882028,0.014328997020405456,-0.2229998477922374,0.04666217484734852,-0.31053929932363894,-0.13020215028147855,0.1803371490421604,-0.00030554077508123404,0.11561399214912188,-0.3220084489168857,0.005433707427321827,-0.3316443899320893,-0.3121513038875573,0.019493086044531982,-5.217791021932903e-05,0.005975694228911366,1759775652.3610978,1759775654.1880052,good
be176f54-cf2a-4d98-8798-4c27e5917335,5be1e58c-349b-43cc-85c8-65af84fc7ba6,0.006140220165252686,0.00028459400490128,0.005468904972076416,0.006685733795166016,0.0012168288230895996,-1.849202611157308e-05,-0.0006911158561706543,-0.01081449016020048,0.0028279573426159706,-0.017465532635991977,-0.005728884225742333,0.011736648410249644,0.00010768274207505741,-0.0015639748825646022,0.02602260038256645,5.3738143181885794e-05,0.02594085969030857,0.02620253525674343,0.00026167556643486023,-1.2663997983242965e-06,-7.556751370429993e-06,0.020891684895293704,0.004979330355413748,0.010381313002714544,0.031123018362570552,0.02074170535985601,6.643791447749658e-05,-0.006571868159541722,-0.24516977564800346,0.05934711842111644,-0.34649123786653274,-0.1357345866486493,0.21075665121788345,-0.0038381245956985314,-0.06650635613401243,-0.33240195792813515,0.006903073316454547,-0.33978502685613143,-0.3132738372679257,0.026511189588205752,-0.0006177496230710222,-0.020834009273699106,1759775654.2530024,1759775656.052545,good
be176f54-cf2a-4d98-8798-4c27e5917335,5be1e58c-349b-43cc-85c8-65af84fc7ba6,0.005910332997639974,0.0002531111914981352,0.005489766597747803,0.006378531455993652,0.0008887648582458496,9.584135155258772e-06,0.0005852580070495605,-0.008956168410605984,0.002287377191552894,-0.014112002446136952,-0.0047220909715241025,0.00938991147461285,0.0001612732830483012,0.007286907822604119,0.026047037976483504,0.00017886950381009156,0.025739943608641624,0.02634439431130886,0.0006044507026672363,1.584245337461338e-05,0.00021096877753734589,0.023520605709697946,0.004287482309022026,0.015416230890297483,0.031416196583287787,0.015999965692990302,0.0002671139840094537,0.01443529541024836,-0.23066959253290512,0.03895000335187317,-0.29955241981092084,-0.16064137191385586,0.138911047897065,-0.0023001703665671194,-0.100732992668293,-0.33206499614368057,0.005635308371949091,-0.3390145296288231,-0.3190661859709673,0.019948343657855805,-0.000135054137021899,-0.0038956543706951674,1759775656.1125443,1759775657.9401088,good
be176f54-cf2a-4d98-8798-4c27e5917335,5be1e58c-349b-43cc-85c8-65af84fc7ba6,0.010425947109858195,0.0033374850610040506,0.005832672119140625,0.016103029251098633,0.010270357131958008,0.00017292097757867767,0.0035631656646728516,-0.008168542020018427,0.002430805340084858,-0.013999346948867935,-0.004220108852900876,0.00977923809596706,-0.00020821616610514513,-0.0048461060726557054,0.026266310860713325,0.00010118817962489156,0.026135042309761047,0.02646840363740921,0.00033336132764816284,2.9962596890658507e-06,-4.6703964471817017e-05,0.026185943933718647,0.004721475978273555,0.01568056519628064,0.03402882140138554,0.018348256205104895,-0.00041983656940064814,-0.009722335427882114,-0.23082126238878933,0.022121196090182853,-0.26659278097506356,-0.18471821189578524,0.08187456907927831,0.001222942205003808,0.03797135362492818,-0.3325655724382467,0.0027207977872095996,-0.33961458401279465,-0.32824668353174064,0.011367900481054016,-4.977991320854602e-05,0.0023463767124770607,1759775658.0011358,1759775659.8206236,good
be176f54-cf2a-4d98-8798-4c27e5917335,5be1e58c-349b-43cc-85c8-65af84fc7ba6,0.010006268819173178,0.00037690851008976553,0.009315073490142822,0.010791957378387451,0.001476883888244629,-3.799941303732663e-05,-0.0006985068321228027,-0.01247265895904168,0.002894982730225842,-0.01991542765477825,-0.008053325813339639,0.01186210184143861,0.00010459255913954916,0.0026312552139413237,0.02605541292577982,5.044205252906796e-05,0.025952566415071487,0.026156097650527954,0.00020353123545646667,-1.3858365833560405e-06,-7.911771535873413e-05,0.01665943503783955,0.004907868125028325,0.004592476738690002,0.023788892777225755,0.019196416038535752,0.00021209339955163205,0.0027035134811499405,-0.2531048491062071,0.04967665644864076,-0.33011196416480504,-0.12562119208503006,0.20449077207977498,-0.00039045365466315796,-0.06222330922201422,-0.3309112786256512,0.002437516367415193,-0.33634128495884413,-0.32608030720521736,0.010260977753626777,1.90484978310726e-05,-0.002045154827664153,1759775659.8826227,1759775661.6966884,good
be176f54-cf2a-4d98-8798-4c27e5917335,5be1e58c-349b-43cc-85c8-65af84fc7ba6,0.010896772146224976,0.001075422194000349,0.009117305278778076,0.01220858097076416,0.003091275691986084,4.554785398540561e-05,0.0007859468460083008,-0.012764378881740637,0.003473161008929424,-0.02342670921958337,-0.0089191397217976,0.014507569497785769,-0.0002736670823863091,-0.0030100067004248405,0.026118367724120618,8.039050565567175e-05,0.026000933721661568,0.026293663308024406,0.00029272958636283875,1.1343156734483526e-07,5.3007155656814575e-05,0.016353767617525865,0.005760235127748674,-0.00023641066472825914,0.024281773104431133,0.02451818376915939,-0.00043052929859351403,-0.003314374390896378,-0.24716253030306737,0.0334622644747636,-0.33789622831129995,-0.19539398668453056,0.1425022416267694,-0.0005712455235383244,0.014784847193142825,-0.32152210274132714,0.009315750640177176,-0.33448967036917454,-0.3010220233871747,0.03346764698199983,0.0008566637719340459,0.02987050652570944,1759775661.7576892,1759775663.5496805,good
be176f54-cf2a-4d98-8798-4c27e5917335,5be1e58c-349b-43cc-85c8-65af84fc7ba6,0.010374162594477336,0.0002734867834270906,0.009715259075164795,0.010679662227630615,0.0009644031524658203,2.213867673354101e-05,0.0008211135864257812,-0.010760170789090773,0.0026121832641597823,-0.016405156453177333,-0.006887366675685422,0.00951778977749191,0.00014895114515769476,0.005512507963376791,0.026221864235897858,0.0001172375956413641,0.02602054364979267,0.026418644934892654,0.0003981012850999832,8.928716530789258e-06,0.00015624426305294037,0.02045171457995704,0.004890842263887877,0.011393380636663314,0.026851726150568522,0.015458345513905208,0.00026459227260322576,0.009226039170098814,-0.2567753984807638,0.050228093792471805,-0.3289530362577637,-0.1292735879839647,0.19967944827379897,-0.0004021478531290317,-0.020193045886226557,-0.3135443953701757,0.007084010153904354,-0.32266539722815807,-0.2994856484114896,0.023179748816668455,-0.0007614036348134511,-0.013322736530987422,1759775663.6096807,1759775665.4324284,good
be176f54-cf2a-4d98-8798-4c27e5917335,5be1e58c-349b-43cc-85c8-65af84fc7ba6,0.009891883532206217,0.00048444419728275686,0.009130895137786865,0.010770678520202637,0.0016397833824157715,-4.8503170289240106e-05,-0.001126110553741455,-0.0107952842783143,0.002505907854490553,-0.017459571493087158,-0.006738304424291501,0.010721267068795656,-0.00014869699966354067,-0.007279868958948148,0.026245995176335177,0.00013095869889970442,0.026006555184721947,0.02648714929819107,0.00048059411346912384,-3.211430219044542e-06,0.00022289901971817017,0.020107139624579166,0.0044180710800979005,0.0096647770039382,0.030278802320847065,0.020614025316908865,-0.0002162273690847605,-0.01369191581633629,-0.24628450810863192,0.04674331999207367,-0.3227431124960742,-0.14899789516727863,0.17374521732879555,-0.0017673093962637337,0.0034813941902691603,-0.32568203909462046,0.00517637834848161,-0.3327321975742825,-0.3151547616549541,0.01757743591932842,5.1157375876411625e-05,-0.008524053675361354,1759775665.4914281,1759775667.2869577,good
be176f54-cf2a-4d98-8798-4c27e5917335,5be1e58c-349b-43cc-85c8-65af84fc7ba6,0.01165863275527954,0.0015548441519049085,0.009383738040924072,0.013426244258880615,0.004042506217956543,0.00014575768896151706,0.0029816031455993652,-0.011981181249864853,0.0034660246116477032,-0.0195600155583119,-0.0032357456618160277,0.016324269896495873,7.678513099571823e-06,0.0015570707340025244,0.026315613463521004,0.0001588967458030916,0.02599252387881279,0.026649262756109238,0.0006567388772964478,2.77669049874031e-06,-0.0003093983978033066,0.01855038072204618,0.0064202949716662796,0.007469544102262366,0.03636004859088804,0.028890504488625672,0.00015177965330375658,0.0059309365548913355,-0.23307710070626422,0.05144729924565393,-0.32470014483938975,-0.13606138571213366,0.18863875912725608,-0.0032583470712513546,-0.08917998569108307,-0.3263253679076635,0.002669246341812516,-0.3307717862911559,-0.32137289888158377,0.009398887409572121,-9.323728340289227e-05,0.0016561628431516762,1759775667.3469577,1759775669.166416,good
be176f54-cf2a-4d98-8798-4c27e5917335,5be1e58c-349b-43cc-85c8-65af84fc7ba6,0.01192963719367981,0.000533137663645538,0.011146008968353271,0.013486683368682861,0.00234067440032959,-4.8933609972010734e-05,-0.0017807483673095703,-0.010040081565575508,0.0033685998098516878,-0.019846217775290106,-0.003876416969603323,0.015969800805686784,8.546229652687371e-05,-0.0020469284941752736,0.026212266894678274,5.804538549498597e-05,0.02610800415277481,0.026346318423748016,0.00023831427097320557,2.3313492403942696e-06,0.00015673600137233734,0.02228299058109041,0.00544281394474233,0.006834620249653584,0.033653059215263514,0.026818438965609932,0.00014091765292221595,-0.0019842295493801253,-0.25491764074094797,0.03824877674496301,-0.31795917527143985,-0.1887233843196965,0.12923579095174334,0.00019980852818638286,0.10006272845171826,-0.3297822514260492,0.004252962107418798,-0.33638907267192925,-0.3205638528990535,0.015825219772875765,-0.0001359934481995278,-0.003060643730721957,1759775669.2274156,1759775671.0833592,good
be176f54-cf2a-4d98-8798-4c27e5917335,5be1e58c-349b-43cc-85c8-65af84fc7ba6,0.01239907145500183,0.0009642271752900956,0.011218011379241943,0.013953566551208496,0.0027355551719665527,-7.466705012507115e-06,-0.00041669607162475586,-0.01063149317665461,0.002958811757031235,-0.01940071495978202,-0.0056553971420230525,0.013745317817758968,-6.866064949688222e-05,-0.0017207495730839663,0.026605371696253616,0.00017670793666986403,0.026266634464263916,0.02688530832529068,0.0006186738610267639,5.61251283288665e-06,0.00024969130754470825,0.022344239262921818,0.005165115111963558,0.005356049009294525,0.030891691511730154,0.02553564250243563,-9.999136031972165e-05,-0.0059112202610784575,-0.21358419972172157,0.04816149472058952,-0.3186955349369082,-0.12332325139301815,0.19537228354389008,0.0023430483185466824,-0.059645573561187326,-0.31725255199370855,0.00673182547653907,-0.3376740842767868,-0.30979425458582455,0.027879829690962254,0.00034821465983352035,0.026156445464737554,1759775671.1483634,1759775672.9314098,good
be176f54-cf2a-4d98-8798-4c27e5917335,5be1e58c-349b-43cc-85c8-65af84fc7ba6,0.011299498875935872,0.0003368231722913498,0.010408282279968262,0.011822938919067383,0.001414656639099121,8.373265802130949e-06,-0.0002784132957458496,-0.011341450702483253,0.0027727697707089724,-0.01779278927783444,-0.007637258245847433,0.010155531031987006,0.0002491417425005621,0.009320869988992078,0.026279701789220174,9.267892323815759e-05,0.026152830570936203,0.026527555659413338,0.0003747250884771347,-6.50480190691879e-06,-0.00029188208281993866,0.018980665469270724,0.005262808107175997,0.0088070253978669,0.02674011992477541,0.017933094526908507,0.0005163617411662612,0.017933094526908507,-0.25217795451381864,0.040893597202873624,-0.37668693662329844,-0.17697959534002064,0.1997073412832778,-0.0005986057383976366,-0.0003416548369247485,-0.32769700801685253,0.006095060310395526,-0.33691043662168735,-0.31459277814907366,0.02231765847261369,-0.0005610713399666178,-0.01991521084345016,1759775672.994411,1759775674.8287113,good
be176f54-cf2a-4d98-8798-4c27e5917335,5be1e58c-349b-43cc-85c8-65af84fc7ba6,0.01202297608057658,0.0009425369323546224,0.010724127292633057,0.013725459575653076,0.0030013322830200195,9.394556582305536e-05,0.0012346506118774414,-0.010530826200116394,0.002992295696206098,-0.016507741997177756,-0.00523262749860961,0.011275114498568146,-0.0002941015864082973,-0.007928488457275201,0.02630437749127547,6.943738371798923e-05,0.026169193908572197,0.026444105431437492,0.0002749115228652954,2.0254780439964525e-06,0.00020024925470352173,0.021048080264042153,0.006407095131274747,0.007968361915432324,0.03249997390033284,0.024531611984900514,-0.0006435819871955015,-0.01752764156707587,-0.24988498679265095,0.04681045744616395,-0.3166934041814266,-0.16562960356443485,0.15106380061699176,-0.0028381468324275645,-0.09120956550929984,-0.33848013025288454,0.005410397868600419,-0.3505455455038742,-0.33161221287194537,0.018933332631928812,-0.0005083009825931496,-0.009758410304348764,1759775674.8877096,1759775676.6845207,good
be176f54-cf2a-4d98-8798-4c27e5917335,5be1e58c-349b-43cc-85c8-65af84fc7ba6,0.012040535608927408,0.00022672137043599092,0.01159524917602539,0.01256483793258667,0.0009695887565612793,4.165588947504063e-06,-0.0006442666053771973,-0.010534731815213545,0.0024949138515940428,-0.014713572697921458,-0.00495484497499979,0.009758727722921669,0.00021039410008308462,0.0039438517312993665,0.026379480399191378,7.894584402730383e-05,0.0262485072016716,0.02653166465461254,0.00028315745294094086,6.307230162143177e-06,6.13480806350708e-05,0.021072810604083003,0.004628699592015691,0.013485634898081028,0.03129527788006627,0.017809642981985244,0.0003771832691963105,0.008850979903571341,-0.2589246256733547,0.044679488684486596,-0.3245057520700755,-0.1358996213842306,0.1886061306858449,-0.0007285764774130806,0.04409917354699755,-0.33955016086581014,0.004312289402786142,-0.34623015571991517,-0.3312974511350917,0.014932704584823486,0.0001498370011680994,0.001793313579705802,1759775676.7425203,1759775678.5833678,good
be176f54-cf2a-4d98-8798-4c27e5917335,5be1e58c-349b-43cc-85c8-65af84fc7ba6,0.012382519245147706,0.0002066317728182418,0.011961698532104492,0.01281517744064331,0.0008534789085388184,-1.096855413926987e-05,0.00015348196029663086,-0.011419310413625183,0.0030931200179151914,-0.01684479916210102,-0.005180189648311296,0.011664609513789725,-0.00020925335994067724,-0.004891639774391942,0.02630383757253488,6.0898633750466e-05,0.026190003380179405,0.02641252614557743,0.0002225227653980255,1.336499070696889e-06,-0.00011359155178070068,0.02062871671531167,0.005904178431774199,0.011164830847290445,0.0319330777882621,0.020768246940971652,-0.0004996813035559743,-0.011628855893904787,-0.2485390449496408,0.039972874407449906,-0.3451163676863909,-0.19124510705545236,0.15387126063093856,-0.0014745804168469988,0.010700103070297368,-0.33640133818495443,0.006197650206303943,-0.34460489559789187,-0.32538388093319087,0.019221014664700997,0.0005156669526923149,0.016409344919152302,1759775678.6433675,1759775680.4470336,good
be176f54-cf2a-4d98-8798-4c27e5917335,5be1e58c-349b-43cc-85c8-65af84fc7ba6,0.01288239359855652,0.00022436058812117679,0.012407004833221436,0.013323664665222168,0.0009166598320007324,-1.5246974215226392e-05,-0.00020074844360351562,-0.009361064728937012,0.002357707020613333,-0.015951873840996854,-0.0037063054847884342,0.012245568356208419,-3.3693233992524878e-06,0.001945420670926002,0.026191486231982707,0.0002111384935296252,0.02586258016526699,0.02659495547413826,0.0007323753088712692,2.1245326013931045e-05,0.0005800127983093262,0.023960787948865685,0.004312636593237659,0.01214375265027637,0.0353826815181653,0.023238928867888933,5.527705320896499e-05,0.005608937698755933,-0.25380781312452144,0.04580805653123599,-0.3341172812824698,-0.1678453450504892,0.1662719362319806,-0.0014532814209801362,-0.07070191922955626,-0.3437827929501975,0.005082305387118207,-0.35207953109390505,-0.33264617969072935,0.019433351403175703,-0.0004860155715244769,-0.018507384815963868,1759775680.5080333,1759775682.3246448,good
be176f54-cf2a-4d98-8798-4c27e5917335,5be1e58c-349b-43cc-85c8-65af84fc7ba6,0.01245786746342977,0.0002617425765260281,0.012032032012939453,0.01293414831161499,0.0009021162986755371,8.319614991728005e-06,0.0007061362266540527,-0.010766639358849263,0.0028842424170793836,-0.018823359746124993,-0.00596941802589041,0.012853941720234583,0.00015242187950221191,0.012439827521603842,0.026362853621443114,0.00015135807482606107,0.02616473287343979,0.02670881524682045,0.000544082373380661,-1.0476205021441314e-05,-0.00010750629007816315,0.020893652751749994,0.005314915962329623,0.006563056087594281,0.028504220043746788,0.021941163956152508,0.0003328089160994391,0.021132261373454926,-0.24502452060333188,0.034727131437210235,-0.31842496090638367,-0.16397925292012758,0.1544457079862561,-0.002447391366406075,-0.062305912912782785,-0.34295947437069263,0.005349332402991425,-0.35438226169509773,-0.3359847886192295,0.018397473075868254,0.0005394266776115458,0.01572327265162754,1759775682.383643,1759775684.1602895,good
be176f54-cf2a-4d98-8798-4c27e5917335,5be1e58c-349b-43cc-85c8-65af84fc7ba6,0.012555064757664998,0.00029938204794737773,0.01210242509841919,0.013526499271392822,0.0014240741729736328,7.858172937548068e-06,0.0007994771003723145,-0.011927902552855483,0.0030499371773203797,-0.019077398734435962,-0.007236817629246952,0.01184058110518901,-5.214388218324486e-06,0.0030718746072957454,0.026501175637046497,6.140422340949881e-05,0.026357492431998253,0.026617515832185745,0.00026002340018749237,-2.9775097518662057e-06,-3.857724368572235e-05,0.018549369831512237,0.005537102544086602,0.004742122595140252,0.02856680960551546,0.02382468701037521,-6.632783823059091e-05,0.005640530384475526,-0.2660626315027595,0.03922264908902125,-0.362462593569228,-0.20251461621915592,0.15994797735007207,0.0003446619466716587,-0.04631612848748437,-0.34060044984348564,0.004300444934053475,-0.3479823718663679,-0.3323669401539356,0.015615431712432293,5.5709133399213596e-05,-0.0006301606432151385,1759775684.2182903,1759775686.059948,good
be176f54-cf2a-4d98-8798-4c27e5917335,5be1e58c-349b-43cc-85c8-65af84fc7ba6,0.015031617879867554,0.0021092056093795675,0.012365937232971191,0.018666625022888184,0.006300687789916992,-0.00011830874889658078,-0.0008069872856140137,-0.012675536522568982,0.0030325891622192797,-0.021222568210833574,-0.007015985911580901,0.014206582299252674,-0.00020480318392657553,-0.014206582299252674,0.026684806620081266,0.00020106366194646771,0.026159951463341713,0.027003992348909378,0.0008440408855676651,-1.607808772395795e-06,-0.00022879242897033691,0.01661111562546798,0.005364873374299614,0.004434430848301104,0.02707454171393644,0.022640110865635332,-0.0003519322563245916,-0.022640110865635332,-0.26973296142512326,0.02770762279626631,-0.3336214618281945,-0.228976643937955,0.10464481789023952,0.0012125913941761323,-0.012996455419515496,-0.3292842556679897,0.007927069883847388,-0.3429874408023391,-0.3169835974347199,0.02600384336761924,0.0001837996951918634,0.015635183967174116,1759775686.1189458,1759775687.9078453,good
be176f54-cf2a-4d98-8798-4c27e5917335,5be1e58c-349b-43cc-85c8-65af84fc7ba6,0.01349241534868876,0.0005529464764505805,0.012673437595367432,0.014530062675476074,0.0018566250801086426,4.705503599529669e-05,0.0007063150405883789,-0.013314262319875288,0.0034818242252251806,-0.020910871162335892,-0.004814202416974255,0.01609666874536164,-6.418555343815916e-05,-0.0023480504078022633,0.026277608424425124,0.00012795017808291156,0.026037374511361122,0.02655726484954357,0.0005198903381824493,-2.876776907680032e-06,0.00015121512115001678,0.018163649823575323,0.006214542202086982,0.006505016508519616,0.03293948642381743,0.026434469915297812,-0.0001566166946394273,-0.004324658571080445,-0.2370168035913822,0.03287935246045181,-0.2929808142814265,-0.1670589838277081,0.12592183045371844,0.00011493088633997854,0.05106723996104379,-0.31805256078871985,0.0033946968071675004,-0.32385180685168347,-0.3105696898768183,0.013282116974865144,0.00019733370001523778,0.009627471970495738,1759775687.9678457,1759775689.8137355,good
be176f54-cf2a-4d98-8798-4c27e5917335,5be1e58c-349b-43cc-85c8-65af84fc7ba6,0.0133480966091156,0.000631102069732662,0.012359142303466797,0.014403164386749268,0.0020440220832824707,5.3384372999723816e-05,0.001150667667388916,-0.010406895049488432,0.001806103893541333,-0.015295642939864781,-0.004978251722563905,0.010317391217300877,-4.505466145574581e-05,-0.0006973526835432758,0.026210042275488378,0.00010311661544042339,0.025950858369469643,0.026335619390010834,0.0003847610205411911,1.417653214546942e-07,-0.00010978803038597107,0.021184166901032416,0.0032818320085001257,0.013118401932417492,0.029695909371200264,0.016577507438782772,-0.0001638485039821764,-0.004276082249810156,-0.25181818818438373,0.026137002011545105,-0.2884473156361215,-0.19168366724527994,0.09676364839084159,0.00058710747054957,-0.05034278135679962,-0.31071481585171173,0.004476063466421604,-0.32097180067642306,-0.30493886364400424,0.016032937032418815,0.00016083441220955512,0.0041685222124108745,1759775689.8747375,1759775691.7986898,good
be176f54-cf2a-4d98-8798-4c27e5917335,5be1e58c-349b-43cc-85c8-65af84fc7ba6,0.013652193546295165,0.00046673472598265144,0.012838125228881836,0.014397978782653809,0.0015598535537719727,-4.90469980292909e-05,-0.0008848309516906738,-0.010887384497506626,0.003617260453889097,-0.01707179409531273,9.889073612033709e-05,0.017170684831433067,-0.0002681262460789429,-0.001491363446955633,0.026329509727656842,6.067476852327313e-05,0.026203051209449768,0.02639731578528881,0.00019426457583904266,1.1325462641519753e-08,0.00017424672842025757,0.021681859097473787,0.006295382451992705,0.011257924047833988,0.040887569560185896,0.029629645512351907,-0.0004141755616255176,0.001364432777800191,-0.25225017598930866,0.054925976477939877,-0.3394039997040187,-0.16142873283893358,0.1779752668650851,0.001378293384291986,0.03182838032067581,-0.3101240110450952,0.010196468739556246,-0.3321187626306471,-0.2985423189551903,0.03357644367545681,0.0005814313509408602,0.0032908212154150185,1759775691.86269,1759775693.7908134,good
be176f54-cf2a-4d98-8798-4c27e5917335,5be1e58c-349b-43cc-85c8-65af84fc7ba6,0.013489753007888794,0.00036691865664831,0.012804567813873291,0.013995468616485596,0.0011909008026123047,-9.356338004514294e-06,0.00042051076889038086,-0.011599446946677366,0.0032357038681768485,-0.021776247246738697,-0.005832816920681701,0.015943430326056995,-0.00020710320814116713,-0.002316628112151442,0.026349387255807717,0.00011069471029375577,0.026174727827310562,0.0265218373388052,0.00034710951149463654,-1.1309041114352038e-05,-0.00026926398277282715,0.01989375535763411,0.006374114650101901,0.00014914038449892548,0.03111009027747745,0.030960949892978526,-0.0003889741539954898,-0.00278182861387782,-0.23594731429148152,0.042487659842613434,-0.32202112355112256,-0.17603060491531003,0.14599051863581253,0.0012806462019222134,0.005237706701049866,-0.31766523606441943,0.007638104308620241,-0.3298193771693704,-0.304497783052229,0.025321594117141355,0.0001243852332850764,-0.011658609068988246,1759775693.8538117,1759775695.749665,good
be176f54-cf2a-4d98-8798-4c27e5917335,5be1e58c-349b-43cc-85c8-65af84fc7ba6,0.01400483250617981,0.00030855281654487205,0.013591229915618896,0.014661550521850586,0.0010703206062316895,1.299265892274918e-05,0.0005893707275390625,-0.011542409698548346,0.0022776868880876526,-0.0180766339806695,-0.007030063638892844,0.011046570341776654,0.00010856956899071392,0.0068228480029121075,0.02620362105468909,7.540896841139064e-05,0.026033751666545868,0.026326069608330727,0.0002923179417848587,-2.175591082143306e-06,-1.87605619430542e-05,0.020482350388675588,0.004694851433862508,0.011664380261799964,0.029585493573633142,0.01792111331183318,0.00017642679062644472,0.010742141524255592,-0.24533516965159755,0.04039114571806216,-0.31503507893820565,-0.17631772993813682,0.13871734900006882,-0.001430128966754202,-0.08308571827735067,-0.32794232358710185,0.0026469172748013834,-0.3318723373235051,-0.3200888430309879,0.011783494292517183,-0.00014617005166925497,-0.00955579040086807,1759775695.8122828,1759775697.663283,good
be176f54-cf2a-4d98-8798-4c27e5917335,5be1e58c-349b-43cc-85c8-65af84fc7ba6,0.013444040218989055,0.0007712757205709235,0.012146592140197754,0.014668583869934082,0.002521991729736328,9.20148526998993e-06,2.8848648071289062e-05,-0.01011967461092554,0.003039323180321953,-0.016558495908802394,-0.00391521491664485,0.012643280992157543,-6.541425549393233e-05,-0.0013768219383720973,0.026278851615885893,0.00015017450966165694,0.02608150616288185,0.026539243757724762,0.00045773759484291077,4.736257424874354e-06,0.0003412514925003052,0.023144823025969635,0.006884114447962381,0.006942115401079457,0.03612208524129613,0.02917996984021667,-0.0002372108405291425,-0.0068435314134433906,-0.2408225382571078,0.033967912139201605,-0.3094908615398561,-0.16898798833327452,0.14050287320658159,-0.0007003845770808299,-0.03803004338443894,-0.30673403032502855,0.013898150530563569,-0.33687905602342816,-0.2917771717061135,0.045101884317314656,0.0007896436394525235,0.023044191003883774,1759775697.7249181,1759775699.5399802,good
be176f54-cf2a-4d98-8798-4c27e5917335,5be1e58c-349b-43cc-85c8-65af84fc7ba6,0.0143008291721344,0.00029308760281140716,0.013826727867126465,0.014772653579711914,0.0009459257125854492,1.625753483332039e-05,-0.00013244152069091797,-0.010999822205373846,0.0028625491101346877,-0.017037913249198344,-0.002142768426278989,0.014895144822919355,5.025930193563001e-05,0.00906571960115648,0.026373965727786223,3.69474436801636e-05,0.026305092498660088,0.026458367705345154,0.00015327520668506622,-2.2422025048560374e-06,-4.122033715248108e-05,0.02055694838716903,0.005173099756046371,0.010279677743230606,0.0358772486373621,0.025597570894131495,9.177440083503817e-05,0.017252724620496856,-0.2269289849640895,0.04322266875877343,-0.30096052351544283,-0.14504546361651305,0.1559150598989298,-0.00043039188213309256,0.02314232222106183,-0.3197173732079399,0.009397705773208144,-0.339581451198389,-0.3078340025950749,0.03174744860331413,-0.0005745704741117005,-0.030807464286930764,1759775699.6009805,1759775701.4730086,good
be176f54-cf2a-4d98-8798-4c27e5917335,5be1e58c-349b-43cc-85c8-65af84fc7ba6,0.014848474661509197,0.002649659608267161,0.00789409875869751,0.018112599849700928,0.010218501091003418,-0.00015458376442099836,-0.006221473217010498,-0.012245822316065295,0.0024853112693679247,-0.020120767136646466,-0.007927400879322045,0.012193366257324421,2.03038198914152e-05,0.0020105217400503694,0.02660629531989495,0.0003195956955137845,0.02624213881790638,0.027146363630890846,0.0009042248129844666,3.468146230673233e-06,-5.791708827018738e-05,0.020107529677648617,0.004736216205661221,0.010948914105494935,0.03055016979361214,0.019601255688117207,-4.926324590476326e-05,0.00011764179457667695,-0.24738899751210314,0.05007727546607546,-0.35073986739616764,-0.1194721646625919,0.23126770273357572,-0.0020736727836460473,-0.08022816791674237,-0.3253592171634931,0.027436165839720143,-0.382255719690982,-0.30369415301051506,0.07856156668046693,0.0023331882604829815,0.02725078409438575,1759775701.533007,1759775703.3454292,good
be176f54-cf2a-4d98-8798-4c27e5917335,5be1e58c-349b-43cc-85c8-65af84fc7ba6,0.013483736912409465,0.003826565498811779,0.006941735744476318,0.018118321895599365,0.011176586151123047,0.00039458955090091016,0.00902092456817627,-0.011929867147974775,0.0036372445968459997,-0.021940970127797818,-0.005677894562703382,0.016263075565094435,3.352237509368397e-05,-6.81658375104588e-05,0.026348182000219822,0.0002782615247062776,0.025858905166387558,0.02678261511027813,0.0009237099438905716,2.8489365577034744e-05,0.0005438253283500671,0.017484870128891192,0.007009629429847798,-0.0017095838570911203,0.030546344712295247,0.03225592856938637,5.247254117601174e-05,-0.0016289605383122512,-0.2660720783606149,0.0540209739941733,-0.34136681650897926,-0.12667838712939308,0.21468842937958618,-0.00219691656389036,0.04450663115681436,-0.32142587421641156,0.007797127613521291,-0.33414512095783117,-0.3075727630968765,0.026572357860954687,0.0003975636154011119,-0.0066697311152835725,1759775703.4064283,1759775705.184792,good
be176f54-cf2a-4d98-8798-4c27e5917335,5be1e58c-349b-43cc-85c8-65af84fc7ba6,0.014997347195943197,0.0006461356228389433,0.014347434043884277,0.0163954496383667,0.002048015594482422,4.149652826905383e-05,-0.0006263256072998047,-0.011473903705425803,0.002661718612501812,-0.017019356245014418,-0.007617791914779722,0.009401564330234695,9.248594292168281e-05,0.0008558449915097898,0.026157221632699172,0.00014668299377852586,0.025930922478437424,0.02636263146996498,0.0004317089915275574,1.043612147796406e-05,1.7235055565834045e-05,0.018681396979137014,0.005038990292795258,0.009585324265244352,0.02528908791419263,0.01570376364894828,0.00011592170341202515,0.0011327549132534413,-0.27466538031032367,0.03986144691213656,-0.34609095246299665,-0.20052686933816857,0.14556408312482808,-0.0002801533898302386,0.03060017041366958,-0.3093299704044736,0.003705018157476695,-0.3147539820345473,-0.3033059574878873,0.011448024546659996,-0.00010204790601346069,-0.001047506670824816,1759775705.247791,1759775707.0277512,good
be176f54-cf2a-4d98-8798-4c27e5917335,5be1e58c-349b-43cc-85c8-65af84fc7ba6,0.014471129576365153,0.0008049269511549474,0.013293623924255371,0.015780508518218994,0.002486884593963623,6.70519501003991e-05,0.001015305519104004,-0.010521844071231,0.0024602434196002855,-0.014911469170852024,-0.005971034607017141,0.008940434563834882,-7.370232067713942e-05,0.0018812626074588938,0.026181003265082835,0.00012056923500804773,0.025856049731373787,0.0263468436896801,0.0004907939583063126,-7.37060371110914e-06,-0.0002080574631690979,0.020086846420509626,0.005036814873138579,0.01090788049076336,0.029797898573335833,0.01889001808257247,-0.00021966351865876878,0.0020501567586464,-0.24885277301521075,0.055170935371452484,-0.353220493817439,-0.15496802849449764,0.19825246532294133,-0.004887294910812493,-0.056382209837960745,-0.3157918462068207,0.002707848405477387,-0.31895898220127983,-0.3092243064610966,0.009734675740183218,6.363126246697886e-05,0.0014113304597791476,1759775707.087749,1759775708.8796916,good
be176f54-cf2a-4d98-8798-4c27e5917335,5be1e58c-349b-43cc-85c8-65af84fc7ba6,0.015122826894124348,0.0003470879261588707,0.014611542224884033,0.016084372997283936,0.0014728307723999023,5.967890195241892e-06,0.0006771087646484375,-0.011661583161110276,0.002019826173829955,-0.016812939042395045,-0.007111330519284514,0.009701608523110531,-3.790101274757978e-05,-0.0033331208531300546,0.026121475485463938,0.00010935715924126303,0.025969766080379486,0.026427894830703735,0.00045812875032424927,5.555808859088928e-06,7.935427129268646e-05,0.017453817089738543,0.003867227745055302,0.008839503142784264,0.025925602160612467,0.017086099017828205,2.2433006423133235e-05,-0.0013983705082816489,-0.24224171191070332,0.03695748748523216,-0.3192127032968115,-0.17396917274035992,0.1452435305564516,-0.0006176984793495344,0.0065368592976912665,-0.3141877825904236,0.001987715692779654,-0.3180959361029634,-0.31132170918840046,0.00677422691456292,-8.861404807713172e-06,-0.0020727124088765203,1759775708.9406922,1759775710.7309494,good
be176f54-cf2a-4d98-8798-4c27e5917335,5be1e58c-349b-43cc-85c8-65af84fc7ba6,0.01601905028025309,0.00034666609512893606,0.015419721603393555,0.016758739948272705,0.0013390183448791504,-2.830285782013109e-05,-0.0006561875343322754,-0.010238302477357202,0.0016771696391434327,-0.012939678020296235,-0.0066310712095517255,0.006308606810744509,-1.2826952360362523e-05,0.001461321981017229,0.02630929642667373,7.03878698431049e-05,0.02615765482187271,0.026430120691657066,0.00027246586978435516,5.09037506726215e-07,3.4185126423835754e-05,0.020545462783945534,0.0031793731163892868,0.015316329701498052,0.027008235995406256,0.011691906293908204,1.1999127223397912e-05,0.0014128155382139504,-0.26112890960646246,0.032187778063995746,-0.3098510963701262,-0.1869744314593772,0.122876664910749,0.0002785072361095276,-0.005130689227875018,-0.3211545727497358,0.002933124671181669,-0.3264404672695018,-0.31633766684618664,0.010102800423315184,-0.0001945097775142286,-0.007490405441331227,1759775710.7895823,1759775712.5861578,good
be176f54-cf2a-4d98-8798-4c27e5917335,5be1e58c-349b-43cc-85c8-65af84fc7ba6,0.015747348467508953,0.0002775271034080874,0.015044689178466797,0.01656562089920044,0.0015209317207336426,2.9893552633758655e-06,-0.0007083415985107422,-0.010277918818594132,0.0032479528573931484,-0.016529734236255984,-0.0031321497546113954,0.01339758448164459,0.00024961143963744386,0.010129531018865427,0.026310864525536697,0.00014718681569432176,0.025925952941179276,0.02659057453274727,0.0006646215915679932,5.096226135005675e-07,8.206814527511597e-06,0.02075379552250186,0.006281438019353427,0.010248058576011871,0.03478707168255401,0.024539013106542138,0.0005129973997775013,0.017550371589821208,-0.24412999882672345,0.02970440926191731,-0.3019633729013943,-0.18729620077068077,0.11466717213071353,-0.00017978936093296637,-0.0007121958086362401,-0.3324700554192814,0.008180212311273072,-0.35436107580896337,-0.322758423976297,0.03160265183266636,-0.0004113353007522294,-0.02470162818605104,1759775712.649159,1759775714.4510345,good
be176f54-cf2a-4d98-8798-4c27e5917335,5be1e58c-349b-43cc-85c8-65af84fc7ba6,0.016174739599227904,0.0005132728522957048,0.015330910682678223,0.016987740993499756,0.0016568303108215332,-4.5164925635722906e-05,-0.00027108192443847656,-0.013090505039420167,0.003050369912703187,-0.02308958469711316,-0.007913053721822313,0.015176530975290845,-0.00014896679698367613,0.001316907400362657,0.026237862308820088,0.00012718585809704533,0.025888029485940933,0.02639118582010269,0.0005031563341617584,-1.0226656982180008e-05,5.33517450094223e-05,0.014869078812291232,0.005916665438907684,-0.0029090992478143654,0.02325340259026624,0.026162501838080606,-0.00040718235855928374,-0.0009258228000884224,-0.26871278024868334,0.04080991957787368,-0.32500889171287944,-0.17353796891249937,0.15147092280038008,0.0023647662554311666,0.06106622944882417,-0.3431278782716044,0.007175031669485325,-0.35438958914443747,-0.3298641383272934,0.02452545081714408,-0.00032322549544075587,0.01499196134904901,1759775714.5120363,1759775716.4735425,good
be176f54-cf2a-4d98-8798-4c27e5917335,5be1e58c-349b-43cc-85c8-65af84fc7ba6,0.014090993007024129,0.005147373150047984,0.0028535127639770508,0.018403232097625732,0.015549719333648682,-0.0002993308529837909,0.0020906925201416016,-0.012472832966037961,0.0027952205904481484,-0.020574925396937255,-0.006127842976309978,0.014447082420627276,4.283438737794011e-05,-0.006473161297936262,0.0267329261948665,0.00031098089005463365,0.026178747415542603,0.02733905427157879,0.0011603068560361862,2.543688881251385e-05,0.0008791033178567886,0.019231522530612877,0.0053942076855473696,0.010111629910558279,0.03619193471434794,0.02608030480378966,0.00026725464387722175,-0.001858272191976984,-0.24429350430279342,0.029563919682866112,-0.30674851700347244,-0.19077989690702807,0.11596862009644437,-0.0018367932607679072,-0.1008216504772474,-0.32416932434665835,0.022141971434383123,-0.36333098884740844,-0.2976130072280626,0.06571798161934583,-0.0016422735401366805,-0.007279980211379933,1759775716.5327508,1759775718.316114,good
be176f54-cf2a-4d98-8798-4c27e5917335,5be1e58c-349b-43cc-85c8-65af84fc7ba6,0.014911121129989624,0.0006791692996727806,0.013931095600128174,0.016873836517333984,0.0029427409172058105,-4.92576895088985e-05,-0.002470850944519043,-0.012728368414516938,0.0024357267336022215,-0.017000933955924388,-0.008895530901592643,0.008105403054331745,-3.332265509686286e-05,0.0058389563146558875,0.02671105122814576,0.00015571791607818384,0.02641303651034832,0.027154872193932533,0.0007418356835842133,-1.3026602160148281e-05,-0.0007418356835842133,0.01698616587479657,0.004805986272169507,0.0066545509949175975,0.02696977891690443,0.020315227921986832,-0.00032656061574967064,0.002690592822671565,-0.28094533256020593,0.03852739127769696,-0.37790045682583123,-0.22436465879686693,0.1535357980289643,-0.0023110288324074335,0.05081657447560117,-0.3372029186647516,0.00715000900962281,-0.35192422102637855,-0.3272186105309038,0.02470561049547476,-0.00013956372370408434,0.012439301008421388,1759775718.379113,1759775720.191824,good
be176f54-cf2a-4d98-8798-4c27e5917335,5be1e58c-349b-43cc-85c8-65af84fc7ba6,0.01882451375325521,0.002831621147483426,0.014272749423980713,0.0221291184425354,0.007856369018554688,0.0002829808414446499,0.0053879618644714355,-0.014284309786982316,0.002950241269334492,-0.019737671088384864,-0.008233675645290487,0.011503995443094377,0.00021291823986433706,0.00414676634147749,0.026329265038172404,6.745438118635967e-05,0.026186402887105942,0.026513278484344482,0.00032687559723854065,-3.1080490622557574e-06,-0.00023864954710006714,0.01368863336277413,0.005405928776600159,0.004804874659936402,0.024968479327144057,0.020163604667207655,0.0004368779706615647,0.007623608587091261,-0.28322020139475856,0.048653325047637426,-0.40958158823287405,-0.20685503091591684,0.2027265573169572,-0.0034065280612507794,-0.08390904875414743,-0.3393258134821133,0.011495040821551838,-0.3599684860623658,-0.3240808692897379,0.03588761677262792,-0.0007513298360568561,0.004997479742059996,1759775720.2548232,1759775722.0355005,good
be176f54-cf2a-4d98-8798-4c27e5917335,5be1e58c-349b-43cc-85c8-65af84fc7ba6,0.018287370602289837,0.00047580200057728377,0.017759859561920166,0.019493699073791504,0.0017338395118713379,3.792031588358131e-05,0.0008249282836914062,-0.014537257583032741,0.003153289748102538,-0.020440580769551273,-0.0070408408464043785,0.013399739923146895,-9.542857611614216e-05,-0.0073715089015696685,0.02608370501548052,5.7667251113787996e-05,0.025929506868124008,0.026163429021835327,0.00023392215371131897,-2.153408822413944e-06,4.065409302711487e-05,0.013377753008568275,0.005524989585781896,0.002586141548675667,0.02560347414114561,0.023017332592469943,-0.00015568106199673673,-0.012057516339458913,-0.2750456999489753,0.05556101009033701,-0.35146290208233766,-0.16493648760029253,0.18652641448204513,0.0007822872040076544,-0.008366590734388613,-0.3096554047305829,0.011331621391178617,-0.32279824707053456,-0.29352747634404275,0.029270770726491813,-0.0010508348360914583,-0.010670837039519765,1759775722.0954995,1759775723.8756757,good
be176f54-cf2a-4d98-8798-4c27e5917335,5be1e58c-349b-43cc-85c8-65af84fc7ba6,0.01962690750757853,0.00025766530247696553,0.019150376319885254,0.020181894302368164,0.0010315179824829102,1.220798598513322e-05,0.0002123713493347168,-0.013694694377155137,0.003439079175708546,-0.021908167002434583,-0.008614447858182415,0.013293719144252168,0.00023986402337452368,0.0065235110642792166,0.02639884954939286,8.033331363268447e-05,0.026237361133098602,0.026574915274977684,0.0003375541418790817,2.7632732379423234e-06,8.81049782037735e-05,0.013497984456618596,0.006212104317797725,3.468650657761975e-05,0.024413636923229794,0.024378950416652174,0.00047762280107058777,0.013549116640119974,-0.26753795871936986,0.029519187440287073,-0.32606010169743926,-0.2061167277502596,0.11994337394717966,0.0005827472605833727,-0.009464668341100213,-0.33493322530253844,0.0034467479046023162,-0.3400175937264788,-0.3254377217566001,0.0145798719698787,-0.00017575119535297393,-0.0145798719698787,1759775723.9356747,1759775725.7929618,good
be176f54-cf2a-4d98-8798-4c27e5917335,5be1e58c-349b-43cc-85c8-65af84fc7ba6,0.019745369752248127,0.000416425430238802,0.019252121448516846,0.02077120542526245,0.0015190839767456055,-9.85498820846948e-08,0.0002874135971069336,-0.010052769482168777,0.002220653254162835,-0.012458105238397977,-0.004592495051197892,0.007865610187200086,-1.521860981179091e-06,-0.0017705604790513411,0.026317176160713038,8.513969080956453e-05,0.026164637878537178,0.02642555721104145,0.00026091933250427246,-7.297416467290036e-06,-7.335096597671509e-05,0.021263686562381402,0.004407518885271952,0.014489757189902083,0.03203143381152038,0.017541676621618294,0.00015415574279075458,-0.0014544890071363885,-0.2801256958299329,0.03591076148872445,-0.33581139521021786,-0.18922432395974859,0.14658707125046927,-0.00024386291690604354,-0.026849185452700763,-0.3394299482186716,0.015732513405409376,-0.3641916455600706,-0.31696671244276314,0.047224933117307466,0.001053749195554865,0.0214974620236969,1759775725.853963,1759775727.6196227,good
be176f54-cf2a-4d98-8798-4c27e5917335,5be1e58c-349b-43cc-85c8-65af84fc7ba6,0.019732691844304404,0.0004893937337563854,0.018497705459594727,0.020477473735809326,0.0019797682762145996,-1.623812188561156e-05,0.0005820989608764648,-0.013089037767522509,0.002914128560218187,-0.02175028091239059,-0.008975888455100528,0.012774392457290062,-4.0795304352172335e-05,0.0021329440816267153,0.026266520594557127,0.00011141331405035458,0.026081984862685204,0.026523450389504433,0.0004414655268192291,-8.01650233342995e-06,-1.8903985619544983e-05,0.015124367963745741,0.005105397836684144,0.000568101094910343,0.02250016264504146,0.021932061550131117,-0.00015260386604243876,0.0020261973507705554,-0.290818765906879,0.024724690497703795,-0.3373990375548609,-0.2435202142971597,0.0938788232577012,0.00033277964998420085,0.04720464350022657,-0.3226855955015554,0.003607254552600927,-0.3308372554580824,-0.3175094215710326,0.013327833887049778,0.00031117693189983364,0.0012115778190835425,1759775727.6806362,1759775729.504722,good
be176f54-cf2a-4d98-8798-4c27e5917335,5be1e58c-349b-43cc-85c8-65af84fc7ba6,0.020313775539398192,0.00046982630402016317,0.019656658172607422,0.02130734920501709,0.001650691032409668,2.329434383167441e-05,0.0008365511894226074,-0.013752170571965094,0.003448546343279886,-0.024143326161553513,-0.0089997330267198,0.015143593134833714,-0.00017865150768316108,-0.0014740188786167563,0.026113880053162574,8.28503574125719e-05,0.025976628065109253,0.026237452402710915,0.0002608243376016617,-1.99643238235236e-06,4.2553991079330444e-05,0.014527180345404843,0.005882204289415106,-0.0027837755014855805,0.02334946535026855,0.02613324085175413,-0.00035439756962944924,-0.005072465807821296,-0.28570159239097737,0.04552332899611926,-0.3578828422502234,-0.17713689060403762,0.18074595164618576,-0.002114951894523629,-0.06974601638962225,-0.3196871395147947,0.0058849238892261105,-0.33317216311941905,-0.3103619726172752,0.022810190502143834,-0.00010346172774222638,-0.008207858307115123,1759775729.5637426,1759775731.3043733,good
be176f54-cf2a-4d98-8798-4c27e5917335,5be1e58c-349b-43cc-85c8-65af84fc7ba6,0.023124754428863525,0.001073489270629629,0.021037042140960693,0.025238454341888428,0.004201412200927734,-2.6015869369761433e-05,0.0015067458152770996,-0.0116879064904572,0.002014362651999359,-0.017816566491906764,-0.008492564376981647,0.009324002114925118,3.57316352010768e-05,0.006555270147664773,0.026245088937381904,0.00012996880288849172,0.02597888931632042,0.02647988125681877,0.000500991940498352,8.384833263608319e-06,0.0002477578818798065,0.019000588018735862,0.004101791225298305,0.006035740637507266,0.02651696565122703,0.020481225013719764,0.00020406140564274092,0.012473762336936863,-0.2634647244365318,0.03978260263153387,-0.328539590299649,-0.18231959723629093,0.1462199930633581,-0.0012873104722599927,-0.023354992442236766,-0.3229385942741194,0.008963219143725045,-0.3399804786026494,-0.3106520440357016,0.02932843456694778,0.00019156625283920292,0.02012197234873153,1759775731.4180036,1759775733.1552794,good
be176f54-cf2a-4d98-8798-4c27e5917335,5be1e58c-349b-43cc-85c8-65af84fc7ba6,0.022333951791127522,0.00034801665279033056,0.021675407886505127,0.02319943904876709,0.0015240311622619629,3.5610824856530044e-06,-3.6776065826416016e-05,-0.013078974550008608,0.004388482141533015,-0.020780938454274946,-0.005992791094681052,0.014788147359593894,-0.0003334177969514789,-0.006741210656012226,0.026303383335471154,0.00010959537173357041,0.026052266359329224,0.026522353291511536,0.000470086932182312,-6.719506257633214e-06,-0.0002157352864742279,0.016303370730527022,0.007238563388534204,0.004371612474097654,0.031378397180258415,0.02700678470616076,-0.0004613873202188726,-0.009618697811065214,-0.2598912686263741,0.02950159285863366,-0.30832571837840367,-0.1940217571653899,0.11430396121301376,0.0007625460312193294,0.027831524499095484,-0.3172164085533785,0.003125818414262272,-0.32262716705769,-0.3091459346116371,0.013481232446052926,-6.152853221587284e-05,-0.006368509230470665,1759775733.2725084,1759775735.032789,good
be176f54-cf2a-4d98-8798-4c27e5917335,5be1e58c-349b-43cc-85c8-65af84fc7ba6,0.02263498107592265,0.0006804053787699,0.021750569343566895,0.023744702339172363,0.0019941329956054688,6.951791160761713e-05,0.0018224716186523438,-0.012741303308782344,0.001886931930631563,-0.016945700767427768,-0.010207756952442477,0.006737943814985291,-8.739037071887413e-05,0.0014274748136763153,0.026227794773876666,5.502506240963541e-05,0.026098236441612244,0.026299212127923965,0.0002009756863117218,-3.4979191319695834e-08,-5.3161755204200745e-05,0.016943296171962288,0.003521271113310814,0.009283852669180363,0.02146911592616492,0.012185263256984557,-0.0001379763351774015,0.00356618129553566,-0.27298259551981585,0.05030937171100792,-0.38573798471608106,-0.18796933584286446,0.1977686488732166,0.0011808396189154394,0.06984467779853343,-0.32194893197511126,0.006409970080495427,-0.33505372467595534,-0.30994048498786486,0.025113239688090483,0.00020686122691628396,-0.013525993603975939,1759775735.0917892,1759775736.8795164,good
be176f54-cf2a-4d98-8798-4c27e5917335,5be1e58c-349b-43cc-85c8-65af84fc7ba6,0.023189218839009602,0.0008300724430758754,0.02190232276916504,0.024385571479797363,0.0024832487106323242,2.2242305276126035e-05,-0.0007483959197998047,-0.011374699510282119,0.0023505528168346625,-0.015943454147628468,-0.006952501423583264,0.008990952724045204,2.7700165558503436e-05,0.005665274879852803,0.026515358003477256,0.00021908209177961088,0.026143783703446388,0.02680087275803089,0.0006570890545845032,8.49351228874703e-06,4.9190595746040344e-05,0.0194408825904553,0.0039588578427776685,0.012307656897356257,0.02690423408504501,0.014596577187688751,5.047592098057031e-05,0.01109677390146088,-0.25336071556477224,0.028349796615420173,-0.3263606273349354,-0.2029880541805624,0.12337257315437303,0.00011299917644603806,-0.0322636520161059,-0.3161634062955489,0.00909028150328475,-0.32744783226133517,-0.29050968226272045,0.03693814999861472,0.0009335873188010002,0.03351033733902248,1759775736.939514,1759775738.7178922,good
be176f54-cf2a-4d98-8798-4c27e5917335,5be1e58c-349b-43cc-85c8-65af84fc7ba6,0.022597817579905193,0.0007150146670416164,0.021574318408966064,0.02382129430770874,0.0022469758987426758,6.58893213919193e-05,0.0011841058731079102,-0.0122717886504134,0.0024027739138053846,-0.017741092360552543,-0.006237197953778586,0.011503894406773955,-6.323749034550612e-05,-0.002965618076986703,0.026417025116582712,0.0001553777640231925,0.026167502626776695,0.02666255459189415,0.0004950519651174545,1.5160566127472645e-05,0.0003508739173412323,0.017590159646528717,0.004355179798086991,0.008999551445250031,0.02815863683577269,0.019159085390522662,-0.00023757142584080303,-0.007934182127120187,-0.2760091698337507,0.027728871451987373,-0.34625433801863764,-0.22570233610537388,0.12055200191326376,-0.00040476626210665976,0.025307289353620088,-0.30056584187806457,0.007316152577137199,-0.3104900436883432,-0.28890513014970065,0.02158491353864256,-0.0007005371847952546,-0.01584608707425622,1759775738.7758925,1759775740.5695307,good
be176f54-cf2a-4d98-8798-4c27e5917335,5be1e58c-349b-43cc-85c8-65af84fc7ba6,0.023417788743972778,0.0004415567650574738,0.022526443004608154,0.02424389123916626,0.0017174482345581055,1.9309425247922224e-05,4.315376281738281e-05,-0.011736811437418141,0.002439897358000425,-0.017745032777048947,-0.0075258488631969375,0.01021918391385201,-6.45265819261283e-06,-0.004018652287184114,0.02644573592891296,8.199118590096093e-05,0.026345090940594673,0.0266568586230278,0.00031176768243312836,-4.33402883926939e-06,-0.00018696114420890808,0.017687939639956404,0.004182637561454104,0.008026071103439811,0.024119704578102804,0.016093633474662992,6.574020553514937e-05,-0.0047299315908819195,-0.26962441173279217,0.03798440530524639,-0.3261763039354661,-0.18873280256765074,0.13744350136781536,-0.0005164434733156024,0.05230368754651524,-0.31820719120877133,0.006193921744106461,-0.3300538555482411,-0.3071875941294108,0.022866261418830303,-0.0002824870458980505,-0.012476575424627712,1759775740.6315286,1759775742.4298024,good
be176f54-cf2a-4d98-8798-4c27e5917335,5be1e58c-349b-43cc-85c8-65af84fc7ba6,0.023387344678243,0.0003853168198077222,0.022832036018371582,0.024350881576538086,0.001518845558166504,-1.0344952974754395e-05,0.0007780790328979492,-0.012703962530006437,0.002177435439221897,-0.016826444230557937,-0.007659082091058291,0.009167362139499646,-1.1265733293075224e-05,0.0025402888467892723,0.026156909950077533,0.00012754453801203133,0.025945359840989113,0.02645813673734665,0.0005127768963575363,-1.1442304569171188e-05,-0.0003886595368385315,0.01677822857449905,0.003995874815978345,0.009526057809073686,0.02692577849766483,0.017399720688591143,-0.00011699355050091235,0.0023954568733566307,-0.27929269619305946,0.03337940567415798,-0.3437179190014198,-0.20534990018419927,0.13836801881722052,-0.0013810738966562877,-0.13836801881722052,-0.31717393589593773,0.008420380256886809,-0.33065311347032794,-0.30337843551939964,0.027274677950928305,-0.00011646902231007028,-0.00797274275873655,1759775742.4888017,1759775744.303659,good
be176f54-cf2a-4d98-8798-4c27e5917335,5be1e58c-349b-43cc-85c8-65af84fc7ba6,0.022692791620890298,0.0022907743731786106,0.01534038782119751,0.024687230587005615,0.009346842765808105,-0.00018494985790486066,-0.00891190767288208,-0.013105541489150328,0.0026154272918812917,-0.020420743971975356,-0.007920766160947756,0.0124999778110276,8.752931158100839e-05,0.0004809328852022586,0.026361281735201678,0.0001806784328493365,0.026020312681794167,0.026651624590158463,0.000631311908364296,-3.8185883085507573e-07,-7.590837776660919e-05,0.016804597863893333,0.004742917494830699,0.004874353832189544,0.027258195098786697,0.022383841266597152,0.00026459188247856597,0.005110979374108676,-0.2493035072112976,0.034220471366343035,-0.32669105525198733,-0.1834004858827872,0.14329056936920012,0.0002357705496554766,0.04172209523731185,-0.3128168008897259,0.01775078963950622,-0.3522727527471457,-0.29203474747964203,0.06023800526750367,0.0012413062417702884,0.008221398159155957,1759775744.363657,1759775746.1896517,good
be176f54-cf2a-4d98-8798-4c27e5917335,5be1e58c-349b-43cc-85c8-65af84fc7ba6,0.00600430965423584,0.0016195676449913567,0.003316521644592285,0.011065065860748291,0.007748544216156006,8.456996073314425e-05,-0.0036710500717163086,-0.010101952840323761,0.0031611157809711137,-0.019040789907670216,-0.0035863753724491316,0.015454414535221084,-9.845270519916035e-05,-0.0037648153715139875,0.026359178125858307,0.00020789910929351626,0.0259866900742054,0.02671787701547146,0.0007311869412660599,-1.748531178319547e-05,-3.729015588760376e-05,0.01954775640193126,0.0066041268356511655,0.0008532829631697968,0.030473934424182537,0.02962065146101274,-0.0004551452180400483,-0.013998118627733251,-0.28727843740273246,0.03719745290598621,-0.3623500053865438,-0.21899342278081005,0.14335658260573378,-0.0012289226206775243,-0.03186256750843125,-0.33668588746764644,0.008720597969071936,-0.3506643776170791,-0.3079052062875716,0.04275917132950746,-8.126420212290632e-05,-0.03685977814915525,1759775746.2503233,1759775748.0819995,good
be176f54-cf2a-4d98-8798-4c27e5917335,5be1e58c-349b-43cc-85c8-65af84fc7ba6,0.004746448993682861,0.002231034068107227,0.0014444589614868164,0.007531404495239258,0.006086945533752441,-0.00020329092978370339,-0.0035406947135925293,-0.015013168963110094,0.0037902076303708188,-0.0221581982167022,-0.007841957831019654,0.014316240385682544,0.0001580275259075861,0.011965630391096294,0.02641946921745936,0.0002745525073480824,0.025907188653945923,0.026964643970131874,0.0010574553161859512,1.6073137521743776e-05,0.0002597197890281677,0.010569854748113212,0.007388734373352149,-0.003349684723509858,0.024379531408402027,0.027729216131911885,0.000435900850423975,0.02552069316439179,-0.27338993918330184,0.04029557898835112,-0.35818780406666173,-0.19811333477959311,0.16007446928706862,-0.0008007592476776554,0.05806378473657156,-0.3331912516559236,0.009784235931203892,-0.35004090725369585,-0.3171714031471442,0.03286950410655165,0.001012038406915661,0.027395421572656564,1759775748.146999,1759775749.99599,good
be176f54-cf2a-4d98-8798-4c27e5917335,5be1e58c-349b-43cc-85c8-65af84fc7ba6,0.0039530555407206215,0.00041834175047486733,0.0029668807983398438,0.004937887191772461,0.001971006393432617,-3.2807881627915574e-06,-0.000610649585723877,-0.01235406701663506,0.003358991948403864,-0.019386401481055762,-0.003643460893486795,0.015742940587568966,-0.0001265056250032496,0.004279393351416321,0.026217724196612835,0.0001109719455846596,0.026058612391352654,0.02641168236732483,0.0003530699759721756,-9.781269313098327e-06,-0.0002818256616592407,0.016495400278063847,0.006099827820754051,0.002885136955539167,0.032821990581713895,0.02993685362617473,-0.00022949136137082756,0.00583678817920728,-0.2492741109214132,0.05800973773680556,-0.34307519263692887,-0.1630446397929224,0.18003055284400646,0.0006789606220848127,-0.08446174929601466,-0.3284407069566119,0.006762062262627691,-0.33957651313470355,-0.3175865190814765,0.021989994053227047,-0.0005099964630120173,-0.005867534704962152,1759775750.0519874,1759775751.8693337,good
be176f54-cf2a-4d98-8798-4c27e5917335,5be1e58c-349b-43cc-85c8-65af84fc7ba6,0.005641671021779379,0.001130987283189428,0.0032993555068969727,0.007696390151977539,0.004397034645080566,0.00012790817307418127,0.004397034645080566,-0.013865315534075254,0.0027632385587584704,-0.01989464785154507,-0.00939020472637211,0.01050444312517296,-0.00011944426887164579,0.0013137079168826678,0.026008854620158672,9.91662870660183e-05,0.025757500901818275,0.026154333725571632,0.00039683282375335693,2.3170481037112312e-06,-0.0003158152103424072,0.012557852604527428,0.005050453266916475,0.0025684617848917724,0.021512661256230997,0.018944199471339226,-0.00018812409519560925,0.000913785018161738,-0.2905676005702879,0.04264729509321717,-0.37596700956433393,-0.18804278765372498,0.18792422191060895,5.698180843244164e-05,0.06389609726359513,-0.32700557821571635,0.016185985712281508,-0.36150884334747463,-0.3063232736920788,0.05518556965539584,0.0007768819634530095,-0.035807174122268026,1759775751.9393327,1759775753.844492,good
be176f54-cf2a-4d98-8798-4c27e5917335,5be1e58c-349b-43cc-85c8-65af84fc7ba6,0.008201473951339721,0.0004890422388418065,0.007083594799041748,0.009153246879577637,0.0020696520805358887,2.9985273507598776e-05,0.00029671192169189453,-0.013750963749248956,0.002452633625449536,-0.018732528094066836,-0.0074739498732742,0.011258578220792636,0.00010421694528598387,0.005955552228421307,0.025922275769213837,0.00018899131502231727,0.025435566902160645,0.026257004588842392,0.0008214376866817474,8.82158895024203e-06,0.0003754887729883194,0.011671954284408226,0.004303023051246124,0.004584683172664505,0.022468997925749308,0.0178843147530848,0.0002615190808987872,0.01260797862278582,-0.25006304944686997,0.054619702919770044,-0.34667782703864186,-0.12729417414778046,0.2193836528908614,-0.002862377042224451,-0.07125330108517008,-0.3256152371814734,0.030026409600647105,-0.40926772451231935,-0.29797651243226303,0.11129121208005632,0.002471892017977622,0.0851519701920293,1759775753.9145024,1759775755.7971034,good
be176f54-cf2a-4d98-8798-4c27e5917335,5be1e58c-349b-43cc-85c8-65af84fc7ba6,0.009445716937383017,0.0007406480956266834,0.008472442626953125,0.010632812976837158,0.002160370349884033,7.211418120030965e-05,0.0017129182815551758,-0.011777437019233497,0.003084991192690768,-0.017710276282824247,-0.006816674930164446,0.0108936013526598,-0.00010155591009424524,-0.004875507641898114,0.026242544191579023,8.710746512181093e-05,0.026076188310980797,0.02641046792268753,0.0003342796117067337,2.766789679930393e-06,0.00011813268065452576,0.014977142354165982,0.005855666134893535,0.005166441589232811,0.025212713815753053,0.020046272226520244,-0.0001246077256756885,-0.008570515341169987,-0.2749387915441978,0.03285040006259329,-0.34293966062883396,-0.2032550404636995,0.13968462016513447,0.00154175740801831,0.030407102907597572,-0.3191820340069773,0.012103517480426242,-0.3442065053631393,-0.30664297349261793,0.03756353187052136,0.0010275673051262787,-0.0007064616917742961,1759775755.8591032,1759775757.7781417,good
be176f54-cf2a-4d98-8798-4c27e5917335,5be1e58c-349b-43cc-85c8-65af84fc7ba6,0.010090863704681397,0.0003726271133364341,0.009240269660949707,0.010714411735534668,0.001474142074584961,5.890821853654668e-06,0.00022596120834350586,-0.01323073671640933,0.002645462814351256,-0.018741991829412902,-0.006316578822855738,0.012425413006557164,-3.831510057262151e-05,-0.00360884897155799,0.026199959094325702,0.00011095385855043137,0.02598278783261776,0.026361506432294846,0.0003787185996770859,3.2928441801378802e-06,8.34781676530838e-05,0.01207235089653992,0.005124020563360654,0.0023857538350593927,0.02672414594477219,0.024338392109712795,7.02410007480222e-06,-0.0068354323406583616,-0.20637688459784867,0.045168664751473485,-0.2956114683940966,-0.10153727855165184,0.19407418984244473,0.0007939998604743406,0.052412043436909916,-0.3236584471450495,0.009640506826168495,-0.34544341067015794,-0.3096426082429679,0.035800802427190026,-0.00068948502253636,-0.003918433180598979,1759775757.8381429,1759775759.6831176,good
be176f54-cf2a-4d98-8798-4c27e5917335,5be1e58c-349b-43cc-85c8-65af84fc7ba6,0.010384577512741088,0.0003336733514220505,0.009844303131103516,0.010954678058624268,0.001110374927520752,1.7795215326633814e-05,0.00016200542449951172,-0.01143661905793902,0.0022544875854978996,-0.01768265968857594,-0.006617363948747992,0.011065295739827948,4.305728166760962e-05,0.0014460991754071846,0.026285212859511374,0.0001301778092630292,0.026000473648309708,0.02645721100270748,0.00045673735439777374,-4.099752003942369e-06,9.305775165557861e-06,0.01703682461374713,0.005097534250052698,0.0074572710406712915,0.028880834077686046,0.021423563037014755,0.0003065917331941641,0.006520510967528686,-0.234515130477118,0.030663337076932293,-0.27997704525037126,-0.16688183263451964,0.11309521261585162,-6.946923491074566e-05,0.01217464422713016,-0.31664351351967696,0.022358625976124223,-0.33952171655703267,-0.28439237711070026,0.055129339446332415,0.0023600690882976823,0.05186942095204572,1759775759.752116,1759775761.6080158,good
be176f54-cf2a-4d98-8798-4c27e5917335,5be1e58c-349b-43cc-85c8-65af84fc7ba6,0.010446051756540934,0.0006527795825058329,0.008560478687286377,0.011496305465698242,0.0029358267784118652,-3.198092188002402e-05,0.00015479326248168945,-0.011750084242044066,0.0027981509150991433,-0.01728262321725714,-0.006068938801504743,0.011213684415752396,9.795885974483592e-05,-0.001347016223848009,0.026558338788648446,0.00011753824712806001,0.026396330446004868,0.02688620798289776,0.0004898775368928909,1.8611015778892696e-06,3.882311284542084e-05,0.016958759921846575,0.006046679739809887,0.0030911006301128845,0.027562166979664935,0.02447106634955205,0.00028109745938810303,0.0001860099096932643,-0.24316135208445114,0.044578184595424494,-0.3274259712684153,-0.1407323993276552,0.18669357194076008,0.00188295749408692,-0.003679818653714584,-0.3144481512902946,0.014544151967496073,-0.3355359027009837,-0.28672075378458195,0.04881514891640176,0.0004157460163038942,-0.0038835481500469338,1759775761.6720166,1759775763.4957068,good
be176f54-cf2a-4d98-8798-4c27e5917335,5be1e58c-349b-43cc-85c8-65af84fc7ba6,0.010505394140879313,0.00033690861591921463,0.009837627410888672,0.011067569255828857,0.0012299418449401855,-1.6398901934088004e-05,-2.4080276489257812e-05,-0.012263344259277801,0.0028712957166308543,-0.021596234202522584,-0.006581361339904769,0.015014872862617816,-9.851998782113871e-05,0.0008819123621783154,0.026502631418406964,0.00010732402622940395,0.026307042688131332,0.026780253276228905,0.0004732105880975723,-7.955235189802788e-07,6.0575082898139954e-05,0.015509236144989252,0.005617390893584256,-8.451832372396035e-05,0.026746117020349205,0.026830635344073164,-0.0003447409735398269,-0.0027302437452279907,-0.244585689222333,0.03314826970946596,-0.2867001878901928,-0.17668061858338563,0.11001956930680717,0.00016353744457632275,-0.009316334224316325,-0.318574184916027,0.01981212097792634,-0.34018612506129214,-0.2892283343825327,0.05095779067875944,-0.0020726469909170754,-0.047270490737115256,1759775763.5567102,1759775765.3715754,good
be176f54-cf2a-4d98-8798-4c27e5917335,5be1e58c-349b-43cc-85c8-65af84fc7ba6,0.009783963362375895,0.00030071158088302956,0.00928354263305664,0.010585188865661621,0.0013016462326049805,-2.100523374767537e-05,-0.0008661150932312012,-0.011780835207476978,0.001988901683500232,-0.016409736766369733,-0.008154900994135858,0.008254835772233874,-5.941320005823709e-05,-0.0007060418070994508,0.026397677635153136,0.0001303427476397776,0.026180163025856018,0.02662333846092224,0.00044317543506622314,-1.0094644959696939e-05,-0.00016140379011631012,0.015047874086278605,0.003538491326092358,0.007176685968189625,0.023604078448092102,0.016427392479902478,-5.955330715834347e-05,-0.000735203734425276,-0.2521990158954198,0.04564320158124317,-0.3325558317957021,-0.19361250403763194,0.13894332775807014,0.0020841178283108404,-0.0356731794498141,-0.3332872784104952,0.009551698465542624,-0.3448256748323449,-0.3188009641633452,0.026024710668999695,0.000973449784302363,0.02113061167958047,1759775765.432587,1759775767.242588,good
be176f54-cf2a-4d98-8798-4c27e5917335,5be1e58c-349b-43cc-85c8-65af84fc7ba6,0.009297319253285726,0.0027348091529828347,0.00013566017150878906,0.010815024375915527,0.010679364204406738,-0.0001661442808632856,-0.008717060089111328,-0.012875531183086951,0.002712506184843339,-0.019390476612646063,-0.009443181437046,0.009947295175600062,-2.6286556172240036e-05,-0.006033282837598259,0.02646997608244419,0.0003865803979152205,0.02615664154291153,0.02771475352346897,0.0015581119805574417,2.5232850643365878e-05,0.0011264383792877197,0.014224742284535944,0.004386228715859647,0.004920560496555647,0.020115270461127502,0.015194709964571854,0.00022208478621332128,0.004441408919059017,-0.2281033121230786,0.05254467897623722,-0.2951218148668164,-0.07537766077763881,0.21974415408917758,-0.0022909051737017845,0.027765675687281666,-0.31919966767310565,0.008342126841949226,-0.3434291585636221,-0.30988011317700076,0.033549045386621346,-0.0004910466591230595,-0.021752011242063385,1759775767.303589,1759775769.108232,good
be176f54-cf2a-4d98-8798-4c27e5917335,5be1e58c-349b-43cc-85c8-65af84fc7ba6,0.005492222309112549,0.0025491173386922444,0.000308990478515625,0.011435389518737793,0.011126399040222168,0.00025684868003157804,0.007596075534820557,-0.01000214354988334,0.0032945690307003804,-0.01809849150465383,-0.003775178576541839,0.014323312928111991,0.00024306587448352467,0.0030515663068911986,0.026956042926758527,0.0007319550058253527,0.02602137252688408,0.02808747347444296,0.00206610094755888,-7.329596780464301e-05,-0.001071251928806305,0.02270165866879021,0.005862491973263876,0.008324106128084999,0.03286544086363351,0.02454133473554851,0.00039963737235176015,-0.0009294148065727391,-0.2524841374578432,0.029887395762732784,-0.3044565909677133,-0.19908674556369899,0.10536984540401434,0.001011774584343926,0.030183149862145153,-0.33046132013873397,0.017858793257988694,-0.35892751037899595,-0.3026960269765448,0.056231483402451155,0.0010307718283232709,-0.005178754467029312,1759775769.1732323,1759775771.0061595,good
be176f54-cf2a-4d98-8798-4c27e5917335,5be1e58c-349b-43cc-85c8-65af84fc7ba6,0.0077159027258555096,0.003207271948250088,0.00482630729675293,0.013123750686645508,0.008297443389892578,-0.00029801822477771385,-0.006093144416809082,-0.01347655247086384,0.0025472577901932696,-0.018627618714696734,-0.007244732141013235,0.011382886573683498,-7.064115618204565e-05,-0.004064388061561194,0.026828296513607106,0.0005988731632316365,0.02600729838013649,0.02802853100001812,0.00202123261988163,-6.432244958184055e-05,-0.0012661023065447807,0.015903232009573148,0.005295890748937645,0.0034915070278203056,0.026467625877687494,0.022976118849867187,-0.0004115649341885134,-0.013968040848133101,-0.22347192179578432,0.05166326526814207,-0.2958684905392095,-0.09568214716200484,0.20018634337720465,0.002206265798089154,0.11959608920784648,-0.3599880949539684,0.012647528134628796,-0.38043930871661835,-0.3311681057250081,0.04927120299161025,-0.00020682284790755545,-0.017453028572930296,1759775771.0661612,1759775772.8603892,good
be176f54-cf2a-4d98-8798-4c27e5917335,5be1e58c-349b-43cc-85c8-65af84fc7ba6,0.01853912870089213,0.013758341398508013,0.002608358860015869,0.05599313974380493,0.05338478088378906,0.0011662627088612526,0.04928821325302124,-0.020506585552430515,0.004254139799143792,-0.02614717950445612,-0.012984032964960897,0.013163146539495222,-0.00040910891850782756,-0.010851166098083129,0.009227693701783815,0.012279872292978406,-0.003646623343229294,0.02649150788784027,0.030138131231069565,-0.001199020340922677,-0.02308971993625164,-0.12512806080087205,0.15478771996027843,-0.39800766894536677,0.014969840612369325,0.4129775095577361,-0.014932870411796853,-0.1282530286283062,0.14412300189585714,0.33991313377831456,-0.25596692881976546,0.9088786206012263,1.1648455494209917,0.03052213623108684,0.01761694296286799,-0.36769701767799995,0.3791240473003333,-1.0,0.18875791174640513,1.188757911746405,-0.01579858006304384,0.3613238543904963,1759775772.9200704,1759775774.7009926,good
be176f54-cf2a-4d98-8798-4c27e5917335,5be1e58c-349b-43cc-85c8-65af84fc7ba6,0.012208807468414306,0.007679614189463068,0.0016544461250305176,0.03576493263244629,0.03411048650741577,-0.00029280893794686696,-0.03411048650741577,-0.009491246659921663,0.004969167217862383,-0.018775872675527293,-0.0027319448894252297,0.016043927786102065,0.00042414755854457197,0.0056094017946601874,0.0155778003235658,0.00974824464140761,-0.00622471421957016,0.02517298236489296,0.03139769658446312,0.0009026869294441847,0.016904769465327263,0.004096567863418988,0.036308523837243686,-0.09729636010971289,0.03757510434630424,0.13487146445601714,0.003172155259683414,0.11264974319977034,-0.27408104406869543,0.06807329097327593,-0.45031140823796934,-0.10563307530416711,0.34467833293380223,-0.00016927614640116566,-0.049437490089889014,-0.028004075154863545,0.13685255192412998,-0.1728399255324456,0.2878008143780034,0.460640739910449,-0.01309156480671084,-0.26917863026559746,1759775774.7599926,1759775776.428548,good
be176f54-cf2a-4d98-8798-4c27e5917335,5be1e58c-349b-43cc-85c8-65af84fc7ba6,0.010839537779490153,0.005801367882577726,0.00244903564453125,0.01822960376739502,0.01578056812286377,0.0006103414316994196,0.013474047183990479,-0.009502035093691023,0.0034913402848397892,-0.015032308610075111,-0.0034740229841413767,0.011558285625933735,-0.00018811163913822886,-0.003148561174495014,0.01182862725108862,0.001702469328344694,0.009192153811454773,0.01471603661775589,0.005523882806301117,0.00011083974530951465,-0.0008519235998392105,-0.004222061304791835,0.009512965676344982,-0.018765354346638143,0.019630782080740383,0.038396136427378526,-6.875898271331421e-05,-0.01714665663934766,-0.2530564491004742,0.06078804332822102,-0.36096685148901503,-0.15745521875058618,0.20351163273842884,-0.0020056310607423577,-0.08986990688291846,-0.05204788954106085,0.02615973134646209,-0.12128462914774576,-0.011796606774766225,0.10948802237297954,0.00015954136209828495,0.04107640665940508,1759775776.4875484,1759775778.3105636,moderate
be176f54-cf2a-4d98-8798-4c27e5917335,5be1e58c-349b-43cc-85c8-65af84fc7ba6,0.0153738538424174,0.000992672608493154,0.013129770755767822,0.016891121864318848,0.0037613511085510254,-8.799584211576502e-05,-0.002765178680419922,-0.007955411515219994,0.0015665664033545172,-0.010595062847388273,-0.004615463974706851,0.005979598872681422,6.202343612113245e-05,0.004970919607148673,0.013469051445523898,0.0006496421394186593,0.011838588863611221,0.014033051207661629,0.0021944623440504074,-4.468223409472371e-05,-0.0020236708223819733,-0.0007220315455154768,0.004698528859786005,-0.00793190759623247,0.007057445277077941,0.014989352873310411,0.000165106286419821,0.006549237119798405,-0.2946066275507464,0.05446123664821375,-0.38591454069178366,-0.1896773173514864,0.19623722334029725,0.002835967643760205,0.11945750547695083,-0.0552810575355117,0.030112820643599505,-0.07808294359507055,0.018989193748899305,0.09707213734396986,0.0021964727695292013,0.09699918143532665,1759775778.369023,1759775780.1697621,moderate
be176f54-cf2a-4d98-8798-4c27e5917335,5be1e58c-349b-43cc-85c8-65af84fc7ba6,0.024199209610621133,0.012253658001840348,0.009333491325378418,0.045614421367645264,0.036280930042266846,0.0012025608369320197,0.025746941566467285,-0.01013408912597222,0.007311138800261111,-0.023393906094220134,0.0013451400697354911,0.024739046163955624,0.00046575313897178244,0.00888951225834288,0.011651959580679735,0.001377981374964261,0.00915272906422615,0.013511370867490768,0.004358641803264618,-0.00011759678542083574,-0.002646487206220627,-0.011950911706475402,0.011450387161170146,-0.03333985000058318,0.007451961699320403,0.04079181169990358,7.484279561252572e-05,-0.005242581133983274,-0.1270684746377617,0.21244912281692482,-0.34139628964001606,0.3476008171829173,0.6889971068229334,0.008834112648649847,-0.06060893799490902,0.041058133104142885,0.0307542400284978,-0.047809427355677,0.09250867882176024,0.14031810617743723,0.0019720026297048374,0.0633738350001461,1759775780.2317626,1759775782.0170197,moderate
be176f54-cf2a-4d98-8798-4c27e5917335,5be1e58c-349b-43cc-85c8-65af84fc7ba6,0.032240017255147295,0.002945317528276779,0.027743220329284668,0.03924065828323364,0.011497437953948975,-0.00031379799423811826,-0.011497437953948975,0.002182224861794733,0.001931339021613823,-0.0010916202273960958,0.0064862385192460004,0.007577858746642096,0.00013900681858428337,0.0009338113521010534,0.008907743915915489,0.00020591454217852578,0.008393701165914536,0.009251892566680908,0.0008581914007663727,-2.0757255385794548e-05,-0.0006920993328094482,-0.000718337199039089,0.004091723343491753,-0.008273615684176535,0.007085387632267876,0.015359003316444412,0.0002042927519029565,-0.0016841009857035709,-0.2728351560379326,0.15691440736977885,-0.4519041888551084,0.08960605052458302,0.5415102393796914,3.0364766238137755e-05,-0.08632561201606276,0.08063507814134814,0.010779020145181768,0.06604702916278599,0.09908840974406695,0.03304138058128096,-0.0005412460127261731,0.0027388731292824764,1759775782.0780165,1759775783.9899821,moderate
be176f54-cf2a-4d98-8798-4c27e5917335,5be1e58c-349b-43cc-85c8-65af84fc7ba6,0.020463297764460247,0.0043845917435449515,0.014863789081573486,0.02736884355545044,0.012505054473876953,-0.00022713600992493426,-0.009662091732025146,-0.008017766641680486,0.02080821856699131,-0.0521394801869094,0.005564349452954582,0.05770382963986398,-0.001715481029098196,-0.05479064941317559,0.006845950645705064,0.004817316100740197,0.0014650598168373108,0.018974630162119865,0.017509570345282555,0.00021464210935972955,0.010749323293566704,-0.031162928828369456,0.02513228081697089,-0.0886838229728109,0.0038785043724178965,0.09256232734522879,-0.0025876462097461253,-0.07091307792417285,-0.25149553865274654,0.186311438419003,-0.4168854132133904,0.16264230421364737,0.5795277174270378,0.013948414530165569,0.3392903568370154,0.10654896379395774,0.036908507862089,0.005315536111490505,0.15031747534077267,0.14500193922928217,-0.0008479002460017808,-0.0813840683076483,1759775784.0489793,1759775785.931861,moderate
be176f54-cf2a-4d98-8798-4c27e5917335,5be1e58c-349b-43cc-85c8-65af84fc7ba6,0.028709320227305095,0.007860026264798137,0.014648139476776123,0.036296546459198,0.021648406982421875,0.0007126657265312018,0.015849649906158447,-0.015787842497419723,0.020312380239218275,-0.05955035957466964,0.00378590814091043,0.06333626771558007,0.0021221147413218915,0.06333626771558007,0.015873095703621706,0.002491615729973201,0.012740638107061386,0.019906334578990936,0.00716569647192955,-0.00025988069214796995,-0.006863437592983246,-0.01728197344694795,0.03179115477350654,-0.08874377545518974,0.010590897973288875,0.09933467342847863,0.0031608422400392186,0.09128130800941942,-0.14721980953509264,0.17182453025320904,-0.3444905112981588,0.2441438560849331,0.5886343673830918,-0.016164651836310592,-0.38805101723126517,-0.010940792550363352,0.0208272736886321,-0.042139574490510076,0.03071279410768324,0.07285236859819332,0.0012490045464436555,0.020485636845308963,1759775785.991863,1759775787.7940376,moderate
be176f54-cf2a-4d98-8798-4c27e5917335,5be1e58c-349b-43cc-85c8-65af84fc7ba6,0.030995506048202514,0.0008727274195776251,0.03004300594329834,0.033441126346588135,0.003398120403289795,-4.1575545861538046e-05,-0.0014830231666564941,0.0014751008434409985,0.0015601275690093272,-0.0023211312105948967,0.005132924364758438,0.0074540555753533355,-2.0616781486073743e-05,-0.00439292449679565,0.012254980951547622,0.00013710303940207106,0.012013230472803116,0.012475874274969101,0.0004626438021659851,7.516155651334395e-06,-0.0003904588520526886,0.002830060687790437,0.00404412876666103,-0.005338792185200781,0.009885720263179671,0.015224512448380453,-0.00024014530863342176,-0.01066248893886927,-0.15732397515841845,0.1094600488941874,-0.3262553330328247,0.03325312801772551,0.35950846105055023,0.006840826129852918,0.0323172742057502,0.051336399390414705,0.00728040570820867,0.03746456079709621,0.0629691818553534,0.02550462105825719,-0.00032557306463120496,0.018052923664524857,1759775787.8520367,1759775789.6129398,moderate
be176f54-cf2a-4d98-8798-4c27e5917335,5be1e58c-349b-43cc-85c8-65af84fc7ba6,0.031347626447677614,0.0013041291517629319,0.02931588888168335,0.03354865312576294,0.00423276424407959,-0.00013550896533206518,-0.0027385950088500977,0.0030484496512890717,0.0026308669760085395,-0.0037653780534610366,0.007676951555403274,0.01144232960886431,0.00012772012128493918,0.004970953285922146,0.010696592926979064,0.0010684316718001352,0.00942186638712883,0.012091994285583496,0.002670127898454666,-0.00011756694456096221,-0.0024213530123233795,0.002986955382173663,0.004661705753003402,-0.009407513144397377,0.012041944676317242,0.02144945782071462,7.315740968067314e-05,0.007334304707784974,-0.20882634847889478,0.09592376924227504,-0.3433112769382135,0.02172510702094715,0.36503638395916066,-0.0014699005666885534,-0.02003382356449268,0.06439620792400805,0.016785768531837015,0.03597772575064265,0.09192885456966135,0.0559511288190187,0.0017887594832960672,0.029355354978652354,1759775789.6719396,1759775791.4353778,moderate
be176f54-cf2a-4d98-8798-4c27e5917335,5be1e58c-349b-43cc-85c8-65af84fc7ba6,0.028189808130264282,0.0008633219689132922,0.027200043201446533,0.03011423349380493,0.0029141902923583984,-8.413328875158733e-05,-0.0019940733909606934,0.0008140437740701656,0.0027829534680118948,-0.0044341711370987445,0.00643373331140074,0.010867904448499485,-0.00014871693719773713,-0.006908493123855338,0.009564513092239697,0.00028925478701110973,0.009076233953237534,0.010016608983278275,0.000940375030040741,-1.6738836538539714e-05,-0.0004336908459663391,-0.004427982779523789,0.005294785620763379,-0.014535220347981333,0.007355073247214175,0.02189029359519551,-0.00018305151134837756,-0.01562339212200191,-0.18831900178099065,0.12475718011932867,-0.3690744930205738,0.08817558176966427,0.4572500747902381,-0.0011127299013604056,0.011593304187555886,0.08316991897474096,0.007882167455257166,0.07163436857669268,0.09995814612221526,0.02832377754552258,0.00040766913088237144,0.008194955624582154,1759775791.4943807,1759775793.2630146,moderate
be176f54-cf2a-4d98-8798-4c27e5917335,5be1e58c-349b-43cc-85c8-65af84fc7ba6,0.02675379514694214,0.00045785047646460214,0.02609562873840332,0.028035879135131836,0.0019402503967285156,-1.501185742846055e-05,-0.00039011240005493164,0.0027541544250451705,0.0027524903409205264,-0.0026879267324953033,0.007021360550967197,0.0097092872834625,3.911570383418824e-05,-0.0012709021957977907,0.00922076851129532,0.00010366083851690453,0.008968476206064224,0.009388696402311325,0.00042022019624710083,1.493025077993798e-06,0.00010587647557258606,-0.00017658765072739186,0.0061068341479269825,-0.01495045106351645,0.008012195036238644,0.022962646099755096,-0.00023831812257141854,-0.009320261283238856,-0.24537393913706293,0.07212909821367226,-0.40602207585819433,-0.0870798174182433,0.31894225843995105,0.0013465196873204198,-0.12173424853407705,0.09262395340521325,0.007552809822977829,0.08192497471243224,0.10443458049927097,0.022509605786838735,-0.0006602263263137915,-0.01381383492912501,1759775793.3220148,1759775795.112431,moderate
be176f54-cf2a-4d98-8798-4c27e5917335,5be1e58c-349b-43cc-85c8-65af84fc7ba6,0.025744146108627318,0.0008002170712471255,0.023958861827850342,0.02696746587753296,0.003008604049682617,-7.928010486522161e-05,-0.002328038215637207,0.0011001281153412148,0.003592873573535373,-0.00599875223758587,0.007653544807839158,0.013652297045425029,-6.805865734259841e-05,9.052854309689578e-05,0.009317358707388241,0.00018978976705598437,0.009010449051856995,0.009724270552396774,0.0007138215005397797,8.459995035600078e-06,0.0004339367151260376,-0.0027831393592665787,0.009144800068512246,-0.020620435848144752,0.014477136641213827,0.035097572489358575,0.00014242114741642648,0.010045405168846777,-0.2168091760825317,0.08734893350750873,-0.39224775010843205,0.002684994116475422,0.3949327442249075,9.628308782491712e-05,0.00048153423461294587,0.09014445074357294,0.009347039351229578,0.07095769455940805,0.10479012108462392,0.03383242652521587,0.0006823638205011759,0.00728252888941118,1759775795.1774423,1759775796.9609482,moderate
be176f54-cf2a-4d98-8798-4c27e5917335,5be1e58c-349b-43cc-85c8-65af84fc7ba6,0.025540514787038168,0.0010285750473670338,0.024098515510559082,0.027417480945587158,0.003318965435028076,0.00011132622719871852,0.00267791748046875,0.0036340965789752847,0.002454952004419945,-0.0030075719715327433,0.009043535146639414,0.012051107118172158,9.003827156358292e-05,-0.006448979938582256,0.010231309508283933,0.00012899754897257928,0.00992756336927414,0.01039355993270874,0.00046599656343460083,1.2057607742782694e-05,0.0003239437937736511,0.0034346770098564222,0.005041633139032288,-0.005020053422916525,0.015121701273944433,0.020141754696860956,0.00010919986660964292,-0.009585552663055457,-0.22459958510965766,0.07719712940616952,-0.35182385051589193,-0.07683360878714876,0.2749902417287432,0.0011835083506364227,-0.08249501589422681,0.05830272229208785,0.03739003676598429,-0.036670748605054364,0.08983957575358198,0.12651032435863635,8.28127579155587e-05,-0.011590750516407428,1759775797.0229464,1759775798.862721,moderate
be176f54-cf2a-4d98-8798-4c27e5917335,5be1e58c-349b-43cc-85c8-65af84fc7ba6,0.025540089607238768,0.0006304585194480686,0.024604976177215576,0.0268821120262146,0.0022771358489990234,-3.4467264330294293e-06,-0.00019633769989013672,0.0007043407826089964,0.0024867085770824654,-0.0044708810001849114,0.007131153352490962,0.011602034352675874,2.998470278204501e-05,0.0022004363436677037,0.01053937387963136,0.0002827812019738909,0.010073646903038025,0.011108778417110443,0.0010351315140724182,1.8904611750094592e-05,0.0008062347769737244,-0.0035670000722001004,0.005426696790730896,-0.018933874199166686,0.0057009280321701225,0.024634802231336808,-9.101395686964498e-05,-0.004268865606690947,-0.1155983785515052,0.09275695023845637,-0.31933356204290525,0.10356777112758178,0.42290133317048706,0.003508930954479674,0.32191889175967836,0.06426427135792606,0.027007681206585366,0.012607941128272598,0.08589772659357128,0.07328978546529868,0.0018201031200537835,1.0194712124808603e-05,1759775798.9282324,1759775800.8289628,moderate
be176f54-cf2a-4d98-8798-4c27e5917335,5be1e58c-349b-43cc-85c8-65af84fc7ba6,0.025994143883387246,0.0004949756028913057,0.02472376823425293,0.02674698829650879,0.0020232200622558594,-3.269897552167746e-05,-0.0002669692039489746,0.0017026694384275425,0.0010797561782826643,-0.00015178037484327742,0.004080664766350919,0.004232445141194197,2.064514058676282e-05,0.001490319404977953,0.011738287657499314,0.0003972665376906046,0.01111212745308876,0.012381177395582199,0.0012690499424934387,9.547087785531999e-06,0.00032119080424308777,-0.0037063862823516628,0.0027367322406987873,-0.009205977185143856,0.001154163063742789,0.010360140248886644,9.444831072222058e-05,0.0072482948746887795,-0.05652408826594265,0.10989130884852417,-0.28772287676284375,0.08174606550609335,0.3694689422689371,-0.0037535097916136175,-0.18332131959104658,0.04879714084843447,0.029843375924146757,-0.03873358488656,0.07759668224594025,0.11633026713250025,0.0004140073019139753,-0.018410375758401196,1759775800.8909628,1759775802.744544,moderate
be176f54-cf2a-4d98-8798-4c27e5917335,5be1e58c-349b-43cc-85c8-65af84fc7ba6,0.04065864682197571,0.011316190777169931,0.018308520317077637,0.05325508117675781,0.034946560859680176,0.0004027632240193571,-0.00827711820602417,-0.0016109918193894972,0.002282326681062363,-0.005368117204293692,0.003835550653010439,0.009203667857304131,-1.3522698128100065e-05,-0.003820486384065762,0.015781151751677196,0.002543229666615756,0.011449955403804779,0.018829431384801865,0.007379475980997086,0.00021216838772888312,0.005647009238600731,0.001502471633592016,0.006603073879757013,-0.012444195861082906,0.017400641893845197,0.029844837754928105,0.0006008613200750824,0.007638183331865176,-0.13492876839106713,0.09652756277670874,-0.3356658859101212,0.04484122323015589,0.3805071091402771,0.007350176770680789,0.05177483845451232,-0.03299553364507477,0.05607195191259173,-0.11090481928091409,0.061217602878408536,0.1721224221593226,-0.0038001924868555138,-0.11097039723287849,1759775802.8075416,1759775804.648168,moderate
be176f54-cf2a-4d98-8798-4c27e5917335,5be1e58c-349b-43cc-85c8-65af84fc7ba6,0.015024612347284952,0.002182499433644801,0.012302994728088379,0.021717071533203125,0.009414076805114746,0.00018878546652194522,0.004401564598083496,0.004877403510414633,0.002522097589829427,-0.0026547194618503855,0.008439540023164813,0.011094259485015199,3.701374377460735e-05,0.0026403821615526555,0.016680714674293995,0.0004146276582714912,0.01639818772673607,0.018684986978769302,0.0022867992520332336,1.4365543595808367e-05,0.0014681555330753326,0.0229249944680272,0.00572037371071875,0.004908540269543726,0.035421007350597736,0.03051246708105401,0.00022794634284401376,0.03051246708105401,-0.23990594542150168,0.062056514979185275,-0.30391291076597815,-0.08079407084123282,0.22311883992474535,0.0009267672177949473,-0.1231823896578875,-0.02110800019142545,0.009870910790418215,-0.053999210539209516,-0.011779084613301698,0.04222012592590782,0.00033262523406343006,0.005632578448960562,1759775804.7091656,1759775806.5010037,moderate
be176f54-cf2a-4d98-8798-4c27e5917335,5be1e58c-349b-43cc-85c8-65af84fc7ba6,0.024109474817911782,0.007770677965193674,0.015465080738067627,0.036452412605285645,0.020987331867218018,-0.0007709386483978509,-0.00733184814453125,-0.010236286241451916,0.004763846496824233,-0.017163535074254676,0.003084783434738117,0.020248318508992794,-0.00028305297818229433,-0.01801619043948648,0.02291574813425541,0.0022305161720236493,0.015403563156723976,0.025023069232702255,0.009619506075978279,-6.362422140474712e-05,-0.006286218762397766,0.011214562756644229,0.015709412720378135,-0.010506121424109291,0.050195029291694865,0.060701150715804154,-0.0008598216418836709,-0.05675143206633257,-0.24906157794007105,0.08083097350472473,-0.38663848629090186,-0.07904998166412727,0.30758850462677456,-0.0060327104221752715,0.025168748373151417,-0.19006764034792564,0.04853555492639998,-0.2609185745661817,-0.06381608114589905,0.1971024934202827,-0.0004428146638289043,0.06645263806184039,1759775806.5620053,1759775808.3721828,moderate
be176f54-cf2a-4d98-8798-4c27e5917335,5be1e58c-349b-43cc-85c8-65af84fc7ba6,0.025100227197011313,0.027160809263845804,0.0019508600234985352,0.08991163969039917,0.08796077966690063,-0.0008052902571749237,-0.016248047351837158,-0.005005679715680763,0.007105566726277298,-0.01487772303983153,0.009814206520034603,0.024691929559866134,0.0006496602585910991,0.01417226362908313,0.01301130751768748,0.003144553958417183,0.007344823330640793,0.016845842823386192,0.0095010194927454,0.0002635147128341195,0.0021843742579221725,-0.00018562028494081376,0.017236968856478407,-0.0291810417641562,0.029975989438318393,0.05915703120247459,0.0017774079853439106,0.03391213089453532,-0.2837305291930411,0.1153246232115829,-0.4046387706899232,0.009158717610230748,0.41379748830015395,-0.003919783074412721,-0.0722062278376745,-0.02351139295535891,0.044002342981437195,-0.11424868485785357,0.050441473577724646,0.16469015843557822,-0.0037078649950418184,-0.13543961784095912,1759775808.4321826,1759775810.2841945,moderate
be176f54-cf2a-4d98-8798-4c27e5917335,5be1e58c-349b-43cc-85c8-65af84fc7ba6,0.0087736447652181,0.001666064208656336,0.002737283706665039,0.011042118072509766,0.008304834365844727,6.720430991540894e-05,0.006094872951507568,0.0033568125012128727,0.003215528659419036,-0.002724703953128417,0.009189296878232927,0.011914000831361344,9.581320344345353e-05,-0.0033172244720505407,0.013597339329620203,0.0004035995802160414,0.013037018477916718,0.01432967558503151,0.0012926571071147919,-4.224786876770227e-05,-0.0008298493921756744,0.01463942343680768,0.006123175956417595,0.0028988011041305123,0.02567064523807895,0.02277184413394844,0.00019426229313061012,-0.00922288001196306,-0.31409981721028885,0.06949466700049527,-0.40399251248244955,-0.1597517881404344,0.24424072434201516,-0.00272529200808276,-0.034084790616942806,-0.004481539762490009,0.022237811536230407,-0.07910878650263012,0.019455601828609614,0.09856438833123973,0.0015594469260877774,0.09605999358082802,1759775810.3431947,1759775812.2329922,moderate
be176f54-cf2a-4d98-8798-4c27e5917335,5be1e58c-349b-43cc-85c8-65af84fc7ba6,0.00869182546933492,0.0004172592888152037,0.008077144622802734,0.00953972339630127,0.0014625787734985352,3.7225056543233525e-05,0.0006542205810546875,0.004857333206675964,0.003040995999453417,-0.0014867732765612293,0.01097656202892715,0.012463335305488378,0.0001395901918838215,0.007660338062878813,0.013073017324010531,0.00016996714233763789,0.012850429862737656,0.013541355729103088,0.0006909258663654327,-4.591746411148512e-06,-0.00013878941535949707,0.012932317573686954,0.005751056628917362,0.0037845750446523097,0.02389688221175503,0.020112307167102723,-0.0001321121572986361,0.006574657382677058,-0.3574995596781196,0.06156361225144425,-0.44833697811504436,-0.21788533828564713,0.23045163982939723,-0.002369221389854885,0.07896533674072043,0.00023176237909070953,0.014149552508093766,-0.01848083349635229,0.03034004994561967,0.04882088344197196,-0.0013422626317654072,-0.0342459495357787,1759775812.2979898,1759775814.1512005,moderate
be176f54-cf2a-4d98-8798-4c27e5917335,5be1e58c-349b-43cc-85c8-65af84fc7ba6,0.01012948751449585,0.00030516339929801355,0.009328663349151611,0.010677516460418701,0.0013488531112670898,-2.4907209716728982e-05,-0.0004623532295227051,0.0060551726713002395,0.0022070677490717435,0.0014373188727325908,0.010344411450828662,0.008907092578096071,1.98142376678152e-05,0.0018640864329873847,0.012850508963068327,0.00010532783905698703,0.012670241296291351,0.01299290731549263,0.0003226660192012787,3.236858743979483e-07,-9.00067389011383e-05,0.014845650138000531,0.004625832864856913,0.004184880724721537,0.022858072666210413,0.018673191941488875,3.0297213451386894e-05,0.004548989607266714,-0.35862476582897923,0.029335823407495167,-0.41606785404426117,-0.3042177673505957,0.11185008669366547,-0.0014404277323112587,-0.07327933590642666,0.010132367678597086,0.007923435027774057,-0.005028592262904329,0.024214620882375054,0.029243213145279383,0.0005569984163920578,0.02443545062416717,1759775814.2191978,1759775816.0995064,moderate
be176f54-cf2a-4d98-8798-4c27e5917335,5be1e58c-349b-43cc-85c8-65af84fc7ba6,0.01006566286087036,0.00045414857195767174,0.00911945104598999,0.010885953903198242,0.001766502857208252,4.240973242397966e-05,0.001766502857208252,0.0048907212200718555,0.0018342385702011716,0.0013862281733732192,0.008562635940210629,0.00717640776683741,3.5896380222464194e-05,-4.71502828629667e-05,0.012675527234872181,0.0001256647598965709,0.012454036623239517,0.012888472527265549,0.0004344359040260315,-4.014714276034787e-06,-0.00016717985272407532,0.012996099628591867,0.004452078481128966,0.0049590408755064465,0.021592163352383748,0.0166331224768773,0.0003282929356409628,0.0009174130968015205,-0.32369319645478833,0.06829403587950256,-0.3825414727954596,-0.12417738848532976,0.2583640843101298,0.000316075530165825,0.11067236832963723,0.01262417833122973,0.008561744016558837,-0.000249183784889259,0.02638864324299196,0.026637827027881218,0.0004579479003290327,0.00641470401978626,1759775816.161504,1759775818.0338187,moderate
be176f54-cf2a-4d98-8798-4c27e5917335,5be1e58c-349b-43cc-85c8-65af84fc7ba6,0.01137896180152893,0.00024152274303579157,0.010668635368347168,0.011959075927734375,0.001290440559387207,4.528083313293797e-06,0.0004190802574157715,0.0041505021936514485,0.0022951257591772587,-0.0012906280998512883,0.008815260420035708,0.010105888519886997,-1.091627574611643e-05,-0.007603589329575886,0.012716203803817432,0.0002003797307216354,0.0123109370470047,0.01307954266667366,0.0007686056196689606,9.922760313954847e-06,0.0004021748900413513,0.011376231132767091,0.005005102330247128,-0.0003277729473444594,0.021290178976716815,0.021617951924061275,-9.92721430058737e-06,-0.016790910527204203,-0.32229126032150884,0.045316117737558795,-0.3969475512039086,-0.24875276135050003,0.1481947898534086,9.190720940832842e-05,-0.130676039689,-0.0055079667420983875,0.030960220527714227,-0.0888256214965949,0.027679230081042824,0.11650485157763772,-0.001750601393071549,-0.017611683780372686,1759775818.0948205,1759775819.979551,moderate
be176f54-cf2a-4d98-8798-4c27e5917335,5be1e58c-349b-43cc-85c8-65af84fc7ba6,0.011434570948282877,0.0003234567328737168,0.0107765793800354,0.012034118175506592,0.0012575387954711914,-1.1784720076071938e-05,4.953145980834961e-05,0.003946918498506985,0.0032149155863305605,-0.0027136573154290934,0.010484919293760303,0.013198576609189397,0.00010897269529282088,0.007281687612715719,0.012556064998110135,0.0001620092943204083,0.012225784361362457,0.012892015278339386,0.0006662309169769287,-1.6584311994217393e-05,-0.0006662309169769287,0.007635990152432667,0.005738376360130203,-0.004761970838543718,0.01955026253040019,0.02431223336894391,0.00020308523154450504,0.015458828236478622,-0.30493831429075413,0.04771272678089667,-0.3906549218081243,-0.19574424093430445,0.19491068087381982,-0.00026894639040551504,0.07652737524576109,0.014783970572839079,0.004699594995120934,0.008042940189632555,0.023412105887299733,0.015369165697667178,0.0002979721431347173,0.015369165697667178,1759775820.0405645,1759775821.9094522,moderate
be176f54-cf2a-4d98-8798-4c27e5917335,5be1e58c-349b-43cc-85c8-65af84fc7ba6,0.014728367328643799,0.006306765238635146,0.01136857271194458,0.037451326847076416,0.026082754135131836,0.00048333166438559936,0.025868713855743408,0.0038201268973853376,0.0033157843674803825,-0.0025319603325393045,0.00819715389047569,0.010729114223014995,4.895129180038683e-05,-0.007337729091775702,0.011662065237760543,0.0003322941227864863,0.010881088674068451,0.01243964210152626,0.0015585534274578094,-1.905089258749838e-05,0.0002674199640750885,0.012408211916117566,0.006601200159736273,0.0007711300890363606,0.026218506028263214,0.025447375939226854,0.00030558881649791044,-0.008322858578439122,-0.3329016478934371,0.05289886820716271,-0.42079114485521835,-0.2203314486697232,0.20045969618549514,-0.0039653331848780666,-0.056977999521917455,0.03141798146044196,0.03936944087514891,-0.07933530026265335,0.07146647441138713,0.1508017746740405,-0.0018168124478538175,-0.08076346520705015,1759775821.9724512,1759775823.9022367,moderate
be176f54-cf2a-4d98-8798-4c27e5917335,5be1e58c-349b-43cc-85c8-65af84fc7ba6,0.03938882152239482,0.008047618731620347,0.028158247470855713,0.0583111047744751,0.030152857303619385,-0.00026971839028550466,-0.024578094482421875,-0.011890779563481372,0.011300392834955564,-0.02635211484104266,0.003413521942613415,0.029765636783656072,-0.0011557354008871732,-0.02280992601939082,0.012456286015609901,0.003560174528898036,0.006922196596860886,0.01699942722916603,0.010077230632305145,-0.00034406654520148825,-0.005447845906019211,-0.012567840533133893,0.02440148069881021,-0.04923904835621051,0.02092302803107933,0.07016207638728984,-0.0024380309422909227,-0.04016687045321051,-0.2790762130174389,0.08448621070179191,-0.4260248395931035,-0.09276482841572356,0.3332600111773799,-0.002692353665763415,0.15595878372043787,0.025533476807588686,0.06076565313757537,-0.06901602149906276,0.12074452697520628,0.18976054847426904,0.006311331382374543,0.13793063203170702,1759775823.964877,1759775825.8437808,moderate
be176f54-cf2a-4d98-8798-4c27e5917335,5be1e58c-349b-43cc-85c8-65af84fc7ba6,0.03334954977035522,0.001928000252213273,0.03065735101699829,0.03592872619628906,0.0052713751792907715,0.00012013471961949638,0.0009734630584716797,0.0004817880796184466,0.0034732029172665157,-0.012079690539649197,0.005402590303961134,0.01748228084361033,0.00029859884527279,0.017007241743765944,0.010242944955825806,0.00037447914195555456,0.009141959249973297,0.010878749191761017,0.0017367899417877197,1.9923883497516092e-05,0.0007616207003593445,-0.0014567274797260615,0.005722975322880527,-0.0182317505476577,0.008862569848377171,0.02709432039603487,0.00029165859245372934,0.026068668125843027,-0.3278004245619114,0.08045186713167383,-0.44289051121265793,-0.15934539271430798,0.28354511849834996,-0.007941080336502796,-0.24649006766382203,0.06722581399120137,0.014466871109503855,0.046861536698144905,0.0890692378186506,0.042207701120505696,-0.000326344188573905,0.0008767452427341366,1759775825.9087808,1759775827.7678356,moderate
be176f54-cf2a-4d98-8798-4c27e5917335,5be1e58c-349b-43cc-85c8-65af84fc7ba6,0.031252566973368326,0.0008742185101417145,0.029789865016937256,0.03265345096588135,0.002863585948944092,-6.747651551005838e-05,-0.001599431037902832,0.0024999549012473107,0.002567295132923601,-0.0016254624657252982,0.006785844888066679,0.008411307353791978,-0.00015183242978770447,0.002063801559685521,0.009681043898065884,0.0002798121978458632,0.008990980684757233,0.010169494897127151,0.0011785142123699188,4.321808312440475e-06,-0.0004213005304336548,0.0018596027031310763,0.006901786536009694,-0.011341539084900572,0.011780356835843935,0.023121895920744505,-0.0005245551706105955,-0.0003048277081352064,-0.29841443670835427,0.10366085355008144,-0.4396956205197744,-0.07624558323846432,0.3634500372813101,0.0041324928533587,-0.007481831182248211,0.08020549845918874,0.011152534112259523,0.06570582489135857,0.1012292992902782,0.03552347439891963,-0.0010446043956106729,-0.016163078904387174,1759775827.826836,1759775829.6810508,moderate
be176f54-cf2a-4d98-8798-4c27e5917335,5be1e58c-349b-43cc-85c8-65af84fc7ba6,0.027893634637196858,0.0013943402105125293,0.0258023738861084,0.03046584129333496,0.0046634674072265625,-0.00015747531237405985,-0.004478335380554199,0.006131905266156588,0.0022541980155843387,0.0015026220144977996,0.01080624847147142,0.009303626456973621,-6.727790170526546e-06,0.0008301144085760001,0.010090721895297368,0.00033033090398118254,0.009349338710308075,0.010545250028371811,0.001195911318063736,3.238864019264501e-05,0.0008615106344223022,0.007930411704327327,0.005927710227028746,-0.003081085597914302,0.02088204371904024,0.023963129316954542,-8.360520777497318e-05,-0.0010527643887811443,-0.3548155443178358,0.09082560359564053,-0.4689477285596301,-0.09257351038867091,0.3763742181709592,0.007358158243242814,0.3259461677986819,0.07697959419712681,0.005356592012422732,0.06957790399026506,0.08906127319980309,0.019483369209538026,-0.00011840686103059755,0.002504394750411712,1759775829.743052,1759775831.5673926,moderate
be176f54-cf2a-4d98-8798-4c27e5917335,5be1e58c-349b-43cc-85c8-65af84fc7ba6,0.025193482637405396,0.0006208218250793507,0.024125099182128906,0.02628856897354126,0.0021634697914123535,-3.7081793232409654e-05,-0.0011852383613586426,0.0067084813775205926,0.0012645298463645034,0.0042114394437487036,0.009943263579985238,0.005731824136236534,3.55275845410593e-05,0.004119419177416971,0.010373132303357124,0.00016596895945916864,0.010034237056970596,0.01056351512670517,0.0005292780697345734,2.813900306041832e-06,0.00012360140681266785,0.008552460764133747,0.003571178375030122,0.0010476982438812953,0.018442514863556567,0.01739481661967527,-2.634467680308184e-05,0.009334899118669386,-0.3956731785087165,0.054102955085934566,-0.4739177320857643,-0.25374409733979036,0.22017363474597396,-0.0022054187375331767,-0.19070250311376757,0.07835282192033947,0.009419681158067697,0.05760325884540754,0.09455972746737155,0.036956468621964014,-0.0005368907217078895,-0.022516296066670646,1759775831.6290627,1759775833.5050626,moderate
be176f54-cf2a-4d98-8798-4c27e5917335,5be1e58c-349b-43cc-85c8-65af84fc7ba6,0.02328833341598511,0.0006461340694772963,0.022366344928741455,0.024731099605560303,0.0023647546768188477,-5.101330155657979e-05,-0.001249551773071289,0.0058116953463505745,0.0017934570191189866,0.0012614146388802519,0.009586874799088157,0.008325460160207906,-6.89109063851558e-05,0.0010853321539585443,0.010046333695451418,0.0001465608410285761,0.00959569588303566,0.010316938161849976,0.0007212422788143158,-2.1218665118212164e-06,-0.0007212422788143158,0.0035717694548297826,0.005392120798762397,-0.007642320766215697,0.01804021526051035,0.025682536026726047,-0.00033248856473136197,0.00023176838708096996,-0.4059670653758321,0.03918077476250288,-0.4545682310513954,-0.3104442749895313,0.14412395606186407,-7.601326999219126e-05,-0.023765843778271845,0.05055157646867267,0.023917513240653988,-0.03716965232966252,0.06772151062928693,0.10489116295894944,0.001268140539909587,0.007819981369241287,1759775833.566063,1759775835.3954525,moderate
be176f54-cf2a-4d98-8798-4c27e5917335,5be1e58c-349b-43cc-85c8-65af84fc7ba6,0.023662279049555462,0.0007391178246396067,0.022159695625305176,0.024787962436676025,0.0026282668113708496,7.026165027639624e-05,0.0006459355354309082,0.006057570599971557,0.0022479492233376938,-0.00015730369369293924,0.009217721763044601,0.00937502545673754,0.00010285723692227186,0.0021665554975533142,0.00958935208618641,0.00015391365811620873,0.009197991341352463,0.009847283363342285,0.0006492920219898224,-4.511832096950629e-06,-0.00030666589736938477,0.0015001860791386803,0.004338110495817201,-0.01023186649915627,0.0065678122815917735,0.01679967878074804,0.00015308064494821508,0.0024019928728203606,-0.40221996604503474,0.0690774971216239,-0.4846495247323223,-0.21280956691420894,0.2718399578181134,0.0018074116135236363,-0.032917625031435915,0.06684264148819347,0.003856386368687672,0.061371479314542475,0.0735458771000956,0.012174397785553119,0.0001595239976345019,0.0004183017818713275,1759775835.455094,1759775837.2496674,moderate
be176f54-cf2a-4d98-8798-4c27e5917335,5be1e58c-349b-43cc-85c8-65af84fc7ba6,0.024887889623641968,0.0007488700341267953,0.023309826850891113,0.02630990743637085,0.0030000805854797363,2.9046185422394513e-05,0.001524806022644043,0.007110608178046316,0.001981880615155272,0.003451107453809894,0.011392966384154091,0.007941858930344197,-5.6103659291586475e-05,0.002009814485807425,0.009758088613549869,0.0002530375501285134,0.009066369384527206,0.010266318917274475,0.0011999495327472687,3.458356466123604e-06,0.0005302056670188904,0.004060917817845289,0.004060904252642491,-0.004192689697072565,0.011622715635613174,0.015815405332685738,-0.00015854591513399135,0.0027611947471871965,-0.38813491358373076,0.06961046889124534,-0.4732196472065874,-0.1706745058389645,0.3025451413676229,0.0008091761062898501,-0.026634989370125317,0.059126040871592865,0.007793905522603145,0.0435109808413735,0.07143939470730559,0.02792841386593209,0.00034252467942856823,-0.0059741013051418795,1759775837.3116658,1759775839.1629684,moderate
be176f54-cf2a-4d98-8798-4c27e5917335,5be1e58c-349b-43cc-85c8-65af84fc7ba6,0.02345400055249532,0.0012546527690996733,0.020542621612548828,0.02522176504135132,0.00467914342880249,-0.0001200909741861006,-0.00467914342880249,0.006417214995637747,0.0024244900497590698,0.0021752544783114913,0.0119811661628696,0.009805911684558109,7.878263066380446e-05,0.008431144151367897,0.009960673997799556,0.0003636177647332994,0.00937286764383316,0.010487087070941925,0.0011142194271087646,3.964476975238363e-05,0.0006769262254238129,0.007039068753161748,0.006645688598761439,-0.005554630448875085,0.024976565526950212,0.030531195975825296,0.0004940364896396573,0.030531195975825296,-0.42063896511827775,0.04607016207411971,-0.48432584973851556,-0.3216233275378453,0.16270252220067027,-0.0026155157862310565,0.002568873168425856,0.08395611181092479,0.0176416547158715,0.01660745412873928,0.10386718105257421,0.08725972692383493,0.0008469140153342554,-0.048732316880387636,1759775839.2269685,1759775841.100647,moderate
be176f54-cf2a-4d98-8798-4c27e5917335,5be1e58c-349b-43cc-85c8-65af84fc7ba6,0.018610392014185587,0.0007668686340824003,0.0171051025390625,0.02059692144393921,0.003491818904876709,-7.397222837165942e-05,-0.0026953816413879395,0.006591052475424592,0.002290499594008858,0.0007808185414127282,0.009754830842400738,0.00897401230098801,-0.0001597942716567762,-0.004662826187412661,0.010755328585704167,0.00019252901275157517,0.010188490152359009,0.010965585708618164,0.0007770955562591553,5.315902235775822e-07,0.0005009695887565613,0.008030348787130069,0.00547926759912722,-0.0033737732298978157,0.02191243345834793,0.025286206688245747,-0.000422760564240434,-0.021545982392868483,-0.4003653359374323,0.039983091243382396,-0.4685170640448507,-0.3106068811720001,0.15791018287285064,-0.0003133294207935234,0.004138622815052673,0.07042794121113054,0.03677208588974148,-0.038973797791000964,0.09348131807541842,0.1324551158664194,0.002998063762505167,0.11744117216935124,1759775841.1646469,1759775843.0161781,moderate
be176f54-cf2a-4d98-8798-4c27e5917335,5be1e58c-349b-43cc-85c8-65af84fc7ba6,0.0174626092116038,0.0008099579336352003,0.016188085079193115,0.019262969493865967,0.0030748844146728516,-8.028607745059208e-05,-0.0009588003158569336,0.0044161042275216705,0.0028401715268924392,-0.002660916356169518,0.012481161233857887,0.015142077590027406,7.792444756371844e-05,0.006741850552708224,0.010325178876519204,0.0003950748839138627,0.009621042758226395,0.010786112397909164,0.0011650696396827698,-4.278691164378462e-05,-0.0009086392819881439,0.0012241545095847037,0.0065240259075315605,-0.014766176726822506,0.019734029357343218,0.03450020608416572,0.0002906954578844916,0.015659370031977843,-0.4092910748550366,0.0360214069742099,-0.47687714027183803,-0.3386149978202366,0.13826214245160146,0.0007643716218745991,0.03467224396760199,0.0903414954138604,0.024704673852282966,0.05655798226786005,0.13024313141274924,0.07368514914488919,0.002517650923814552,0.03197029863866753,1759775843.0791786,1759775844.9019635,moderate
be176f54-cf2a-4d98-8798-4c27e5917335,5be1e58c-349b-43cc-85c8-65af84fc7ba6,0.01672019561131795,0.00045624923421483426,0.016164124011993408,0.01770883798599243,0.0015447139739990234,3.767085154939679e-05,-0.0001252293586730957,0.005566053598892343,0.0028252382692794484,0.0010976010847049166,0.012286935747235939,0.011189334662531022,1.4653930291967282e-05,-0.008954141824638617,0.009826429684956868,0.00010897497744675829,0.009611174464225769,0.009980805218219757,0.00036963075399398804,8.862433298278572e-06,0.00011377036571502686,0.007000716967790557,0.005195728294408843,-0.0035224981478710316,0.019847921192820223,0.023370419340691253,-1.456179411802656e-05,-0.01807402262738928,-0.41696633867585153,0.056765454146875186,-0.5459023351320197,-0.25340506014440606,0.29249727498761363,0.001452641526792121,0.08881605459311032,0.11581819782818409,0.004828435313215592,0.10554325544284467,0.1260763614164848,0.020533105973640123,-1.712653519171837e-05,0.008231274286526827,1759775844.9649646,1759775846.7786193,moderate
be176f54-cf2a-4d98-8798-4c27e5917335,5be1e58c-349b-43cc-85c8-65af84fc7ba6,0.016415733098983764,0.0004340323998259579,0.01591867208480835,0.01721900701522827,0.0013003349304199219,-1.1324312318286324e-05,-0.0003808140754699707,0.0043724565370999524,0.0017103274061743862,0.00101427979913136,0.008434723958558094,0.007420444159426734,6.443882231017836e-05,0.006545536982130916,0.009747567648688952,0.00019043465770559394,0.009356044232845306,0.01007261872291565,0.000716574490070343,3.3977573055844416e-06,-0.0002829618752002716,0.003286486081900145,0.003940748455214705,-0.0029746366796955495,0.014501576222623349,0.017476212902318898,0.00018924645607935704,0.016507234495656546,-0.44066489969432754,0.060441884176463116,-0.5037842821497988,-0.24721047063209164,0.2565738115177071,-0.0025156562094479935,-0.1758539133894725,0.10533781075454604,0.02443620178697509,-0.018613046169220993,0.12838036635669312,0.1469934125259141,-0.0014299152555518448,-0.13446634141779312,1759775846.840271,1759775848.7079053,moderate
be176f54-cf2a-4d98-8798-4c27e5917335,5be1e58c-349b-43cc-85c8-65af84fc7ba6,0.016155950228373208,0.0004959970751330761,0.015228271484375,0.016852200031280518,0.0016239285469055176,3.7366954052408494e-05,0.0002588033676147461,0.00405812693114242,0.002522976908318655,6.160833388511993e-05,0.00944326850899695,0.00938166017511183,-2.213707653540502e-05,0.001161176751820973,0.010304039220015208,0.00027002258044429086,0.009628795087337494,0.010807976126670837,0.0011791810393333435,2.2692249070550496e-05,0.00045924633741378784,-0.0007557427613236874,0.005536490667319232,-0.011659129549316655,0.007450421565214927,0.01910955111453158,-0.00040656265130116384,-0.0072116859434698585,-0.406208454785895,0.03680243470881522,-0.4678456685862032,-0.32737225700092787,0.14047341158527532,-0.002040580977645164,-0.07173901335191513,0.07395556647411983,0.025925496127944113,-0.02505387413882709,0.10983108764559128,0.13488496178441836,6.507995487403686e-05,0.11158048703659793,1759775848.7739036,1759775850.6813493,moderate
be176f54-cf2a-4d98-8798-4c27e5917335,5be1e58c-349b-43cc-85c8-65af84fc7ba6,0.016143612066904702,0.0006122186799123823,0.015089750289916992,0.017107725143432617,0.002017974853515625,-5.1680900098484536e-05,-0.00067138671875,0.006710991568770156,0.002118537614488864,0.003463972745276789,0.011295466334948172,0.007831493589671383,0.00012060455693841186,0.007608304357862184,0.009643553569912911,0.00021276263603498945,0.009312417358160019,0.010142762213945389,0.0008303448557853699,-1.8921689243284825e-05,-0.0005694366991519928,0.0031538801465403536,0.0038681624540802574,-0.003704638041625461,0.012271740332172133,0.015976378373797593,0.0001400133136634876,0.013823020513242764,-0.4094494402499388,0.033685157300281376,-0.472720417583622,-0.35043006820447065,0.12229034937915134,0.0002449086906801489,-0.037416339627252326,0.09782250260495155,0.0031390818472807657,0.09252492664420917,0.10315705563613004,0.01063212899192087,0.00018831697185086755,0.007854388522662542,1759775850.7433524,1759775852.6072435,moderate
be176f54-cf2a-4d98-8798-4c27e5917335,5be1e58c-349b-43cc-85c8-65af84fc7ba6,0.015260205666224162,0.0003091161093490984,0.014591515064239502,0.01604771614074707,0.0014562010765075684,-5.169532720716432e-06,-0.0008439421653747559,0.007007288436784167,0.0018526445499526406,0.003905467786741524,0.011050318542834218,0.007144850756092695,1.977936009484093e-05,-0.0008682724589215299,0.00900806648035844,0.000249972375873545,0.008495137095451355,0.009417679160833359,0.0009225420653820038,-2.4579147972970438e-05,-0.0008786022663116455,0.002554356042943379,0.004736022390021772,-0.005813653313088791,0.010463751829941673,0.016277405143030464,9.460525660904444e-05,-0.003981451200866218,-0.41935076085122547,0.03562523438783211,-0.49925074733105534,-0.33240665911284667,0.16684408821820867,-0.0008372055271984705,-0.04346427708766687,0.10773976988708696,0.004339101968072697,0.09791697360397486,0.11556911764809291,0.01765214404411805,8.359692292493677e-05,0.005616967796019445,1759775852.6692452,1759775854.5100384,moderate
be176f54-cf2a-4d98-8798-4c27e5917335,5be1e58c-349b-43cc-85c8-65af84fc7ba6,0.009357303380966187,0.0035371813720468694,0.0048331618309021,0.014428138732910156,0.009594976902008057,-0.00028851640900727504,-0.006793618202209473,0.007479825203759472,0.0015885635450042295,0.003791060993251883,0.011122660548255399,0.0073315995550035165,8.610759531312126e-05,0.0039135071563997,0.008978671332200368,0.0002834020910099281,0.008532896637916565,0.009337421506643295,0.0008045248687267303,2.6628575614084788e-05,0.0007767453789710999,-0.00030279017829739946,0.0031132259295420443,-0.009905118521102513,0.0056342584071693985,0.015539376928271911,9.70781231024337e-06,0.0046514884605805785,-0.426768969532367,0.023490517772427607,-0.4964446750617441,-0.39369259944935076,0.10275207561239336,0.0012550348837371559,0.10275207561239336,0.08860134301008875,0.029579928273509373,0.005373837121454294,0.11915542622275067,0.11378158910129638,-0.00015186917499595504,-0.013262683304877163,1759775854.5690382,1759775856.3891551,moderate
be176f54-cf2a-4d98-8798-4c27e5917335,5be1e58c-349b-43cc-85c8-65af84fc7ba6,0.009270294507344564,0.000837836729235425,0.007648289203643799,0.010785520076751709,0.00313723087310791,9.152467577025146e-05,0.0030236244201660156,0.0054068652629407086,0.0028744373747138733,-0.00021233480954871594,0.010276178255771255,0.010488513065319971,-0.00023120986730128525,-0.006297088670216555,0.00906371809542179,0.00019636944988862096,0.008407924324274063,0.009318582713603973,0.0009106583893299103,-7.697113595894633e-06,-0.00018241629004478455,-0.003493850277758052,0.005551471951370818,-0.012352766512988797,0.007103243836181121,0.019456010349169918,-0.00048819597134667293,-0.01148090508243129,-0.4127491087320797,0.046543114959578455,-0.4943022933087073,-0.2913483201616972,0.20295397314701008,-0.001830040221931698,-0.0674244199131625,0.09751549309710945,0.0034257834874788762,0.09207572214120947,0.10438010250635399,0.012304380365144515,-3.0988125940015946e-06,0.001405595934208942,1759775856.4499042,1759775858.2092845,moderate
be176f54-cf2a-4d98-8798-4c27e5917335,5be1e58c-349b-43cc-85c8-65af84fc7ba6,0.010933828353881837,0.0004986541052598903,0.010334551334381104,0.012009263038635254,0.0016747117042541504,2.9198399375092334e-05,0.0011453628540039062,0.007316410181736904,0.001947724800974674,0.0033506436725383015,0.012914775442329812,0.00956413176979151,-2.9474186522163565e-05,0.002815747535029417,0.0091880451887846,0.0001455683120091734,0.008921284228563309,0.00951290875673294,0.000591624528169632,-1.4236798971990854e-05,-7.367506623268127e-05,-0.0006028130831445774,0.004247039414965621,-0.007943412585052196,0.013633220542512618,0.021576633127564814,-3.322954459814374e-05,0.005029038125512681,-0.42074104776714344,0.029404673378437763,-0.4681857580997947,-0.34885755457830286,0.11932820352149182,0.0008230460666582893,0.08882002380584808,0.10051871723568676,0.007393388337204657,0.08349050019309921,0.11197771171737275,0.02848721152427354,0.0007822668962982767,0.017637807730192537,1759775858.27328,1759775860.1285474,moderate
be176f54-cf2a-4d98-8798-4c27e5917335,5be1e58c-349b-43cc-85c8-65af84fc7ba6,0.011951275666554769,0.0003651097636946663,0.011335968971252441,0.012860894203186035,0.0015249252319335938,-2.546246775795806e-05,-0.0010637640953063965,0.007321875124045881,0.0021592677712597517,0.0035452396256684593,0.012014238718420623,0.008468999092752165,0.00018873159830002986,0.0027590661592734374,0.009261771291494369,0.00014351212558917596,0.00901573896408081,0.009577006101608276,0.0005612671375274658,2.12416135694612e-06,1.306086778640747e-05,-0.00024592034037587,0.004556665200533335,-0.008010700428638011,0.01018285783971478,0.01819355826835279,0.00042017354037421226,0.007267946848950315,-0.40594136387382795,0.049868417824998804,-0.4963660668916684,-0.27543598635644667,0.22093008053522173,-0.0021927701971428764,-0.07607673477176463,0.09768922798290319,0.006425127383522031,0.08504869822442648,0.109777565406936,0.024728867182509523,-0.0006200013687715333,-0.012029760307282297,1759775860.1905448,1759775861.9471803,moderate
be176f54-cf2a-4d98-8798-4c27e5917335,5be1e58c-349b-43cc-85c8-65af84fc7ba6,0.010866365830103556,0.0004103136094333464,0.010043323040008545,0.011649668216705322,0.0016063451766967773,-3.9696414955996295e-05,-0.0015060901641845703,0.006769200838216053,0.0018961368584423427,0.0016119769919664085,0.009947978608271534,0.008336001616305124,-4.728615180138024e-05,-0.0027477164126128517,0.009104128430287043,6.957469342524962e-05,0.008941862732172012,0.009257994592189789,0.0003161318600177765,-3.3318548897349662e-06,-3.5215169191360474e-05,-0.001929615593626819,0.003831908157039863,-0.013417112801087098,0.003663748291683719,0.017080861092770818,-1.3040096375159054e-05,-0.003862690913192142,-0.43659763748173996,0.04673820522619265,-0.5272320660384473,-0.3676292293293611,0.1596028367090862,-0.0038680263115645538,-0.06765837820281917,0.10318236188508152,0.002507751543792574,0.09652666973795315,0.10888680243503025,0.0123601326970771,9.804677918099203e-05,0.007315024534309017,1759775862.0641801,1759775863.8834674,moderate
be176f54-cf2a-4d98-8798-4c27e5917335,5be1e58c-349b-43cc-85c8-65af84fc7ba6,0.01031383474667867,0.0005808182308942936,0.009313046932220459,0.011162936687469482,0.0018498897552490234,5.731170249064852e-05,0.001096963882446289,0.006720594509713246,0.0012445546116139803,0.004561260863818442,0.010334408855107018,0.005773147991288576,8.083442845677678e-05,0.004119082389682235,0.00926900232831637,0.00013164568208184804,0.009011931717395782,0.009523708373308182,0.0005117766559123993,-5.436039740039453e-07,-3.769993782043457e-05,-0.00221480987624937,0.002880323186009317,-0.008029384440961492,0.0047543460648929265,0.012783730505854417,0.00016206343627058292,0.009286795225479576,-0.4462679066031843,0.03176258036673291,-0.5024211255867005,-0.3870807805661177,0.11534034502058277,-0.00041419177145153607,0.11534034502058277,0.0998722344335801,0.0053453389790226015,0.0901823729487789,0.11150843637487734,0.02132606342609844,-6.247138716162138e-05,0.0028669442003504547,1759775863.9434712,1759775865.6959443,moderate
be176f54-cf2a-4d98-8798-4c27e5917335,5be1e58c-349b-43cc-85c8-65af84fc7ba6,0.010532679160435994,0.00030816846391481736,0.009965121746063232,0.01105421781539917,0.0010890960693359375,-9.186010604705641e-07,-0.0006720423698425293,0.007649907500304014,0.0024409092317395176,0.0012929042920780188,0.01283273395014825,0.011539829658070232,-0.00013602854358216794,-0.002086501053006691,0.00928620956838131,0.00015982871302255182,0.00892268493771553,0.009524397552013397,0.0006017126142978668,7.51187840478704e-06,4.793331027030945e-05,0.000137762932409857,0.004401808223585984,-0.010356224318777469,0.011032350812051766,0.021388575130829236,-0.00019404745190175715,0.0001614569620836746,-0.4132176425617914,0.028603931262390046,-0.462978512722348,-0.3627068645773149,0.10027164814503314,-0.0007428171370618648,-0.0015242187974474075,0.09871808682613303,0.005866878784644459,0.09211713815921654,0.11022708849468958,0.018109950335473038,-0.0004404723748529523,-0.0053413919838955215,1759775865.7559428,1759775867.5802026,moderate
be176f54-cf2a-4d98-8798-4c27e5917335,5be1e58c-349b-43cc-85c8-65af84fc7ba6,0.008520952860514323,0.001294758689317093,0.006727874279022217,0.010292470455169678,0.003564596176147461,-0.00012997215130968273,-0.0024782419204711914,0.0054159585317785685,0.0023129716087266026,-0.000472267583217556,0.008350560703647699,0.008822828286865255,0.00022158260821082232,0.008468662305017428,0.009312737360596656,0.0002493230839793794,0.00881776213645935,0.009636316448450089,0.0008185543119907379,1.8438394362722276e-05,0.00042290985584259033,-0.0049805213657386944,0.0035472331606293665,-0.011801197955764816,0.0019520559073838326,0.013753253863148648,0.00028995675943335904,0.013549799642510157,-0.4144124483263661,0.03869600106015529,-0.4915085084987121,-0.339999223766939,0.1515092847317731,-0.0016817853900525715,0.003660161678454066,0.0949940540623641,0.005698962358584785,0.08561641625587715,0.10953862684151064,0.023922210585633485,-0.0003207891902966062,-0.010287101703446641,1759775867.6432014,1759775869.45456,moderate
be176f54-cf2a-4d98-8798-4c27e5917335,5be1e58c-349b-43cc-85c8-65af84fc7ba6,0.00791781743367513,0.00039943459422843073,0.007253468036651611,0.009092867374420166,0.0018393993377685547,1.4118702711332362e-05,4.416704177856445e-05,0.006694033183700442,0.00327856398111033,0.0016766739158090933,0.014943483720055897,0.013266809804246804,-0.0001907335035562813,0.002890985914969323,0.009339808796842894,0.00022402364607770968,0.00882970541715622,0.00969226285815239,0.00086255744099617,-1.1219337035604526e-05,-1.739710569381714e-05,-0.0022990848925904073,0.005807759296409719,-0.011985704837968313,0.01291809096592148,0.024903795803889794,-0.0003577423193891389,0.0044262285453529684,-0.4362280545580628,0.051810027515891206,-0.5213139747793145,-0.32339046248368786,0.19792351229562666,0.0019013595912250293,0.080538088782732,0.08676917270989888,0.0249985809722417,0.000496304539237875,0.10478757240659271,0.10429126786735483,-0.0010766033459689596,-0.0027095633319236256,1759775869.51356,1759775871.304186,moderate
be176f54-cf2a-4d98-8798-4c27e5917335,5be1e58c-349b-43cc-85c8-65af84fc7ba6,0.008132837216059367,0.0006177087514951385,0.007320821285247803,0.009494900703430176,0.002174079418182373,3.504603272417894e-05,0.001233220100402832,0.008356348962182021,0.0016939166930465819,0.005873722666082591,0.01179879560451034,0.0059250729384277495,9.331970797443841e-05,0.0016326122229036923,0.009712621197104454,0.0002770632542364932,0.009339280426502228,0.010252695530653,0.0009134151041507721,2.5585813404322995e-05,0.0007005520164966583,-0.0007082857060022736,0.0033387851051729666,-0.006715465098758137,0.006842677604970573,0.01355814270372871,0.00017748535850852052,0.004049444411364603,-0.40461440585127506,0.0387905991890143,-0.4490909328697861,-0.2978035508072087,0.15128738206257736,-0.0012122964476870299,-0.09960351816132212,0.08923819393313583,0.008880449629384465,0.07234067097609007,0.10146632634718017,0.029125655371090103,-0.0007451700937500453,-0.016561628431516692,1759775871.3661878,1759775873.175964,moderate
be176f54-cf2a-4d98-8798-4c27e5917335,5be1e58c-349b-43cc-85c8-65af84fc7ba6,0.00814454754193624,0.0006053608506060837,0.0071108341217041016,0.009045243263244629,0.0019344091415405273,-5.258881342954711e-05,-0.000948488712310791,0.00819393981286053,0.0018948916155772627,0.003645164546564475,0.011290818664208823,0.007645654117644347,-7.115505155801981e-05,-0.0002535674854823398,0.010042787715792655,0.0001165647639722234,0.009801525622606277,0.010183580219745636,0.0003820545971393585,1.1231234759191783e-05,0.00014549866318702698,0.0012412296399360453,0.003985521933409803,-0.006698203969240958,0.009525571105967834,0.016223775075208793,-0.00011248958215546333,-0.0024475736723984886,-0.41486338756007857,0.06932845800964565,-0.518431134252543,-0.21995157495091186,0.29847955930163106,-0.0007145012491511958,-0.04471814876070307,0.0835452436733111,0.005002350943541274,0.07402885158700873,0.09170074788586861,0.017671896298859888,-0.0004453285420571792,-0.00548921530970535,1759775873.2359624,1759775875.0630677,moderate
be176f54-cf2a-4d98-8798-4c27e5917335,5be1e58c-349b-43cc-85c8-65af84fc7ba6,0.00710524320602417,0.0006344994669078921,0.006402254104614258,0.008249759674072266,0.0018475055694580078,-3.6534716740863864e-05,-0.0011001825332641602,0.00946687845182769,0.0030822281541761066,0.004491107978673042,0.016825824048265943,0.0123347160695929,-0.0001343692777007149,-0.0011856612201362419,0.009959325442711513,0.0001617303281934601,0.009559780359268188,0.010237220674753189,0.0006774403154850006,-1.2494496031518243e-05,-0.00017138198018074036,0.002196396431077001,0.005954003911525118,-0.008265205151628216,0.015499226188232015,0.023764431339860233,-0.00026021323688490673,-0.0028510047411078126,-0.40433733200195754,0.04480012920277363,-0.4687790518165037,-0.31187752909920463,0.15690152271729907,0.0016917188090032024,0.07468475291102589,0.08696067400546845,0.004696074773332327,0.07791845284737975,0.09374861068394093,0.01583015783656118,5.633315552729293e-06,0.0068467049460753104,1759775875.1250682,1759775876.9373853,moderate
be176f54-cf2a-4d98-8798-4c27e5917335,5be1e58c-349b-43cc-85c8-65af84fc7ba6,0.007014242808024088,0.00023609151892144492,0.006502985954284668,0.0073032379150390625,0.0008002519607543945,1.6829460958750284e-05,0.00010633468627929688,0.007858598020132853,0.0026651205945582377,-4.6096383683285176e-05,0.011690922493074567,0.011737018876757852,-0.00021418510869921465,-0.0025538950712725855,0.010066454360882441,0.0001386059917954839,0.009674947708845139,0.010285891592502594,0.0006109438836574554,-5.075375283255063e-06,-0.00031041353940963745,-0.0010250429404980812,0.004189650946635921,-0.013242164981375617,0.006568046862994605,0.01981021184437022,-0.0003108024251996416,-0.002920358358900593,-0.4153274433373528,0.05753598008929942,-0.5100166005583345,-0.22848282059977887,0.28153377995855566,-0.0019006992289943014,0.029398753514766562,0.08158028724769552,0.005693945929321934,0.07221960876960787,0.09303912243700455,0.020819513667396677,-2.4999157818860725e-05,0.0057434459433179375,1759775876.9993858,1759775878.7936807,moderate
be176f54-cf2a-4d98-8798-4c27e5917335,5be1e58c-349b-43cc-85c8-65af84fc7ba6,0.006923087437947591,0.0003735513154115391,0.006320059299468994,0.007604002952575684,0.0012839436531066895,1.6153853249894627e-06,-0.00019669532775878906,0.007811310776924428,0.001030070655519244,0.004810315393655326,0.009672957744086544,0.004862642350431217,2.7030164010044024e-05,0.0030126336447557772,0.009412484367688496,0.00016022688904218264,0.009072981774806976,0.009738527238368988,0.0006655454635620117,-1.302094295107085e-05,-0.0004908815026283264,0.0018535215167414223,0.003536961765877807,-0.004611071283820079,0.00805944414568967,0.012670515429509747,-6.848853607798468e-05,0.005261389234383491,-0.43847142131534383,0.02260963863536805,-0.46356953080093394,-0.37971601814017003,0.08385351266076391,-0.0014591908223672188,-0.05404215504244847,0.10634522884383837,0.006444655428973409,0.09131111873184831,0.11868615088025526,0.027375032148406947,0.0003386259674947402,0.01089432424438097,1759775878.854339,1759775880.6483884,moderate
be176f54-cf2a-4d98-8798-4c27e5917335,5be1e58c-349b-43cc-85c8-65af84fc7ba6,0.0066621840000152584,0.00025507047607294065,0.006171584129333496,0.00714796781539917,0.0009763836860656738,1.4034937963602407e-05,0.0002410411834716797,0.007605215767904618,0.0015761612187046108,0.005550002295454852,0.01038664463276449,0.004836642337309639,-6.468867460362048e-05,-0.0030756466299247847,0.009692164758841196,0.00013725332927376737,0.009466327726840973,0.009902313351631165,0.00043598562479019165,8.883114253586206e-07,0.00028989091515541077,-0.002388818606575081,0.003254414312633549,-0.007037501427918506,0.004620900624080739,0.011658402051999245,-0.0001719944091609323,-0.007278468464807435,-0.44001769938801727,0.021323102399425902,-0.4750817094759529,-0.3961497312223998,0.07893197825355308,0.0001974424678070832,0.014938480718648284,0.08719237007748849,0.006363405013222566,0.07748039881076657,0.1055649192061099,0.02808452039534333,-0.0005840479984445875,-0.01746577196308627,1759775880.7083886,1759775882.505194,moderate
be176f54-cf2a-4d98-8798-4c27e5917335,5be1e58c-349b-43cc-85c8-65af84fc7ba6,0.006398544708887736,0.00027239499418607783,0.00600963830947876,0.00709843635559082,0.0010887980461120605,1.0112567791286379e-05,5.0067901611328125e-05,0.006563504361349014,0.0014697368498496654,0.004339519819268605,0.010915435055072661,0.006575915235804056,0.0001167701742578461,0.003535126136424394,0.009588519111275673,9.924396732848512e-05,0.009339537471532822,0.009757064282894135,0.00041752681136131287,-1.247025802482885e-06,-0.00029713287949562073,-0.0044753280181527,0.0033641086715922495,-0.00937340481427676,0.0036476763380946593,0.01302108115237142,0.00030307653425521916,0.010159412387015787,-0.4146823644387783,0.025022535591753124,-0.4592421204552675,-0.38190673089536564,0.07733538955990188,0.0010300587317110172,0.021642535292739906,0.08773823319482157,0.005084108080115415,0.08057130809310908,0.09927414465559092,0.01870283656248184,-0.00022174746277851622,-0.0011414891732254434,1759775882.566195,1759775884.3684947,moderate
be176f54-cf2a-4d98-8798-4c27e5917335,5be1e58c-349b-43cc-85c8-65af84fc7ba6,0.006856300433476766,0.0004600761073517319,0.006007015705108643,0.007615923881530762,0.0016089081764221191,-4.3300327920542414e-05,-0.0014569759368896484,0.008505488674754931,0.0019673830687116103,0.004823887939365166,0.013115905077513838,0.008292017138148672,0.00012163114889085937,7.746117898915772e-06,0.009368821481863658,0.0001318538741927051,0.009224191308021545,0.009696219116449356,0.00047202780842781067,4.567195960756669e-06,0.00033420324325561523,0.0034923066945936635,0.0041442013196775354,-0.005145981260608834,0.013921147063556898,0.01906712832416573,0.0002477154245495532,0.001160619977280634,-0.42351557959341496,0.03507473630358284,-0.49555426916472345,-0.3445455212324387,0.15100874793228475,0.0013241676467781,0.0706296940271059,0.08306902318318067,0.035005695068002725,-0.029930450966781808,0.1049172364014302,0.134847687368212,-0.0014201745001230768,-0.10657806923085253,1759775884.4324944,1759775886.2578282,moderate
be176f54-cf2a-4d98-8798-4c27e5917335,5be1e58c-349b-43cc-85c8-65af84fc7ba6,0.005662661790847778,0.0004026178329477092,0.004971802234649658,0.006608784198760986,0.0016369819641113281,-1.9930321329560244e-05,-0.001057744026184082,0.008969091585753484,0.0012986101200702903,0.006224823879544324,0.011992246479342397,0.0057674225997980735,0.000108399257044145,0.0035768204579846447,0.009725714723269144,0.0002581277159827977,0.009331002831459045,0.010263025760650635,0.0009320229291915894,-1.9662267838224553e-05,-5.324557423591614e-05,-0.00025854813239181116,0.0027641654288406464,-0.005856828853420086,0.005750766903013291,0.011607595756433376,0.0001930851516168653,0.002640505016431856,-0.4192880653218812,0.03614792138931558,-0.47801370312848257,-0.3580545920913642,0.11995911103711837,0.000236196810590936,0.009325778780225558,0.08457209543259135,0.01580402995530039,0.025949952036870994,0.10619985862063357,0.08024990658376258,0.0013012868206340894,0.058637435463907595,1759775886.3178282,1759775888.1124992,moderate
be176f54-cf2a-4d98-8798-4c27e5917335,5be1e58c-349b-43cc-85c8-65af84fc7ba6,0.005995764334996542,0.000158348845827618,0.005696475505828857,0.006438732147216797,0.0007422566413879395,-6.421667847935694e-06,6.479024887084961e-05,0.007968855588730553,0.0010691537963798312,0.0043137218787878675,0.010244183420971385,0.005930461542183517,-2.2754360875819952e-05,-0.0006647179520474075,0.009771069884300232,0.00017670080789676892,0.009460046887397766,0.01008407399058342,0.0006240271031856537,-1.257394126578088e-05,-2.9917806386947632e-05,-0.0028601898758922615,0.0027151137202066316,-0.0112495626847329,0.002468468636335468,0.013718031321068368,-0.00015261195116482188,-0.005381117908072977,-0.4468972855718068,0.0351532815896552,-0.5357560737111455,-0.3823889820217572,0.15336709168938834,0.0013392398993537615,-0.023059927349687537,0.08901186070447313,0.002692534734713068,0.08378933269225787,0.09573594237877214,0.011946609686514273,-1.1081008531383883e-05,-0.006426810240434469,1759775888.1734986,1759775890.0074356,moderate
be176f54-cf2a-4d98-8798-4c27e5917335,5be1e58c-349b-43cc-85c8-65af84fc7ba6,0.005250595013300578,0.0003343390914452686,0.004854023456573486,0.005982339382171631,0.0011283159255981445,-7.10387914146279e-06,-0.00027757883071899414,0.007437413524324232,0.001264084332360002,0.005523766530918958,0.010386981420499226,0.004863214889580267,1.3701296776217745e-05,0.0013815032878849208,0.009753042211135229,9.918755191787497e-05,0.00954434648156166,0.009921394288539886,0.0003770478069782257,7.810981507030822e-06,0.00014369189739227295,-0.0041080275008986145,0.00266868679779717,-0.009972118753090219,0.0009243272370361756,0.010896445990126395,9.557771003274432e-05,0.007664968639218029,-0.42936154901843787,0.029604671814909157,-0.4750775363765626,-0.35748629915331154,0.11759123722325104,0.0014426939065936611,-0.0316223627236667,0.08811099859586871,0.004184648385036541,0.07838008215578154,0.09429211627409514,0.0159120341183136,-0.0001546754140940498,-0.003191582064575052,1759775890.0684373,1759775891.92468,moderate
be176f54-cf2a-4d98-8798-4c27e5917335,5be1e58c-349b-43cc-85c8-65af84fc7ba6,0.005672154823939005,0.0005196854065399468,0.004712820053100586,0.006674349308013916,0.00196152925491333,-3.7998630684925804e-05,0.0001570582389831543,0.008629466975665752,0.0012735316186516252,0.006100414490333039,0.01063707999231379,0.004536665501980752,-3.8416436592917316e-05,0.001916187495550962,0.010063408066829045,0.00012721478805425247,0.009637702256441116,0.010356221348047256,0.0007185190916061401,-4.29842973312361e-06,-0.0003285743296146393,-0.0033835341197577407,0.002201035469155303,-0.007704870549945478,-2.7599117260814956e-06,0.0077021106382193965,-8.853625380601397e-05,0.003070273383426414,-0.43579526468935437,0.029754272200145926,-0.47625466116735204,-0.37627619874032014,0.0999784624270319,0.0008580090621849757,0.019942924646606575,0.06339194382377934,0.0331059957387157,-0.0228925951683662,0.0907778078538189,0.1136704030221851,0.002332564450980989,0.0126908236716258,1759775891.9866803,1759775893.8146276,moderate
be176f54-cf2a-4d98-8798-4c27e5917335,5be1e58c-349b-43cc-85c8-65af84fc7ba6,0.005872670809427897,0.0004212784189527311,0.005236029624938965,0.006517469882965088,0.001281440258026123,3.220438294203848e-05,0.0004038810729980469,0.008998807490214977,0.0015389301705215595,0.006458083064622115,0.011738241169804901,0.005280158105182786,0.00010809891281423165,-0.00012255705667024025,0.009784523025155067,0.0002049520677126869,0.009459789842367172,0.01012486219406128,0.0006650723516941071,2.2793718685165e-05,0.0006650723516941071,-0.00039484140743123686,0.003648348665703211,-0.00576649104757469,0.006241900683306736,0.012008391730881425,0.00024391010279458379,0.0004842719177488464,-0.42058982531092204,0.02942531354306552,-0.4923212861969875,-0.372230729106063,0.12009055709092453,0.001344940607911577,0.002821807715002733,0.08433913564104753,0.006842151393531813,0.06800377672124276,0.09601597837745067,0.028012201656207908,-0.0006088215599849909,-0.011923990168987347,1759775893.873627,1759775895.6722963,moderate
be176f54-cf2a-4d98-8798-4c27e5917335,5be1e58c-349b-43cc-85c8-65af84fc7ba6,0.005780533949534098,0.00024627745228256246,0.005345761775970459,0.006112337112426758,0.0007665753364562988,-1.6982006416702694e-05,-2.1398067474365234e-05,0.007988336513933434,0.0016705651053090587,0.0052454788257070345,0.0111081449968883,0.005862666171181265,3.339578186640721e-05,0.0028486180179396,0.009961870933572451,8.573697991528545e-05,0.009808667004108429,0.010158251971006393,0.0003495849668979645,5.568138782651857e-06,0.00018816441297531128,-0.0028096375536181962,0.004284788521502577,-0.010064254229328398,0.0063854301271860075,0.016449684356514407,0.0002562819508350124,0.010123232191062398,-0.4176517211425278,0.02431048676619823,-0.4625834445151734,-0.3628989866412477,0.09968445787392571,0.00016572929193524425,0.021039336630906014,0.08171880789869143,0.003821101710458675,0.07202718357825198,0.08759896917939987,0.015571785601147886,-7.501788556094763e-05,0.0008127097072001405,1759775895.7322962,1759775897.5379782,moderate
be176f54-cf2a-4d98-8798-4c27e5917335,5be1e58c-349b-43cc-85c8-65af84fc7ba6,0.005542765061060588,0.0004035927229299769,0.004485964775085449,0.006181299686431885,0.0016953349113464355,-4.453183016071595e-05,-0.0016953349113464355,0.008658367853809187,0.0011296875201140032,0.00682780863981472,0.01052772501484518,0.003699916375030461,-5.611498045437155e-06,-0.0006991039797639015,0.010463677098353703,0.00012100469372582281,0.010114368051290512,0.010618515312671661,0.0005041472613811493,6.881104295325359e-06,0.0003066137433052063,0.002257005237779516,0.002749535722933163,-0.002190897005416202,0.00821144174493694,0.010402338750353141,-0.00018339782228644897,-0.0032529377559424822,-0.43480483057553454,0.03157475955957857,-0.50299655784609,-0.3746485107551526,0.1283480470909374,-0.001055572732409593,-0.052582839614675525,0.07478564966989933,0.006912917833876734,0.06266461483062453,0.0872873932900852,0.024622778459460662,-0.00020221088176441024,-0.008214389294570093,1759775897.5979776,1759775899.3962116,moderate
be176f54-cf2a-4d98-8798-4c27e5917335,5be1e58c-349b-43cc-85c8-65af84fc7ba6,0.004889152447382609,0.00039487617132618176,0.004249393939971924,0.005767464637756348,0.0015180706977844238,-8.864304645440736e-06,0.00019997358322143555,0.007146907160096106,0.00163325650726036,0.004335175257490518,0.009645071719650447,0.005309896462159929,6.88985662427952e-05,0.0001482202820570818,0.010399708896875382,0.0001526291606801464,0.01017909124493599,0.010693367570638657,0.0005142763257026672,-5.12054121666676e-06,4.5280903577804565e-05,-0.00253122919718977,0.0027969210643359528,-0.008216215264399463,0.004384597339560986,0.012600812603960449,5.2949575799235634e-05,-0.00010763602309572708,-0.41913798282224246,0.041659951280477774,-0.49368974545730143,-0.3247544855650597,0.16893525989224173,-0.00021467508452300375,0.016451074688400902,0.07718834154737418,0.0035860359309248793,0.06986303734500598,0.08277782609862383,0.012914788753617845,8.197033335830357e-05,-0.005904331244037678,1759775899.4562118,1759775901.2533488,moderate
be176f54-cf2a-4d98-8798-4c27e5917335,5be1e58c-349b-43cc-85c8-65af84fc7ba6,0.004421565930048625,0.00032004882294256763,0.0036240816116333008,0.004966914653778076,0.0013428330421447754,-4.087313926790128e-06,0.00032198429107666016,0.009330729764809307,0.0014009028778493445,0.0066896246322527535,0.012236080799290882,0.005546456167038128,-7.777811160716405e-06,-0.0010859383718810674,0.0102372777958711,0.00011328487625373322,0.010075889527797699,0.01042964681982994,0.0003537572920322418,-1.3894644939859663e-06,-1.0233372449874878e-05,0.0016211345829266553,0.0029723387535928723,-0.00435118286043808,0.008332382513199968,0.012683565373638048,-2.066235611540857e-05,0.0003038676118120674,-0.40911352290399744,0.026649505004126547,-0.45504774615044835,-0.34547663869009937,0.10957110746034898,0.0001385699660409658,-0.018242700696268155,0.07608789670994295,0.0036683807015330714,0.06814554693672847,0.08193516942455706,0.013789622487828584,8.046997281207022e-05,0.006409925248477763,1759775901.312351,1759775903.1215365,moderate
be176f54-cf2a-4d98-8798-4c27e5917335,5be1e58c-349b-43cc-85c8-65af84fc7ba6,0.005004378159840902,0.0002691104561023415,0.004147768020629883,0.005380511283874512,0.001232743263244629,-2.198012440037532e-07,-0.0005105733871459961,0.00845495255253209,0.0014672734976709295,0.0056637018347015485,0.011105888519065573,0.0054421866843640246,5.959239810610535e-06,0.0032870146122447683,0.010249053811033566,0.00019681817607747015,0.009948503226041794,0.010575037449598312,0.0006265342235565186,-6.853717817480493e-06,7.406994700431824e-05,0.0002294313213839893,0.0027138906229905893,-0.0038904257764235052,0.005637205340831931,0.009527631117255436,9.792299732565929e-05,0.004455670351932843,-0.44142351764374127,0.019265214792540803,-0.47520400200560386,-0.40833012044924233,0.06687388155636154,5.0749773189244656e-05,-0.0003651050904725506,0.08032945978693144,0.003039736053505451,0.07002870141703424,0.08514745949813564,0.0151187580811014,-8.120431244169486e-05,-0.0080799465284241,1759775903.181537,1759775904.995399,moderate
be176f54-cf2a-4d98-8798-4c27e5917335,5be1e58c-349b-43cc-85c8-65af84fc7ba6,0.004190625747044882,0.000633456729049315,0.003155648708343506,0.005022644996643066,0.0018669962882995605,-6.312423606337906e-05,-0.0008407235145568848,0.009667544442563562,0.0024652308657488802,0.002876850687312434,0.013037972395696049,0.010161121708383614,-0.00018175493735315238,-0.0066883686604322316,0.010100764284531275,0.000286427222813715,0.009745728224515915,0.010560426861047745,0.0008146986365318298,-2.6160176922137267e-05,-0.00042884424328804016,-2.912376512108966e-05,0.0054888079673988495,-0.015056418399264845,0.009305312662708521,0.02436173106197337,-0.0005149462930280089,-0.014990589951081212,-0.43068742879848604,0.027592550431369354,-0.4858254673093759,-0.37699944060163726,0.10882602670773867,-7.332243622354409e-05,-0.0006416658250476548,0.0743913373199967,0.005018397694358383,0.06579789588523581,0.08376289015768414,0.017964994272448326,-8.914703080223121e-05,0.0026047489478903535,1759775905.0624127,1759775906.870478,moderate
be176f54-cf2a-4d98-8798-4c27e5917335,5be1e58c-349b-43cc-85c8-65af84fc7ba6,0.0038438697655995687,0.0002998508725649186,0.0034887194633483887,0.00460582971572876,0.001117110252380371,2.529240556235308e-05,0.0007154941558837891,0.008394806753611463,0.001439250500000363,0.0055533028152552595,0.01074815258722955,0.0051948497719742906,6.033263432031339e-05,0.001891231524407063,0.010192831233143806,0.00021808718359802356,0.009876027703285217,0.010571487247943878,0.0006954595446586609,2.1009401597488708e-05,0.0004957355558872223,-0.0028627625875886366,0.0032075467642320703,-0.009163670810003214,0.0037017511207754457,0.012865421930778661,0.00013159950760316164,0.0035210995134728196,-0.43771323207598295,0.02281844304039937,-0.47589648493457476,-0.38656366153363036,0.0893328234009444,-0.0003108827601115484,0.019988784345225774,0.07319266218344614,0.010073463241302875,0.05394048992981367,0.08273290564832386,0.02879241571851019,-0.0008885053789878479,-0.024368866410601965,1759775906.9314783,1759775908.7464154,moderate
be176f54-cf2a-4d98-8798-4c27e5917335,5be1e58c-349b-43cc-85c8-65af84fc7ba6,0.004540286461512248,0.00039323531124196875,0.0038106441497802734,0.005239546298980713,0.0014289021492004395,2.006692801487194e-05,7.796287536621094e-05,0.009363943771208921,0.0013280621291251824,0.007210534221568114,0.013365734219140614,0.0061551999975725,4.65553786107308e-06,0.0016672003232610245,0.010014317805568378,0.00026206381910331636,0.009637564420700073,0.010535404086112976,0.0008978396654129028,-2.1890935397917223e-05,-0.0004185214638710022,-0.0018212131492331785,0.003130111222420848,-0.00655143081535728,0.007106686221289269,0.01365811703664655,2.521864389068405e-05,0.002599263766750252,-0.40914125181760597,0.056814074862980075,-0.46960937692088367,-0.24914731161980705,0.22046206530107662,0.0007883849936915234,0.0277917402938756,0.07295852362831286,0.007672394093297842,0.05983621938549604,0.08635107269837167,0.026514853312875626,0.00033538497892380317,0.008431982681484117,1759775908.8054156,1759775910.6713703,moderate
be176f54-cf2a-4d98-8798-4c27e5917335,5be1e58c-349b-43cc-85c8-65af84fc7ba6,0.0034232775370279947,0.0007174793149849002,0.0021054744720458984,0.0044432878494262695,0.002337813377380371,-6.566787588185277e-05,-0.0021599531173706055,0.009051964943639844,0.0020417916051146947,0.004545229767645033,0.012989980143496244,0.008444750375851212,0.0001245618690152803,-0.0027377811744381557,0.010051761815945307,6.235759788859776e-05,0.009957097470760345,0.010175615549087524,0.00021851807832717896,1.6200943571309226e-06,-9.680911898612976e-05,0.002574297007452838,0.005608474137285613,-0.007216440393590842,0.011654857018270303,0.018871297411861145,0.0005307773687331732,0.004738256834782829,-0.4293599277906999,0.0248709514502026,-0.4870028502469755,-0.39174295964144057,0.09525989060553491,-7.513278311607395e-05,0.025645149268010148,0.0845348953528276,0.022844052960426513,0.004567180524578268,0.10325772841836259,0.09869054789378431,0.0009903980679576943,0.027907705856928547,1759775910.73437,1759775912.617056,moderate
be176f54-cf2a-4d98-8798-4c27e5917335,5be1e58c-349b-43cc-85c8-65af84fc7ba6,0.002827928463617961,0.00029473376111507714,0.002114534378051758,0.003380417823791504,0.001265883445739746,1.1308400066065976e-05,0.0008680820465087891,0.009754210030343042,0.0017107781101574015,0.005324253476861662,0.012297679275974,0.006973425799112337,9.162182576406819e-05,0.0020658559648674074,0.010115855187177659,0.00010773065147044213,0.009966447949409485,0.0103183314204216,0.0003518834710121155,9.3730127188202e-06,0.0002741590142250061,0.004245351330004974,0.0032129513716289953,-0.0017855178416475025,0.009572935383938132,0.011358453225585634,-0.00010228721178148257,-0.0038044320026562853,-0.43819313105194857,0.01914686645773576,-0.4721739158536938,-0.4047350610943738,0.06743885475931999,-0.0010114228679797945,-0.04191251714964117,0.10231076709586878,0.005125811987061047,0.08976598267543097,0.10853221760393901,0.01876623492850804,-0.00031471821938117714,-0.00930299339864804,1759775912.680055,1759775914.5005488,moderate
be176f54-cf2a-4d98-8798-4c27e5917335,5be1e58c-349b-43cc-85c8-65af84fc7ba6,0.0028360982735951743,0.0002715624775219816,0.0020810961723327637,0.003293335437774658,0.0012122392654418945,-1.3147219932649505e-05,-0.0009629726409912109,0.009011019413476486,0.001706350440627436,0.005424043682663784,0.011605681517413018,0.006181637834749234,1.6733757515765976e-05,-0.0006606428204571097,0.010642929623524347,0.00016089238847222497,0.010314978659152985,0.010941438376903534,0.0006264597177505493,3.4329523897011895e-06,2.101808786392212e-05,-0.0021658324663064317,0.0031045170779001405,-0.009618058070683597,0.004456202456885272,0.014074260527568869,0.00011937423977194186,-0.0030400110759583538,-0.4254147096072033,0.025155582101556186,-0.4786906298347065,-0.3873979936684335,0.09129263616627298,-0.000672744946643999,0.023061885648101133,0.07727588863774605,0.01265354108557192,0.0577071174751791,0.09587803117901177,0.038170913703832667,0.0005425541592896305,-0.004487266258688324,1759775914.5615497,1759775916.3829055,moderate
be176f54-cf2a-4d98-8798-4c27e5917335,5be1e58c-349b-43cc-85c8-65af84fc7ba6,0.002828323841094971,0.0002559196444777896,0.0022556185722351074,0.0032436251640319824,0.000988006591796875,-6.46358337232613e-06,-0.00011157989501953125,0.00896820583401113,0.0016866898410207146,0.0067928500729491775,0.01435141088239093,0.007558560809441752,-6.201934521783619e-05,-0.0004381945216643266,0.010570226485530536,0.00017772735276687715,0.010118279606103897,0.010797057300806046,0.0006787776947021484,-1.0299597254584443e-05,-0.0003059506416320801,-0.0027978680146442314,0.003315956924194033,-0.007884292678311746,0.005726201997609226,0.013610494675920973,0.000176161061107981,0.007569238975851697,-0.4203498069289815,0.021091129815350343,-0.44948312035586857,-0.3705449695983315,0.07893815075753707,0.0010911880028118786,0.03367547829628581,0.07628582279804953,0.013348332854128241,0.06116344347024546,0.11290670485974656,0.051743261389501104,0.0011166656445545547,0.03376520514214286,1759775916.4439054,1759775918.2452013,moderate
be176f54-cf2a-4d98-8798-4c27e5917335,5be1e58c-349b-43cc-85c8-65af84fc7ba6,0.0032768110434214276,0.0004789474636118123,0.002585887908935547,0.004023492336273193,0.0014376044273376465,2.2032502230600725e-06,6.031990051269531e-05,0.009828176475271429,0.001297729543087567,0.007741648479245959,0.012147505625055451,0.004405857145809492,4.386452328141152e-06,0.0012348659081810945,0.010049964984258015,0.0001515375748159576,0.00965864211320877,0.010269030928611755,0.0006103888154029846,4.141427187023227e-06,9.814649820327759e-05,0.004836213719713374,0.004846876605976783,-0.004213272841271196,0.0120906928581732,0.016303965699444395,-0.0003152024763326675,-0.001438950768377644,-0.4303332246832832,0.01658441329809669,-0.4648955536852966,-0.3969834073025708,0.0679121463827258,0.0009544862809177504,0.006809151566538496,0.1040202716463152,0.015727471211348116,0.06812260883444764,0.1190474259911784,0.050924817156730764,-0.001310981861454122,-0.016209592278456655,1759775918.3112035,1759775920.1163166,moderate
be176f54-cf2a-4d98-8798-4c27e5917335,5be1e58c-349b-43cc-85c8-65af84fc7ba6,0.005311361948649089,0.0015963964165921314,0.0026054978370666504,0.007317483425140381,0.0047119855880737305,7.862718537599013e-05,0.0018292665481567383,0.007330883073324272,0.0014012182848801152,0.004967831017191109,0.009632778967332603,0.004664947950141494,5.3841194963852024e-05,-0.0022094285761851415,0.010187522942821185,0.00034312994133876287,0.009590473026037216,0.010788019746541977,0.0011975467205047607,4.267481231318167e-06,2.6699155569076538e-05,-0.0031270765336582538,0.0038659860098473834,-0.009977792921796198,0.005495203571398542,0.01547299649319474,0.00012660690890487004,-0.001019461862848577,-0.4242457947619101,0.0240595777052122,-0.45988319106282927,-0.36170994763525643,0.09817324342757283,0.0012359580296150885,0.012936881055011895,0.07624807050471231,0.03179656644888685,0.025035932377930503,0.123188072037623,0.0981521396596925,-0.0009843028576683314,-0.008652761915937154,1759775920.1753144,1759775922.033929,moderate
be176f54-cf2a-4d98-8798-4c27e5917335,5be1e58c-349b-43cc-85c8-65af84fc7ba6,0.004024984439214071,0.00044267670241737657,0.003514707088470459,0.005102097988128662,0.0015873908996582031,-2.1312936924986364e-05,-0.0004881620407104492,0.00857677204406326,0.0023732165452442487,0.004105283949760082,0.01337263836770269,0.00926735441794261,-1.5277291047351553e-05,0.00029772035750616054,0.010187286138534545,0.000156474468551083,0.00996050238609314,0.010578349232673645,0.0006178468465805054,7.592773145775376e-06,0.0004280172288417816,0.003741031280554906,0.0049459508580048765,-0.005087328013768329,0.012646963590227248,0.017734291603995575,-5.491899561234697e-05,-0.0018161767391724828,-0.39822790747908154,0.04429632808729605,-0.460861980179522,-0.3061304313275013,0.15473154885202073,0.002430128153157857,0.008221364244810125,0.0790934889951909,0.045503254966746565,-0.04727038195207738,0.1090518293375507,0.1563222112896281,-0.003531846528697308,-0.03498729625810511,1759775922.0949302,1759775923.9413936,moderate
be176f54-cf2a-4d98-8798-4c27e5917335,5be1e58c-349b-43cc-85c8-65af84fc7ba6,0.0035209914048512777,0.0004597535766267999,0.002836465835571289,0.004326522350311279,0.0014900565147399902,-4.0720925315203484e-05,-0.0012537240982055664,0.009148737531338736,0.0013388384108171442,0.0071887440551307285,0.012212505657859397,0.005023761602728669,5.604530772588859e-05,0.0018739879923886076,0.010496025284131369,0.00016359178646067912,0.010116782039403915,0.010930236428976059,0.0008134543895721436,1.1296462561848166e-05,0.000329822301864624,0.000206045180556523,0.0028969171051048265,-0.0051048757604239,0.006128718919797765,0.011233594680221665,0.0001230196421190654,0.00457934259040701,-0.42630229227697564,0.023460701699026882,-0.4807555116402796,-0.37876326403362165,0.10199224760665793,0.00039656194484982547,0.006465863992145604,0.07119680303670216,0.004437394527964456,0.061853816631947806,0.07819434724425757,0.016340530612309764,-0.00031170077170318853,-0.005240082032155174,1759775924.0003934,1759775925.7850137,moderate
be176f54-cf2a-4d98-8798-4c27e5917335,5be1e58c-349b-43cc-85c8-65af84fc7ba6,0.0025398313999176027,0.0004399480120563323,0.0018565654754638672,0.003433525562286377,0.0015769600868225098,2.876064005630035e-05,-0.00044924020767211914,0.009938501401416076,0.0029217745456668687,0.0024549230132358303,0.013318954402785856,0.010864031389550026,-0.00018460109715779074,-0.002299856082961616,0.010571661591529845,0.00022235937828949298,0.01024482399225235,0.010974645614624023,0.0007298216223716736,-2.2897437562931896e-05,-0.0005381852388381958,0.0037448981688926073,0.00459785426948958,-0.007819455592159661,0.010308478720815775,0.018127934312975436,-0.00019287249484401485,-0.0035606258758385284,-0.42933217788553574,0.023130949679156677,-0.4708780977903714,-0.38373108893221763,0.08714700885815374,-0.0010938298533773809,0.005381395819497592,0.08453879270631694,0.010137729628311734,0.06295134110913497,0.09517873764420019,0.03222739653506522,0.0008055787243649439,0.020386875571599808,1759775925.8450148,1759775927.6534781,moderate
be176f54-cf2a-4d98-8798-4c27e5917335,5be1e58c-349b-43cc-85c8-65af84fc7ba6,0.002694747845331828,0.0008736236731656577,0.0013186335563659668,0.004189252853393555,0.002870619297027588,9.329532489628095e-05,0.0008386969566345215,0.011098730657076662,0.0013362280447927347,0.008163104650493934,0.014354509329550498,0.006191404679056564,-3.77649415117504e-05,0.0025607655410611885,0.010602764164408049,0.00019723192830750663,0.010121401399374008,0.010932404547929764,0.0008110031485557556,-1.0153904010244418e-05,-0.0003614574670791626,0.006172744564909361,0.002370986905117366,0.0005771669820687009,0.010595975519199712,0.01001880853713101,-4.2766153356044894e-05,0.006054345605433997,-0.43709361741454184,0.020381419888001535,-0.4820604914489931,-0.40222296049322487,0.07983753095576823,0.0015879514748218663,0.034606467502664995,0.0796072706278062,0.006004613795578674,0.06532161167815458,0.09368234505512962,0.028360733376975047,0.00045648978149877804,0.008966249313775237,1759775927.7131293,1759775929.54835,moderate
be176f54-cf2a-4d98-8798-4c27e5917335,5be1e58c-349b-43cc-85c8-65af84fc7ba6,0.0028912484645843505,0.000344747475708996,0.0023970603942871094,0.0036121010780334473,0.0012150406837463379,-1.827641509398735e-06,0.0009590983390808105,0.01002821155031757,0.0013300215774017694,0.008303006275503049,0.012942493072898542,0.004639486797395493,-0.00011741678423104758,-0.002041944035701189,0.010113778586188952,8.918779573185398e-05,0.009958021342754364,0.010276030749082565,0.0003180094063282013,-1.2121232717533132e-06,-2.4955719709396362e-05,0.0011807946101439514,0.0028874845270611634,-0.0030448072115890905,0.006778161194764217,0.009822968406353308,-0.00019601206795236476,-0.006118568421179017,-0.42179673103582377,0.020988377931328364,-0.467717349890569,-0.3803015806065508,0.08741576928401823,-0.001010256935766242,-0.036524465417483165,0.08163240771343364,0.029810602489921647,-0.021048626612790198,0.10330933914849447,0.12435796576128466,-0.0022439998739068007,-0.07870477052734522,1759775929.6073508,1759775931.358804,moderate
be176f54-cf2a-4d98-8798-4c27e5917335,5be1e58c-349b-43cc-85c8-65af84fc7ba6,0.0035238802433013917,0.0002956892977337592,0.003032863140106201,0.004088222980499268,0.0010553598403930664,-1.186270337216183e-05,-0.00031876564025878906,0.00926349907457563,0.002559284908950006,0.0043492193060289865,0.014578742603337377,0.01022952329730839,0.00012266478379037367,0.003351711536087454,0.010196714848279952,0.000159432281430128,0.00984102487564087,0.010549269616603851,0.0007082447409629822,-4.685934512845931e-06,-2.2880733013153076e-05,-0.000553648567036812,0.006378118814186476,-0.012046948673084472,0.013647526572643074,0.025694475245727544,0.000499042636873216,0.011007916367843778,-0.421884135106289,0.025663216416378143,-0.455850786616813,-0.3599966305444747,0.09585415607233827,0.0016858753285772816,0.08144307750815805,0.08167177416952393,0.023518285371294745,0.02697292768164545,0.11535662161724129,0.08838369393559584,0.002497913623774184,0.08575728122444023,1759775931.4187047,1759775933.2362964,moderate
be176f54-cf2a-4d98-8798-4c27e5917335,5be1e58c-349b-43cc-85c8-65af84fc7ba6,0.0031314015388488768,0.0003080440945329736,0.0023559927940368652,0.003809690475463867,0.001453697681427002,-5.71462018073467e-07,-0.00026094913482666016,0.008814490298748945,0.0014466373690842694,0.006370855041325626,0.013398503665730376,0.00702764862440475,-0.00010818664995269108,-0.004872274479644653,0.010708534965912501,0.0006085808381872184,0.00977616012096405,0.011402741074562073,0.0016265809535980225,6.064949795454575e-05,0.0012557804584503174,0.0007528922808414072,0.0034378183466039786,-0.005082798941462285,0.010863624341709418,0.015946423283171703,-0.0002794776495460118,-0.011571040307549863,-0.428921775209753,0.03300547347866686,-0.4807775297545174,-0.3438330130168348,0.1369445167376826,-0.0003644214154137412,-0.02686315990964261,0.07368681899522116,0.02610311400277832,0.042970979683512184,0.11020765482470166,0.06723667514118947,-0.0025134490070804604,-0.06073818333112739,1759775933.3502991,1759775935.1049514,moderate
be176f54-cf2a-4d98-8798-4c27e5917335,5be1e58c-349b-43cc-85c8-65af84fc7ba6,0.003967330853144328,0.00042805360905012247,0.003122270107269287,0.004721283912658691,0.0015990138053894043,1.000635350771555e-05,0.0012209415435791016,0.010380677876730759,0.001704883282374158,0.006429893931224755,0.012741565510355357,0.006311671579130602,8.993626871106481e-05,0.0010378787621343165,0.010905400042732556,0.000245726795311953,0.01051228865981102,0.01135946810245514,0.0008471794426441193,-1.7483770283761622e-05,-0.0006145164370536804,0.0034475761789340476,0.003621066188345627,-0.005700749683846217,0.009545195439087308,0.015245945122933525,0.00014446328876237447,0.0018686084039326379,-0.4287706102473751,0.031130488079880312,-0.4857301683859861,-0.35906441144119094,0.12666575694479515,-0.00220939183830277,-0.09641724332375984,0.044864838611549,0.030172855172092214,-0.04605147668365413,0.06681481841968616,0.11286629510334029,0.001643290778775248,0.01727971846680839,1759775935.219952,1759775937.111941,moderate
be176f54-cf2a-4d98-8798-4c27e5917335,5be1e58c-349b-43cc-85c8-65af84fc7ba6,0.0035217424233754476,0.0005956956109994829,0.002424895763397217,0.00509798526763916,0.0026730895042419434,-3.825438035873743e-07,-0.0004913210868835449,0.009676110077283667,0.0010056231979983547,0.007244179316268188,0.012120259497315352,0.004876080181047164,-1.8283370705386917e-05,0.0003579043257033888,0.010448448359966278,0.00018241308036479235,0.010160751640796661,0.01082870364189148,0.0006679520010948181,-1.0796216160092126e-05,-0.00041975826025009155,0.0023882542312973773,0.004768907072887811,-0.003608067402068211,0.015008386348677351,0.01861645375074556,-0.00015255047162245896,0.001942953836060401,-0.42942656803349877,0.02788565740558005,-0.4807745602440765,-0.36153209763700844,0.11924246260706806,0.002166239616014005,0.028176735842710965,0.08061334004164036,0.01316466386913224,0.0572489925990702,0.10731522384403916,0.05006623124496896,0.0006364000848669661,0.02601276374072846,1759775937.1729429,1759775938.9936016,moderate
be176f54-cf2a-4d98-8798-4c27e5917335,5be1e58c-349b-43cc-85c8-65af84fc7ba6,0.0036108553409576415,0.00040470121403205086,0.0028643012046813965,0.004197657108306885,0.0013333559036254883,2.7767291191024696e-05,0.0004519820213317871,0.009351732970573196,0.0024227317559568,0.004898115956100865,0.013542850888838,0.008644734932737135,-0.00013557125402011876,-0.0005465054571552556,0.010337734346588452,0.00010030809551814007,0.010134704411029816,0.010487645864486694,0.00035294145345687866,5.115710356344238e-06,9.373575448989868e-05,0.0018794435809176384,0.004511662878228653,-0.007409804144120276,0.010451490078601695,0.017861294222721973,-0.00019508296099904771,0.0012785741069318715,-0.43625362901456666,0.023505411046673037,-0.48563930728578564,-0.3866917023514879,0.09894760493429772,-0.0007382035513458077,-0.017833894803748362,0.09461787980445018,0.00429026225004894,0.08409358113223284,0.10092791811308835,0.016834336980855513,0.00011880128242224525,0.0065102794459564045,1759775939.058602,1759775940.903896,moderate
be176f54-cf2a-4d98-8798-4c27e5917335,5be1e58c-349b-43cc-85c8-65af84fc7ba6,0.0048761069774627686,0.0007007697080267621,0.0036888718605041504,0.005701780319213867,0.002012908458709717,5.692039368812977e-05,0.0008973479270935059,0.009117556600231143,0.002304840668168812,0.006112067345954887,0.015130165161419771,0.009018097815464884,-9.885705277825868e-06,-0.0005007360040047044,0.01041111300388972,7.899903757173551e-05,0.010271109640598297,0.010555118322372437,0.0002840086817741394,5.061372501301155e-06,-3.4596771001815796e-05,-0.0015357040576635032,0.004513564679735838,-0.00747559799389845,0.010280225797717483,0.017755823791615933,-0.00013654566206377594,-0.0015328446068188604,-0.44600305932122797,0.04109543028424435,-0.521604373498314,-0.3511681954356776,0.1704361780626364,-0.00010466434583324567,0.005372829291592385,0.07887909207530767,0.005048509295595543,0.06842175991836019,0.08904948556390878,0.020627725645548586,-4.304657659398959e-05,0.001877738539489457,1759775940.9654055,1759775942.8269358,moderate
be176f54-cf2a-4d98-8798-4c27e5917335,5be1e58c-349b-43cc-85c8-65af84fc7ba6,0.004733741283416748,0.0005754516459100246,0.003848552703857422,0.005693614482879639,0.0018450617790222168,4.577639370792037e-05,0.00048536062240600586,0.009228404669990413,0.001701905008398126,0.00544384680146623,0.013346436281940271,0.00790258948047404,4.5936498368482103e-07,0.0007178630565886669,0.010271225745479265,9.315318763547603e-05,0.010125309228897095,0.01044471561908722,0.0003194063901901245,-2.8648344308834056e-06,-0.00023731589317321777,-0.002449790915799248,0.004223415355085591,-0.01295826573181465,0.004477615359091715,0.017435881090906366,-8.642940057563654e-05,-0.001096437588461284,-0.4079205756868396,0.03187945099336384,-0.4600535021876712,-0.31537395993010603,0.14467954225756519,0.0022791450996332927,0.0675966794709349,0.09004701690633837,0.005147799804526078,0.07851802935422046,0.09794660198608761,0.019428572631867147,-0.0002848621147291033,0.001558516616081168,1759775942.8869398,1759775944.7398725,moderate
be176f54-cf2a-4d98-8798-4c27e5917335,5be1e58c-349b-43cc-85c8-65af84fc7ba6,0.004930319388707479,0.0002500014948908046,0.004459381103515625,0.005461394786834717,0.0010020136833190918,1.2792694953180127e-05,-0.00036519765853881836,0.008205262616502338,0.0018832112570516606,0.005264911478001271,0.01161329292021804,0.006348381442216769,-0.00016618607578973337,-0.002970669893007736,0.010266121476888657,0.0002129499983045878,0.010038286447525024,0.010816864669322968,0.0007785782217979431,-2.281475517985818e-06,0.00011260434985160828,-0.0025775904343027715,0.0029436461870233402,-0.010031472616953085,0.0027233364512039898,0.012754809068157076,-0.00023595471327916284,-0.007037423654995214,-0.42604924849757636,0.03028985166763777,-0.4815460985783612,-0.3733060536200389,0.10824004495832235,-0.0007331314741570427,-0.02778430500804302,0.08479054899834093,0.011012023480460254,0.05912959840134476,0.09736582197972703,0.038236223578382265,0.0003541360482966459,0.0011300201220850181,1759775944.7995472,1759775946.5838282,moderate
be176f54-cf2a-4d98-8798-4c27e5917335,5be1e58c-349b-43cc-85c8-65af84fc7ba6,0.0037657161553700763,0.0007385842630478052,0.0023841261863708496,0.004861176013946533,0.0024770498275756836,-6.855164009153643e-05,-0.0012083053588867188,0.007575165320959953,0.0024507529604332282,0.0029145035560558604,0.012780127705982568,0.009865624149926708,-5.259496046538069e-05,0.003523776389763809,0.00978333093225956,0.0002602692846389093,0.009415633976459503,0.010258588939905167,0.0008429549634456635,-1.3439074672501663e-05,-0.00016982108354568481,-0.004441050233449635,0.004813152923749085,-0.014342798982626803,0.005442144700610454,0.019784943683237258,-5.2344213379919235e-05,0.007594653706517401,-0.4179739193283091,0.04022614921407437,-0.4720126119150064,-0.3183935903140796,0.15361902160092678,0.0020263523061862464,0.030271090779320775,0.10707026402676507,0.012406977372438153,0.08790098752609753,0.12380453353642044,0.03590354601032292,0.00033590123506338303,0.008672832755432888,1759775946.6488283,1759775948.5127337,moderate
be176f54-cf2a-4d98-8798-4c27e5917335,5be1e58c-349b-43cc-85c8-65af84fc7ba6,0.00370944341023763,0.00025572076846746525,0.0032138824462890625,0.00411379337310791,0.0008999109268188477,8.722751901730547e-06,-0.00010156631469726562,0.00881056335376193,0.0020190990706653875,0.004244714071940568,0.012002383790157936,0.0077576697182173675,-0.00015447292804549628,-0.0038021988100696257,0.009639214227596919,0.00018699646353033576,0.009317789226770401,0.009942710399627686,0.0006249211728572845,-8.0150130460737e-06,-0.00023330003023147583,-0.0008944285656243327,0.004261581697887818,-0.010742590281391233,0.005596903876550176,0.01633949415794141,-0.00030568004586386854,-0.006024756580524908,-0.4076859686868549,0.03310458296694963,-0.4652959229454398,-0.3303830018730396,0.13491292107240022,0.0020980315230942044,-0.018132254967683892,0.10715307482379563,0.01020218313823587,0.08625677161121713,0.1189789302690898,0.032722158657872674,0.0008226078768087516,0.009007028162274514,1759775948.571734,1759775950.414031,moderate
be176f54-cf2a-4d98-8798-4c27e5917335,5be1e58c-349b-43cc-85c8-65af84fc7ba6,0.004507984717686971,0.00047408859336971085,0.0037535429000854492,0.005406498908996582,0.0016529560089111328,9.918862640923995e-06,0.00030177831649780273,0.009636334323185624,0.0017586924639950464,0.006633583153192771,0.01334852436589563,0.006714941212702859,-7.126630764418412e-06,0.0009505497025174064,0.009586150820056597,0.00013277231100376205,0.009306441992521286,0.009829621762037277,0.0005231797695159912,-9.77659964720585e-06,-0.00027557089924812317,0.0014838530122336234,0.003920520802743972,-0.006535862175062039,0.008531182386518319,0.015067044561580357,0.00019584720455557603,0.007649656091552607,-0.4144681345395188,0.03132454019612811,-0.4705326957140809,-0.34806167316424136,0.12247102254983955,-0.0010869422821987917,0.03778415608135566,0.11889469646015849,0.009109128751045673,0.10296144459723514,0.13176915238393255,0.028807707786697417,0.0008514090016917908,0.016922266372932038,1759775950.4787266,1759775952.2989655,moderate
be176f54-cf2a-4d98-8798-4c27e5917335,5be1e58c-349b-43cc-85c8-65af84fc7ba6,0.002946660916010539,0.0005466335825535128,0.0018352270126342773,0.0037079453468322754,0.001872718334197998,2.1448456273063008e-05,-0.0006982684135437012,0.010657600468991224,0.0016049622040692896,0.0076800500025628405,0.013719597092027178,0.006039547089464337,9.486723075742991e-05,0.0031453953697885015,0.009698067729671796,0.00023325288720701023,0.009258836507797241,0.010026853531599045,0.0007680170238018036,1.4275096116527435e-05,0.0004610680043697357,0.002507655852995868,0.0026172281342856808,-0.002605086848562045,0.007070481642147916,0.009675568490709961,4.172648877301714e-07,-0.0005274764774708329,-0.39956643184893703,0.03710920187852635,-0.4418128995508286,-0.3203530429892716,0.121459856561557,-0.0015680425661400007,-0.02713650614094415,0.11082918182108611,0.006487900579959537,0.10075620093073598,0.12498329712585224,0.02422709619511626,-0.0006353533266399681,-0.021726205876997445,1759775952.3619654,1759775954.159291,moderate
be176f54-cf2a-4d98-8798-4c27e5917335,5be1e58c-349b-43cc-85c8-65af84fc7ba6,0.003257248799006144,0.00043262054915870277,0.0024513602256774902,0.0038636326789855957,0.0014122724533081055,3.1788370367947636e-05,0.0007629990577697754,0.008643164132837444,0.0024295848114878433,0.003159583990622866,0.01217929838721448,0.009019714396591615,-0.00012521546199557347,-0.0016447029025806956,0.009737015763918559,9.897260451440681e-05,0.009545516222715378,0.009932305663824081,0.0003867894411087036,5.653631501521364e-06,0.00015621259808540344,-0.0040508654122760595,0.004184111637033261,-0.013384411527336784,0.0030595467060833483,0.016443958233420132,-0.0001460076562531125,-0.0011803244181180068,-0.4227838585685271,0.019063096085197226,-0.4683146933881284,-0.39343136803140916,0.07488332535671927,0.0009790526801909288,0.03923355341002588,0.101456567034219,0.0027230476125917496,0.09541990630290287,0.10674591288881899,0.01132600658591612,-0.00012710695351353244,-0.0038313002504072324,1759775954.219291,1759775956.02985,moderate
be176f54-cf2a-4d98-8798-4c27e5917335,5be1e58c-349b-43cc-85c8-65af84fc7ba6,0.004222059249877929,0.00027133859069592434,0.0033921003341674805,0.004545629024505615,0.0011535286903381348,1.669839704129534e-05,0.001066744327545166,0.009833296771465192,0.001168210142993824,0.007704601828425057,0.012345031631477809,0.004640429803052752,7.10827040081509e-05,0.00030832917115032783,0.009976355110605557,5.618207977462134e-05,0.009881608188152313,0.01009160652756691,0.00020999833941459656,4.055758770368786e-06,0.0001568533480167389,-0.0022111515822282398,0.0021254452820954717,-0.006493742365825783,0.00462937299315631,0.011123115358982093,8.850784099762885e-05,-0.0016156497740876887,-0.40639938822352784,0.04635466316602701,-0.46384202202369224,-0.27535370493812894,0.1884883170855633,-0.001890889362692186,0.004975986941690325,0.09595983312432162,0.003600772156445657,0.0918294561264444,0.10328863113949094,0.011459175013046538,0.00012055877878319531,0.005325144161446596,1759775956.0928507,1759775957.928738,moderate
be176f54-cf2a-4d98-8798-4c27e5917335,5be1e58c-349b-43cc-85c8-65af84fc7ba6,0.004524004459381103,0.0005499758861433001,0.003792107105255127,0.005929410457611084,0.002137303352355957,4.6695220191964054e-05,0.0014368295669555664,0.010286874634226454,0.0018498354759756126,0.0050360642122485155,0.01381702978368615,0.008780965571437635,3.4928162313205196e-05,-0.0025536256410847967,0.00993923122684161,0.00012829461871665288,0.009686823934316635,0.010235264897346497,0.0005484409630298615,1.5425619081872722e-06,-8.906424045562744e-05,-0.00012432710395190986,0.004858402471216503,-0.010120737102650226,0.007171837598729442,0.017292574701379668,1.583166902078802e-05,-0.007742575373553234,-0.40757969123453586,0.03269479477672813,-0.46919397924134426,-0.3499951516664354,0.11919882757490885,-0.0019189809569952144,-0.01910992106353987,0.10340025261776585,0.007030916109829781,0.08692293233162304,0.11594026888638698,0.029017336554763934,-0.0002557776301472666,-0.018150729183972314,1759775957.9917514,1759775959.8157465,moderate
be176f54-cf2a-4d98-8798-4c27e5917335,5be1e58c-349b-43cc-85c8-65af84fc7ba6,0.004910131295522054,0.0004510575112396536,0.0041506290435791016,0.006048858165740967,0.0018982291221618652,-3.978057751003176e-05,-0.0013999342918395996,0.008292792626134306,0.001753483210355823,0.004091037828580771,0.011432000082609934,0.007340962254029163,-0.00011626218296941305,-0.005699896658983609,0.010093854616085689,0.00015437211189940639,0.009650714695453644,0.010371249169111252,0.000720534473657608,-6.884429293028902e-06,-0.0003788359463214874,-0.009097967390205054,0.0034415440268195166,-0.01567056761484821,-0.001980913085011389,0.013689654529836821,-0.00011074582370676408,-0.009305126693203662,-0.41332461975091,0.0294894471368161,-0.46617722300147413,-0.36086420113639983,0.1053130218650743,0.0013558675351572822,0.030062804121177455,0.0885234171792847,0.011251424964021938,0.0666472428391345,0.10725437415604416,0.04060713131690967,0.0006895048676378263,0.018954837102817132,1759775959.8747482,1759775961.665579,moderate
be176f54-cf2a-4d98-8798-4c27e5917335,5be1e58c-349b-43cc-85c8-65af84fc7ba6,0.004690877596537272,0.0007492989026516632,0.003163933753967285,0.005983710289001465,0.0028197765350341797,-3.064312579501855e-05,-0.001366734504699707,0.00928317084616153,0.0021799913790624377,0.00542296596191263,0.01298728584161836,0.007564319879705729,0.00010957863599296016,0.003107540428404233,0.009613700956106187,0.00015563163750543406,0.009420033544301987,0.009939078241586685,0.0005190446972846985,9.940430372787663e-06,0.0002130940556526184,-0.0012865815568654535,0.005717611421516187,-0.009759009232304078,0.010218351652028593,0.01997736088433267,0.0003027870721347205,0.00551832553425646,-0.41842511785980463,0.018434265652527024,-0.44150390768450626,-0.37023176188219165,0.07127214580231461,-0.0004553836355366586,-0.01578466952000146,0.10154957254337436,0.022801802112383803,0.03611312427105035,0.11928381587857256,0.08317069160752222,-0.0017128741541749437,-0.014866120371258312,1759775961.7245772,1759775963.558224,moderate
be176f54-cf2a-4d98-8798-4c27e5917335,5be1e58c-349b-43cc-85c8-65af84fc7ba6,0.0038715004920959473,0.00047134272333533973,0.003081977367401123,0.00468212366104126,0.0016001462936401367,3.0721971004770383e-05,0.0011014938354492188,0.010115724720562796,0.001318389454828998,0.0069522517077994775,0.012240728470030231,0.005288476762230754,7.565921101213859e-05,0.005288476762230754,0.009849854682882627,9.755475794053968e-05,0.009620890021324158,0.009989555925130844,0.0003686659038066864,7.575732118163146e-07,-0.00015006959438323975,-0.0023875860269621614,0.0048907603632984235,-0.01020759080083004,0.009779705399682592,0.019987296200512632,0.0003327491499629103,0.018595892926746967,-0.41000976927668453,0.024146387581621867,-0.44520813189939124,-0.35041610854575367,0.09479202335363757,0.000640364828992073,-0.010358203240540098,0.11162728972706581,0.00767779702599988,0.10054115622185315,0.12763774529535107,0.02709658907349792,4.6296070208411986e-05,0.024706884834490378,1759775963.6232395,1759775965.4692962,moderate
be176f54-cf2a-4d98-8798-4c27e5917335,5be1e58c-349b-43cc-85c8-65af84fc7ba6,0.003303470214207967,0.0007421401246161403,0.0019866228103637695,0.004428505897521973,0.002441883087158203,-4.572713202708821e-05,-0.0015131831169128418,0.00984740480967326,0.0023520016483779107,0.00373663609531863,0.01309798797002591,0.009361351874707281,0.00022276576337806477,0.00578486820445737,0.009909428904453914,0.00012257554744440812,0.00970945879817009,0.010122846812009811,0.0004133880138397217,1.122231146650134e-05,0.00028478726744651794,0.0027778247925288107,0.0032259218862855476,-0.003272000769845247,0.008312600442148347,0.011584601211993594,-9.094122142429259e-05,-0.00026192720880825553,-0.4158651566756204,0.03383164865765887,-0.48520644441250155,-0.3432546704399036,0.14195177397259795,-0.0008378666780825839,0.040612882788570503,0.11913497308155027,0.010201812560435,0.10082851966987139,0.13775631566398436,0.03692779599411297,-0.0009811992255496884,-0.014622403034524431,1759775965.5282977,1759775967.3205643,moderate
be176f54-cf2a-4d98-8798-4c27e5917335,5be1e58c-349b-43cc-85c8-65af84fc7ba6,0.003007266918818156,0.0002730870742718011,0.002514183521270752,0.0035622119903564453,0.0010480284690856934,8.733877218074607e-06,-0.0002269744873046875,0.010447614439009436,0.002488527940159619,0.003939921172004963,0.015535859666682125,0.011595938494677162,-9.184014963064117e-05,-0.0011257466821267999,0.010231024399399758,0.00011787785036308604,0.010015670210123062,0.010395951569080353,0.00038028135895729065,1.2024119081963952e-05,0.00028836727142333984,-0.00026406356161641595,0.004986096784314592,-0.011811819742745219,0.010678161604907208,0.022489981347652427,-0.00022208489663677706,-0.0012212183581781976,-0.41654683300911083,0.0253087747801987,-0.4590869051639569,-0.37142759162911354,0.08765931353484335,-0.001622372702419113,-0.019642676886886923,0.10543051891793105,0.006999502378084355,0.09541066734503975,0.11639297782167957,0.020982310476639815,-0.0006683662908078331,-0.015393696723717515,1759775967.3795638,1759775969.1427991,moderate
be176f54-cf2a-4d98-8798-4c27e5917335,5be1e58c-349b-43cc-85c8-65af84fc7ba6,0.0038927396138509116,0.000779870445590071,0.0021694302558898926,0.005192458629608154,0.0030230283737182617,-1.1023292286907869e-05,0.0006125569343566895,0.010075343871168015,0.0019070884948952298,0.00724818709031154,0.014169141360352092,0.0069209542700405515,-6.2393243289616194e-06,-0.00140713283449829,0.010234034682313601,7.42132130966037e-05,0.010053049772977829,0.010364718735218048,0.0003116689622402191,1.902317211810951e-06,-2.2739171981811523e-05,0.0031437017222183585,0.004750247843957436,-0.005687263583964626,0.014301927694051808,0.019989191278016433,1.2499363611762682e-05,0.0010105873545174326,-0.3959874318564583,0.031782884030797515,-0.45847906643652814,-0.3393038091452128,0.11917525729131534,9.398353111774002e-05,0.041072872452138864,0.10298461632833548,0.004715548915199544,0.09151023420303611,0.11073491259240696,0.01922467838937085,0.00022541370352373636,0.00480521384308101,1759775969.2017992,1759775970.9483812,moderate
be176f54-cf2a-4d98-8798-4c27e5917335,5be1e58c-349b-43cc-85c8-65af84fc7ba6,0.0036211172739664716,0.0005305210897229813,0.0026158690452575684,0.0046500563621521,0.0020341873168945312,2.8720183155030116e-05,0.0020341873168945312,0.009994311619564877,0.0008971792192932666,0.008470894961268684,0.011492958662597055,0.0030220637013283706,-4.8973896663472415e-05,-0.0017797547842096206,0.01067252183953921,0.00021173471116547752,0.010347720235586166,0.011415962129831314,0.0010682418942451477,2.0596176153825837e-05,0.0010682418942451477,0.0016640928435675574,0.002266327507256249,-0.002277741146386043,0.00699714206832622,0.009274883214712263,-4.876530909453622e-06,-0.0007702422863254872,-0.43496846485096835,0.019061528543235756,-0.46990630823400353,-0.3849964078542512,0.08490990037975232,0.000442486010534182,-0.04103972442861298,0.08216867081018252,0.022562898879879462,-0.0014900714013316464,0.10081259043217637,0.10230266183350802,-0.0017940341695151507,-0.08752733811711134,1759775971.0073783,1759775972.826258,moderate
be176f54-cf2a-4d98-8798-4c27e5917335,5be1e58c-349b-43cc-85c8-65af84fc7ba6,0.002868427832921346,0.0007035969537089315,0.0018633008003234863,0.00486677885055542,0.0030034780502319336,-7.055655735088004e-05,-0.00261533260345459,0.010694714477359072,0.0019436803455665811,0.007407622403935315,0.015522792302574388,0.008115169898639073,7.043010752994266e-05,0.000814420100137327,0.011205540721615155,0.0002066246191059369,0.010896548628807068,0.011766880750656128,0.0008703321218490601,-1.8693230739557437e-05,-0.0006726719439029694,0.00304581117976016,0.004209256765069377,-0.006355641979634346,0.012455492637892383,0.01881113461752673,-4.9417902082267755e-05,-0.0035012897739133218,-0.42164562181342585,0.0261351882616961,-0.4858749838137649,-0.3771254655724292,0.10874951824133572,0.001839145681028458,0.05468334239156131,0.08075324122656985,0.015256920091822649,0.017635845714330047,0.09273105097998277,0.07509520526565272,0.0008726157606203946,0.06990864547215284,1759775972.888257,1759775974.7187724,moderate
be176f54-cf2a-4d98-8798-4c27e5917335,5be1e58c-349b-43cc-85c8-65af84fc7ba6,0.0017417709032694498,0.0004394096073189851,0.001070857048034668,0.002600729465484619,0.0015298724174499512,1.266811527850498e-05,-0.0005062222480773926,0.01032087784655113,0.001743536132314554,0.006329362792406216,0.01453075035113757,0.008201387558731354,0.0001347429435050915,0.0035198696520408754,0.01087056261797746,0.00013119075592859624,0.010660458356142044,0.011218447238206863,0.0005579888820648193,3.596391939082586e-06,-4.719197750091553e-05,0.0008939929615428918,0.003388980136401277,-0.005036591575283561,0.009843879740164157,0.01488047131544772,0.0002773728383079727,0.005015762329687794,-0.4216568544881641,0.03166383622743232,-0.47362349240530877,-0.3580035727450355,0.11561991966027324,-0.00010663178070124993,-0.049546021914734006,0.079101421755563,0.007231982496047048,0.06596547146578746,0.09856656791717795,0.03260109645139049,0.00010222211765419155,0.0012064804630211312,1759775974.7777705,1759775976.551675,moderate
be176f54-cf2a-4d98-8798-4c27e5917335,5be1e58c-349b-43cc-85c8-65af84fc7ba6,0.0016737282276153564,0.00036996413892251127,0.0007509589195251465,0.0023775100708007812,0.0016265511512756348,-1.174261890873893e-05,-0.0006393194198608398,0.012223572502822804,0.002402177880496927,0.005015419124109231,0.015776629218244517,0.010761210094135287,0.00013145513847188846,0.0005729769731054636,0.01082417368888855,0.00025910463583581186,0.010515853762626648,0.011361397802829742,0.0008455440402030945,9.862609514272517e-06,-0.00023104622960090637,0.00570160737108246,0.005784723109939903,-0.010782227283760501,0.015218475708939444,0.026000702992699944,0.00029931024149919657,0.0053894993265177675,-0.3981225636851301,0.0408066961355495,-0.4421067199482485,-0.2861778500170968,0.15592886993115174,0.0013775226731384124,0.01055602919800519,0.07214771481014433,0.034385725706535815,-0.0092829730664914,0.11488129316442176,0.12416426623091316,-0.0005458806235475983,0.026469295693067857,1759775976.6103592,1759775978.433458,moderate
be176f54-cf2a-4d98-8798-4c27e5917335,5be1e58c-349b-43cc-85c8-65af84fc7ba6,0.0010009745756785074,0.00018102969314942667,0.0006866455078125,0.0014816522598266602,0.0007950067520141602,-9.47626334541499e-06,-0.00037747621536254883,0.00949330394012082,0.0023799524049233885,0.005592168119843733,0.013416622845859144,0.007824454726015413,-9.88739408662252e-05,-0.004878100907455576,0.010643822699785232,0.0002585284370376826,0.010226279497146606,0.011094272136688232,0.000867992639541626,2.47703693202128e-05,0.00047703832387924194,0.0015619113874265162,0.005131787253025336,-0.005568188498380636,0.010572492083067772,0.016140680581448408,-0.0003342329936739089,-0.011993159790111074,-0.4110991107787964,0.03578143876482487,-0.45685261492525403,-0.30200512362626386,0.15484749129899017,0.0006742455020009147,0.04013473734743417,0.09030320152644154,0.02008116860818931,0.06542961190972685,0.11961386968361347,0.05418425777388662,-0.0021945915247855354,-0.04938892005817652,1759775978.4944568,1759775980.2977524,moderate
be176f54-cf2a-4d98-8798-4c27e5917335,5be1e58c-349b-43cc-85c8-65af84fc7ba6,0.0028055866559346518,0.001906671206552136,0.00011688470840454102,0.006086230278015137,0.005969345569610596,-8.525095208733445e-05,-0.00040787458419799805,0.010091330062310123,0.003260152193515517,0.001859886443505192,0.014261522235990032,0.01240163579248484,-0.00024252147715275385,-0.0019164232469652768,0.011198553691307704,0.0005977023131877057,0.009807005524635315,0.011836305260658264,0.0020292997360229492,-3.5099501206691856e-05,-0.0013263970613479614,0.00521197956715554,0.006165736454895487,-0.008268796544744444,0.015750681347271322,0.024019477892015764,-0.00033128011151661987,0.00020239011281809275,-0.4149513970971706,0.038994161533742994,-0.4821003134718985,-0.34776341165513774,0.13433690181676078,-0.002230517319451347,0.037030987276774785,0.07066890809948907,0.008977878809657782,0.05289808061505129,0.08739603069116526,0.034497950076113976,0.00043893891551248726,0.020352787002932457,1759775980.3587527,1759775982.1468308,moderate
be176f54-cf2a-4d98-8798-4c27e5917335,5be1e58c-349b-43cc-85c8-65af84fc7ba6,0.0008808612823486328,0.0004153453919586234,1.704692840576172e-05,0.0016834139823913574,0.0016663670539855957,3.066243266104591e-05,-0.0001952052116394043,0.009489446597932317,0.002965928414337884,0.0027852444234643847,0.013919783721553945,0.01113453929808956,-9.642603724072205e-05,0.002797089494525073,0.01111098937690258,0.0008821221272202512,0.0096646249294281,0.012089230120182037,0.0024246051907539368,9.090643421693957e-05,0.0019112490117549896,0.011421292224623368,0.006365854280413297,-0.0027118688213345734,0.021613006292038536,0.02432487511337311,0.00036641011665523296,0.015822738788500185,-0.4046132703341597,0.056974075269374154,-0.4777597146194513,-0.24402647636539399,0.23373323825405734,-0.0004576339837111521,-0.11338181641231654,0.05817864414993541,0.015987407703336124,0.04180591523849811,0.09062902877374737,0.04882311353524926,-0.0015624499151918408,-0.044039563455433486,1759775982.2068434,1759775984.0057077,moderate
be176f54-cf2a-4d98-8798-4c27e5917335,5be1e58c-349b-43cc-85c8-65af84fc7ba6,0.002369836966196696,0.0013343908663331207,0.0005655884742736816,0.004377961158752441,0.0038123726844787598,0.00014522476111423723,0.0037286877632141113,0.010109225839908186,0.00266768310285815,0.0012670389940503343,0.01464589807764363,0.013378859083593295,0.00013676571536515243,-0.00025346644916192027,0.011805357908209165,0.0004803634560977027,0.011141132563352585,0.012635715305805206,0.0014945827424526215,4.068181681155628e-05,0.0010622180998325348,0.017270093058312383,0.0066015514542871355,-8.889649423895672e-05,0.030573505337024336,0.030662401831263293,0.0005873790956378036,0.004581175880626849,-0.4081686088421338,0.06578751873080396,-0.4845908481267893,-0.241673938445149,0.24291690968164031,0.0024569543362799417,0.20810670844132534,0.04100298608324272,0.00955581884907569,0.012502808159485438,0.05128540459080703,0.03878259643132159,-0.0007658225364694705,-0.011273758686276447,1759775984.0677068,1759775985.8870432,moderate
be176f54-cf2a-4d98-8798-4c27e5917335,5be1e58c-349b-43cc-85c8-65af84fc7ba6,0.005415576696395874,0.0014582577595097725,0.0033388733863830566,0.009130775928497314,0.005791902542114258,0.00014855048812934104,0.005104780197143555,0.009598154942950231,0.004031901469486651,0.0009302512593148586,0.017557899547260447,0.01662764828794559,0.0002482967761649716,-0.007935594678478118,0.01708924788981676,0.003431085612478272,0.012588150799274445,0.02065306156873703,0.008064910769462585,0.00036423521052146785,0.0076392535120248795,0.03662736122202243,0.01781004030871043,0.002682512520640496,0.06203763887831645,0.05935512635767596,0.001870658536077994,0.019091714978990964,-0.39815696555676144,0.04367166317673149,-0.4652602444254751,-0.29977377001305777,0.16548647441241732,-0.0010107445353525956,0.028426730475296536,-0.04447964322485993,0.06229905348306444,-0.11260988488378948,0.03804151778640998,0.15065140267019947,-0.00671536574117259,-0.15065140267019947,1759775985.9490435,1759775987.7003233,moderate
be176f54-cf2a-4d98-8798-4c27e5917335,5be1e58c-349b-43cc-85c8-65af84fc7ba6,0.012618337074915569,0.006422774606988143,0.0011298060417175293,0.022051513195037842,0.020921707153320312,-0.0005184407361489913,-0.004262685775756836,-0.02189788150501576,0.008513063791487727,-0.031106244183342104,0.005808217451676541,0.036914461635018644,-0.0003207745006746279,-0.025494999913342874,0.017972330562770367,0.0037526310371113797,0.010342057794332504,0.021205266937613487,0.010863209143280983,-0.00033441151350371964,-0.009633269160985947,-0.003757086223922006,0.018332835148453335,-0.02548417527821923,0.04802563225227752,0.07350980753049674,-0.0015419134345802756,-0.07235684372581928,-0.21057711368328472,0.09881635418934863,-0.3886109087879972,-0.02035295458090689,0.3682579542070903,-0.007981599158815331,0.07933469549869612,-0.12178729217244993,0.08186776462487225,-0.2460781002676124,0.040874692002847,0.2869527922704594,0.0045026424559306945,0.14235641143289254,1759775987.7623222,1759775989.6056926,moderate
be176f54-cf2a-4d98-8798-4c27e5917335,5be1e58c-349b-43cc-85c8-65af84fc7ba6,0.023074209690093994,0.015975497451228057,0.007732868194580078,0.06659531593322754,0.05886244773864746,0.0012969327052522687,0.021206259727478027,-0.011277132103529255,0.005958190865160655,-0.02544332681763245,-0.005771622589280265,0.019671704228352186,-0.00036133023243907676,-0.010134347083472146,0.012523680335531633,0.0027838736481750888,0.009469177573919296,0.021132086403667927,0.01166290882974863,0.00022141569261920863,0.011291139759123325,-0.007395383038649795,0.03207850848927352,-0.08536450798266573,0.044496993927097474,0.1298615019097632,-0.0012025614739395495,-0.06859722063580317,-0.1961560570854787,0.15234633155097071,-0.37586256698227216,0.12887732733287896,0.5047398943151511,0.008582219965444495,0.2854485395965418,-0.04876572852120599,0.15350627098883918,-0.3854759743834081,0.06452419403914167,0.45000016842254975,-0.014448336865474386,-0.43891994997426786,1759775989.6656919,1759775991.3988776,moderate
be176f54-cf2a-4d98-8798-4c27e5917335,5be1e58c-349b-43cc-85c8-65af84fc7ba6,0.03247931996981303,0.023472975417591795,0.009430229663848877,0.0867413878440857,0.07731115818023682,-0.0023565282678445006,-0.04100167751312256,-0.014455443983885017,0.007612424608757408,-0.02279853273675476,-0.0012105399765311921,0.02158799276022357,0.0007576617314834124,0.015954140176021585,0.015770264031986395,0.0029128796230528183,0.004046428948640823,0.019036641344428062,0.014990212395787239,0.00020863597174573928,9.614881128072739e-05,-0.019913446465681658,0.026012432207800137,-0.06218814777409359,0.014814198827390265,0.07700234660148385,0.0021565610108076464,0.066138584234549,-0.2271674399238576,0.1410086452664096,-0.41260276092071996,0.14501755570103086,0.5576203166217508,-0.011934049739593236,-0.37030562372469095,-0.09611535571119015,0.16403203910691447,-0.4384249197740456,0.03534915803119699,0.47377407780524255,0.012649722092163947,0.3703985818129747,1759775991.5118797,1759775993.3038933,moderate
be176f54-cf2a-4d98-8798-4c27e5917335,5be1e58c-349b-43cc-85c8-65af84fc7ba6,0.018917614221572877,0.001963537039134385,0.015254497528076172,0.024312317371368408,0.009057819843292236,-0.00020517132040921254,-0.0064470767974853516,-0.004715905303462794,0.0019192208897765128,-0.007559460279123537,-0.0007396096870505766,0.006819850592072961,-0.00013597375844498475,-0.004674310649167139,0.016835388417045277,0.000711451467968043,0.015220141038298607,0.01784387417137623,0.0026237331330776215,-2.710569620928059e-05,-0.0024656765162944794,0.007520745026109392,0.004558762226267526,-0.00018520052931278374,0.016828113123718406,0.01701331365303119,-5.4864722684091256e-05,-0.00633158352837114,-0.237648444550876,0.058470760407128446,-0.31734631172457184,-0.10605566656520081,0.21129064515937102,0.0023534350533407425,-0.04527500431524151,-0.02396680986105965,0.01648688919226354,-0.06676235294997074,0.0034530896401882725,0.07021544259015901,-0.0015897408278532756,-0.04352281898460691,1759775993.3635716,1759775995.1109247,moderate
be176f54-cf2a-4d98-8798-4c27e5917335,5be1e58c-349b-43cc-85c8-65af84fc7ba6,0.01814625064531962,0.0025686599317687716,0.014474451541900635,0.024378061294555664,0.00990360975265503,6.741282672054643e-05,0.0029486417770385742,-0.0002591842287019855,0.0080227040465158,-0.01787179968040338,0.009183504129195478,0.027055303809598856,-0.0006272593113005904,-0.013083058416175127,0.017183240875601767,0.0006174392727220687,0.015513338148593903,0.01816505938768387,0.002651721239089966,-6.976998820320783e-06,0.0014102552086114883,0.008128865041844572,0.018751997300738704,-0.03009725618709615,0.031033356093857174,0.061130612280953324,-0.0017205383880411662,-0.0405300213962812,-0.3290251406080449,0.07846307414601118,-0.41756010209917693,-0.12926784134000524,0.2882922607591717,-0.002311628513686152,-0.10547553268120563,-0.05879514294646023,0.014796011728632652,-0.0816596946271113,-0.02481143114110882,0.05684826348600248,0.0012420249533825081,0.03451929525462531,1759775995.2289248,1759775996.9811819,moderate
be176f54-cf2a-4d98-8798-4c27e5917335,5be1e58c-349b-43cc-85c8-65af84fc7ba6,0.020336500803629556,0.009930738184209897,0.011430799961090088,0.06111323833465576,0.049682438373565674,0.0006769854446937298,0.042837321758270264,-0.005801493416099737,0.01180692248451747,-0.021960032313583847,0.009512276315844248,0.0314723086294281,0.0012239050745560358,0.0259604405627473,0.01523478546490272,0.0008695058927919197,0.014418590813875198,0.019162723794579506,0.0047441329807043076,9.890925449974946e-06,0.002776583656668663,-0.010392976113510834,0.015150659688462794,-0.031573801784830935,0.01725691320990523,0.048830714994736166,0.0014240427498561547,0.039566446540087605,-0.4258607995174609,0.051961189632887185,-0.5004617140176885,-0.25819249303858477,0.2422692209791037,0.0018667338317132846,0.15725569191965294,0.017351392007064103,0.017253818944083156,-0.020539846760811123,0.048728443356001745,0.06926829011681288,0.0009460556771133022,-0.0013291355932728219,1759775997.0401828,1759775998.8548596,moderate
be176f54-cf2a-4d98-8798-4c27e5917335,5be1e58c-349b-43cc-85c8-65af84fc7ba6,0.021073508262634277,0.01792030010447495,0.005734145641326904,0.06178104877471924,0.056046903133392334,-0.001547094844737493,-0.05285161733627319,0.018161175067608497,0.010050047590209376,0.004359289259297577,0.03231940699703677,0.02796011773773919,0.0010887386401423188,0.023741211463481363,0.010620576453705628,0.006330345761748736,0.005059421062469482,0.021666809916496277,0.016607388854026794,-0.0006479386248531544,-0.01616256684064865,-0.021399891172196334,0.02722866373022712,-0.085283418716635,0.014517487910929983,0.09980090662756498,-0.0027913894597847784,-0.09980090662756498,-0.21234163986652183,0.21183535882680674,-0.48420986618536604,0.3794143236434334,0.8636241898287995,-0.0014750287966566814,0.5025335042281258,0.12624718656152623,0.12386191547051643,-0.08013813384248258,0.3104732169740853,0.3906113508165679,0.013540231507460782,0.35413275932545457,1759775998.968868,1759776000.782476,moderate
be176f54-cf2a-4d98-8798-4c27e5917335,5be1e58c-349b-43cc-85c8-65af84fc7ba6,0.014654688040415446,0.005304981069462471,0.0023689866065979004,0.02195793390274048,0.019588947296142578,0.00047760312098417185,0.013427793979644775,0.03165993395264497,0.006415075629888138,0.018663573680397012,0.04213478241694094,0.02347120873654393,-0.0006937715997047169,-0.02347120873654393,0.008865698426961898,0.0036916788013658607,0.004062846302986145,0.014876104891300201,0.010813258588314056,0.000417312261989305,0.010813258588314056,-0.044066533942266846,0.0288048673720443,-0.08589853001964941,0.004160589414833093,0.0900591194344825,0.003180200668762983,0.06143211499029555,0.4184142679470994,0.6425889799599634,-0.4992271047005851,1.470699703024954,1.9699268077255392,-0.05637835457576069,-0.8918386693659566,0.21010178406024663,0.06625269032356132,0.07332573503515036,0.2983896158433938,0.22506388080824344,-0.007229355357538808,-0.22395393152565415,1759776000.843476,1759776002.6188807,moderate
be176f54-cf2a-4d98-8798-4c27e5917335,5be1e58c-349b-43cc-85c8-65af84fc7ba6,0.029968605438868205,0.004519109989166464,0.020768284797668457,0.0363273024559021,0.015559017658233643,0.00019799073095183754,0.007527291774749756,0.010754550431563741,0.005741220167991915,0.005204491758389727,0.02374597002774313,0.0185414782693534,-0.0003969649297155261,-0.008431379902782213,0.016220528756578763,0.0007291238851693076,0.015134468674659729,0.017601441591978073,0.002466972917318344,-1.769693810762102e-05,0.00045392662286758423,-0.006322703828797896,0.009173212521353336,-0.019126705836319653,0.016588338128163245,0.0357150439644829,-0.0005459534122955327,0.00026235787730255044,-0.3092226985238072,0.13867950584048902,-0.4743627788307908,-0.04422330835537572,0.4301394704754151,0.005714449817339486,0.1624549561211971,0.03677420887437745,0.025992936850844917,-0.017374388646055908,0.08176058497941958,0.09913497362547549,-0.0005171692977486948,-0.03428226819772334,1759776002.6798794,1759776004.4149106,moderate
be176f54-cf2a-4d98-8798-4c27e5917335,5be1e58c-349b-43cc-85c8-65af84fc7ba6,0.021001309156417847,0.003307600248285634,0.018677949905395508,0.029424667358398438,0.01074671745300293,-0.000280974319699874,-0.009855866432189941,0.014510024433941948,0.0021816985498654827,0.00973044741040589,0.0195177684120066,0.00978732100160071,0.00018751188724051214,0.0039268776294687,0.014686553676923116,0.0005127401956738697,0.013789679855108261,0.015586581081151962,0.0017969012260437012,-5.461322982796573e-05,-0.0017771869897842407,-0.003059477830870008,0.00269882442551718,-0.00863892462171607,0.0022499647500001515,0.010888889371716223,5.7118353327382886e-05,0.0005307621849536138,-0.4111328496899573,0.05023137861524011,-0.48074213075657646,-0.2993470911534881,0.18139503960308834,-0.0034415302319271844,-0.13541324576399993,0.056719143675366505,0.012648225191619844,0.029535304857267047,0.07478039302145997,0.045245088164192926,0.001282180098692821,0.02589488738178529,1759776004.5255878,1759776006.291726,moderate
be176f54-cf2a-4d98-8798-4c27e5917335,5be1e58c-349b-43cc-85c8-65af84fc7ba6,0.017151214679082236,0.003960178488789375,0.01009136438369751,0.021426856517791748,0.011335492134094238,-0.00019699777989286735,0.00036984682083129883,0.012291537390318207,0.005165551903012315,-0.0003236094771053171,0.016962930335076756,0.01728653981218207,-0.00027746835572316415,0.0013187934116771771,0.013555101801951725,0.0004425708594022765,0.012612603604793549,0.014339141547679901,0.0017265379428863525,-8.370690006302779e-07,-0.001102060079574585,0.004289941567054894,0.006075698283304695,-0.009290427246970724,0.01720435365863267,0.026494780905603393,0.0003322253535846395,0.01767238504664095,-0.32466588234511257,0.07074185852819657,-0.44369159502485617,-0.19106967574483355,0.25262191928002264,0.005323598301675963,0.10682073735338837,0.07364921537476912,0.014491065081885844,0.0411416660266156,0.09565088024948072,0.05450921422286512,0.0003102734127802069,0.022431233937379225,1759776006.3507254,1759776008.172858,moderate
be176f54-cf2a-4d98-8798-4c27e5917335,5be1e58c-349b-43cc-85c8-65af84fc7ba6,0.01846808989842733,0.0013208310471465345,0.016035497188568115,0.02107083797454834,0.005035340785980225,0.0001260918160036488,0.0024770498275756836,0.012139087054312847,0.005252815040614228,0.0012016011371912313,0.019001304420789747,0.017799703283598516,-0.0004382261999411341,-0.011593682016854434,0.01228517120083173,0.0002526568299816757,0.01177893579006195,0.012673482298851013,0.0008945465087890625,1.857246586159949e-06,0.0002630762755870819,0.0003033990518434498,0.012322876371675888,-0.024419694694165838,0.014212496601135436,0.03863219129530127,-0.0008629119569030307,-0.03163401062332215,-0.23475874806136818,0.21726735994305074,-0.5522958851323662,0.3296031734448969,0.881899058577263,-0.007696279167884012,-0.20796759197433728,0.06853836193828777,0.03018537397702702,-0.03938222344550139,0.09709279484563431,0.1364750182911357,-0.001772234325554147,-0.013121550258899259,1759776008.3005164,1759776010.1062942,moderate
be176f54-cf2a-4d98-8798-4c27e5917335,5be1e58c-349b-43cc-85c8-65af84fc7ba6,0.01823518474896749,0.0010973796065761629,0.01693934202194214,0.020916998386383057,0.003977656364440918,-0.00010856891235334589,-0.003534555435180664,0.011248917779504597,0.0025626337857255245,0.004864706612815106,0.01693214793612193,0.012067441323306826,-3.228365556958281e-05,0.006669542226060518,0.01233713428179423,0.0003644644948065033,0.011679895222187042,0.01277664303779602,0.0010967478156089783,-4.064609131903219e-05,-0.0009666942059993744,-0.004582896995769489,0.006474886643807973,-0.019979706175300895,0.00934140307554323,0.029321109250844125,-7.547075886926573e-05,0.012228954882489346,-0.086443949373243,0.2323309466335632,-0.543731738097053,0.48295346750490326,1.0266852056019562,-0.00045252307668287015,0.38222093759193754,0.10662036925679863,0.013789396535934003,0.07992043944089039,0.12934312948298038,0.04942269004208999,0.0015308485756165087,0.03910277410899157,1759776010.165294,1759776011.966927,moderate
be176f54-cf2a-4d98-8798-4c27e5917335,5be1e58c-349b-43cc-85c8-65af84fc7ba6,0.017088566223780313,0.00028530892569631833,0.01659613847732544,0.017667293548583984,0.001071155071258545,-1.532319390336186e-05,-0.0007578134536743164,0.014970936410939965,0.0025252476355631186,0.010407289720903776,0.02158527463677421,0.011177984915870435,-4.3655812288335046e-05,0.002032345585261228,0.011775937428077062,0.00011155023681912903,0.01156599074602127,0.011963080614805222,0.0003970898687839508,3.7747343071841027e-06,-0.00012608617544174194,-0.0036020112725890984,0.006251821590708098,-0.015077298378337711,0.011791501852027474,0.026868800230365184,-0.000248122611532078,-0.0030934541554582494,-0.17594910122591742,0.17538906454976247,-0.4207107132149993,0.22364965317028593,0.6443603663852853,0.007424779915985635,0.12076392400196333,0.11016829898810318,0.012264041380039569,0.0926889977924679,0.1357339396462241,0.043044941853756194,-0.00044597967401136933,-0.008862390684003685,1759776012.0802302,1759776013.8665042,moderate
be176f54-cf2a-4d98-8798-4c27e5917335,5be1e58c-349b-43cc-85c8-65af84fc7ba6,0.015128594636917115,0.0005039422284103503,0.014250457286834717,0.01621013879776001,0.001959681510925293,1.3020797088758832e-05,-0.0003895759582519531,0.013105344536778316,0.0018124338236619431,0.008755581633440581,0.016144670854763444,0.0073890892213228625,-4.847700176291797e-05,0.0007844459917458694,0.010925498232245446,0.0003334325014883711,0.010162588208913803,0.011425677686929703,0.0012630894780158997,6.805739061983594e-06,-0.0005680471658706665,-0.006170554599738931,0.004222941926514052,-0.01753487873038244,0.00041244345205757174,0.01794732218244001,-5.24036110612065e-05,0.003467379062532634,-0.1833204074816747,0.13231882067822306,-0.4053818092875128,0.04629266106959987,0.45167447035711267,0.00638723764097562,-0.006612642651079664,0.1303134218289515,0.029629438613614164,0.050580376530425256,0.16621135012811394,0.11563097359768869,0.0009892388305305989,0.0391190219314405,1759776013.9865015,1759776015.7876801,moderate
be176f54-cf2a-4d98-8798-4c27e5917335,5be1e58c-349b-43cc-85c8-65af84fc7ba6,0.014820847908655803,0.0006644875448740782,0.013500511646270752,0.01593571901321411,0.0024352073669433594,-6.46449965284982e-05,-0.0017074942588806152,0.014031817284139485,0.003411752978406091,0.007112461633213144,0.019458998952295258,0.012346537319082114,4.858998112336459e-05,-0.00616318186688573,0.01094011018673579,0.00021682325078151206,0.010511472821235657,0.01130162924528122,0.0007901564240455627,6.234839774079795e-06,-0.00019855424761772156,-0.0052855561842555885,0.007635429955402202,-0.021623806806356886,0.00906719889526397,0.030691005701620856,0.00016190129953352967,-0.010825354351996453,-0.1457079486255495,0.16384616210635788,-0.40053791623302487,0.24846486702050216,0.649002783253527,-0.006940413872519513,0.019504810047769883,0.14889775548247416,0.00987663275478582,0.1302198747257145,0.1699270041128553,0.0397071293871408,-0.0005759674983795826,0.008114353681845349,1759776015.8536816,1759776017.6887882,moderate
be176f54-cf2a-4d98-8798-4c27e5917335,5be1e58c-349b-43cc-85c8-65af84fc7ba6,0.012085314591725667,0.0011862198098118377,0.010136425495147705,0.014162003993988037,0.004025578498840332,-0.00012869423833386653,-0.004025578498840332,0.00821444457277701,0.0029033983725221093,0.0019090574527765715,0.012669930759177122,0.01076087330640055,-8.215473377939929e-05,-0.005378836911460281,0.010473722591996193,0.00025075758370991677,0.010011807084083557,0.010754089802503586,0.0007422827184200287,2.2881234414850646e-05,0.0003191903233528137,-0.020344846646177372,0.008198818694750391,-0.03833366008202907,-0.010196156386849602,0.028137503695179467,-0.0006342080992775835,-0.023197534764939895,-0.175650328575168,0.11412685306612523,-0.3705839497666712,0.06703946639288973,0.4376234161595609,-0.00402654078835443,-0.22431420599395718,0.14394774486874537,0.039107538333588834,0.04161189712337272,0.19625612251420696,0.15464422539083425,-0.0019359102727922626,-0.057077963093564735,1759776017.755788,1759776019.6171076,moderate
be176f54-cf2a-4d98-8798-4c27e5917335,5be1e58c-349b-43cc-85c8-65af84fc7ba6,0.01014510989189148,0.0003100407458867231,0.009665310382843018,0.010692000389099121,0.0010266900062561035,-5.612118756015255e-07,0.00014472007751464844,0.006252746950631243,0.002196734088072329,-0.00018017158088147803,0.010592118829726604,0.010772290410608083,8.638445056531729e-05,0.001624091493214885,0.010053358599543571,0.00023209490757490107,0.00984877347946167,0.010780483484268188,0.0009317100048065186,-1.2411449821427614e-05,-0.0007970072329044342,-0.02482377381424504,0.0057649219882351605,-0.03920940298895029,-0.015037882134778427,0.02417152085417186,0.00040542151336372213,0.0121615963932892,-0.24910451553737686,0.08224965211094165,-0.3884845187943271,-0.04740383654897855,0.34108068224534854,0.0018892318839674096,0.10897246500750252,0.1570316915071926,0.013910105207512848,0.11596957868374583,0.17470481966710086,0.05873524098335503,0.0006073512505924066,0.035343474012965864,1759776019.6791077,1759776021.5097792,moderate
be176f54-cf2a-4d98-8798-4c27e5917335,5be1e58c-349b-43cc-85c8-65af84fc7ba6,0.012102721134821574,0.001188445031249045,0.009997427463531494,0.013785004615783691,0.0037875771522521973,0.0001060859114760419,0.001911461353302002,0.008669716477843991,0.0030596726977484543,0.0031684751868198825,0.013808576411544291,0.010640101224724408,1.72931773027802e-05,0.0008667232353417476,0.00988664391140143,0.00015685962021577836,0.009659282863140106,0.010230712592601776,0.0005714297294616699,4.154270529349203e-06,0.00011464208364486694,-0.01976619767211628,0.0067709493352589075,-0.032474691843751076,-0.010084964120155226,0.022389727723595848,-0.00010318855889449438,-0.0028321055214664895,-0.23682872418322867,0.1311198309503967,-0.37911236237761486,0.12005567530898655,0.4991680376866014,0.006476476002340246,0.27699210940467306,0.17502684513634348,0.016998655887002452,0.14537813731629956,0.19820076385201552,0.052822626535715955,-0.0004624883886692169,6.435412028787946e-05,1759776021.5684097,1759776023.41523,moderate
be176f54-cf2a-4d98-8798-4c27e5917335,5be1e58c-349b-43cc-85c8-65af84fc7ba6,0.011300277709960938,0.00047888247220377735,0.010407209396362305,0.012255728244781494,0.0018485188484191895,-1.7157916364998655e-05,-0.0005333423614501953,0.007878707615773906,0.002301097886374339,0.0012043291178425888,0.010710196609524863,0.009505867491682274,8.714756886499566e-05,2.2194311719068646e-05,0.010138506690661112,0.0001933987495157478,0.00971415638923645,0.010373245924711227,0.0006590895354747772,1.658604659546204e-05,0.00024273991584777832,-0.026015434110951512,0.004024962470535562,-0.03782493702488105,-0.019018657471304865,0.018806279553576187,-6.323345311877745e-06,-0.004663307064724488,-0.20329951203402516,0.12364816866611492,-0.39513006283185287,0.02236718061930009,0.41749724345115297,-0.010035395943597526,-0.24310825730514254,0.15355157785050164,0.0040081053162117405,0.14397700156864524,0.16255017413628958,0.018573172567644347,-0.00023925197627781017,-0.00021249603085163327,1759776023.4802287,1759776025.3391004,moderate
be176f54-cf2a-4d98-8798-4c27e5917335,5be1e58c-349b-43cc-85c8-65af84fc7ba6,0.009909315903981527,0.0010470979402355182,0.008061110973358154,0.011593103408813477,0.0035319924354553223,-0.00011075728462057994,-0.0034493207931518555,0.00769975320767065,0.0015226512541801835,0.004886698851893332,0.01076115259379034,0.005874453741897007,-9.311436111246077e-05,-0.005874453741897007,0.010850462193290392,0.0004087399960817601,0.010265454649925232,0.011523332446813583,0.0012578777968883514,4.5011081505935634e-05,0.0008940920233726501,-0.028989713333283953,0.005907019292206996,-0.04260618838371397,-0.020559415677630647,0.02204677270608332,-0.0003251849945314704,-0.018130643508278293,-0.3474113652855337,0.044669972917849785,-0.4414040114459488,-0.2361120963610767,0.20529191508487213,0.0020299414772468115,0.05235712393622596,0.1340604457924602,0.022956635445816234,0.09042417877698937,0.15371454457161354,0.06329036579462417,-0.0020704300095818126,-0.05114814506921499,1759776025.3997703,1759776027.224702,moderate
be176f54-cf2a-4d98-8798-4c27e5917335,5be1e58c-349b-43cc-85c8-65af84fc7ba6,0.009623849391937256,0.0006559996216094639,0.008156239986419678,0.010266125202178955,0.0021098852157592773,6.666994996542926e-05,0.00206071138381958,0.00672164528744562,0.0034769766435547855,0.0008040232163360025,0.014471947212652757,0.013667923996316755,0.00024499851160612467,0.010615515720088717,0.010781980181733767,0.00020187920133309115,0.010547421872615814,0.011202149093151093,0.0006547272205352783,-1.9914401618471667e-05,-0.0004106275737285614,-0.033278379567497254,0.009165775698029744,-0.048014405320985255,-0.01261457533156619,0.03539982998941907,0.0005857552649781699,0.026540400656306848,-0.3106167829382472,0.05655098108702623,-0.39082735730034696,-0.18668087743000342,0.20414647987034354,-0.0005876629071297494,-0.024974952465570355,0.12974454627289497,0.018509783442218725,0.09297444973196274,0.14782996558231767,0.05485551585035493,0.0018992791213748716,0.04861475910619835,1759776027.2867024,1759776029.0879989,moderate
be176f54-cf2a-4d98-8798-4c27e5917335,5be1e58c-349b-43cc-85c8-65af84fc7ba6,0.012336516380310058,0.0006775070287725527,0.010230064392089844,0.013142228126525879,0.002912163734436035,5.624599265840081e-05,0.002524137496948242,0.008036759854433704,0.0025423871614875713,0.0036370816409308235,0.013291001020802811,0.009653919379871988,-0.00022111528619545145,-0.008992266196210671,0.010795814668138821,9.993357732362652e-05,0.010466799139976501,0.010927651077508926,0.0004608519375324249,-2.8730773090388007e-06,-0.00036022067070007324,-0.025686585682453366,0.0053759285865644085,-0.034859459397072634,-0.015498956506568455,0.01936050289050418,-0.0004884441687310644,-0.01696386968965679,-0.3337113955729748,0.09416784050360194,-0.43134749796992167,-0.02240703861512606,0.4089404593547956,-0.005222689720785754,-0.0491066938614646,0.15894918942396882,0.007925450127276681,0.13822590959123368,0.1692818699862068,0.03105596039497313,6.245579458189782e-05,0.01521815652431835,1759776029.1460173,1759776030.9479241,moderate
be176f54-cf2a-4d98-8798-4c27e5917335,5be1e58c-349b-43cc-85c8-65af84fc7ba6,0.011695599555969239,0.0005600276396741633,0.01058882474899292,0.01274937391281128,0.0021605491638183594,-2.218563113780122e-05,-0.0007234811782836914,0.006452098346575866,0.002041700542744021,0.0034377369807408954,0.011704124572276198,0.008266387591535303,-1.6298181209673723e-05,0.0028797708834026317,0.010892801731824876,0.0003478576598663168,0.010446541011333466,0.011435400694608688,0.0009888596832752228,2.8394555488603398e-05,0.000541098415851593,-0.029408810475885904,0.005059656213777648,-0.04082568740682422,-0.016070369333138722,0.024755318073685497,-0.00011254014470256923,0.009814868643699803,-0.30785521517901393,0.07578933797428279,-0.41014142316333657,-0.11569762586050145,0.2944437973028351,0.0015687037342164644,0.05645227121109775,0.15457643314532413,0.00880504985987048,0.13203612640770115,0.16448016057541873,0.03244403416771757,-0.00046830761029747,-0.004258203820633882,1759776031.009926,1759776032.8101175,moderate
be176f54-cf2a-4d98-8798-4c27e5917335,5be1e58c-349b-43cc-85c8-65af84fc7ba6,0.011861725648244222,0.0003595629460559594,0.011297643184661865,0.013322830200195312,0.0020251870155334473,5.949193298882981e-06,0.001296699047088623,0.007344635239159302,0.002680812543178217,0.0018411273666804262,0.011882015853763476,0.010040888487083049,0.00018862607397397832,0.004938284875652805,0.011048674583435059,0.0004141618865118299,0.010536804795265198,0.011816155165433884,0.001279350370168686,3.9966266863338146e-05,0.000417906790971756,-0.029898380132236002,0.006546514006961673,-0.04297609536785236,-0.019378113117313887,0.023597982250538472,0.00038799724729235446,0.01229142044765873,-0.3026358004540084,0.04506401151738447,-0.3828579788714801,-0.21890437199677534,0.16395360687470475,0.0013217219276516964,0.09784835333508618,0.15021701494837605,0.009095622826722726,0.13724689864249748,0.16568441094516254,0.028437512302665058,-0.0008970140371169933,-0.011151740725532572,1759776032.8741174,1759776034.664526,moderate
be176f54-cf2a-4d98-8798-4c27e5917335,5be1e58c-349b-43cc-85c8-65af84fc7ba6,0.013922037680943807,0.0004911128814542585,0.012951672077178955,0.014626622200012207,0.001674950122833252,3.3676120410108724e-05,0.0009173750877380371,0.011195154108157211,0.0031300466095317237,0.003618625673067319,0.016421712445356847,0.012803086772289527,8.536849795843871e-05,0.00029543020090995985,0.011164115617672603,0.00020038381245577794,0.01082434132695198,0.011482574045658112,0.000658232718706131,1.0156273444051604e-05,0.0003073476254940033,-0.020150625513869622,0.006660995217931048,-0.037545703995823264,-0.008591359215757658,0.028954344780065606,0.0002194962305685786,5.796670013661839e-05,-0.3353368673869597,0.06124449676397404,-0.42224549465645117,-0.22826319192445899,0.19398230273199218,0.0015152654123780972,-0.09556197827786989,0.14250980196252375,0.004468059961108819,0.13257708331982418,0.1477038060197731,0.015126722699948913,-0.0002337176736063264,-0.007030528349075887,1759776034.723969,1759776036.5231297,moderate
be176f54-cf2a-4d98-8798-4c27e5917335,5be1e58c-349b-43cc-85c8-65af84fc7ba6,0.012989779313405355,0.0006033834227498393,0.012083709239959717,0.014027059078216553,0.001943349838256836,-6.310576459059329e-05,-0.0012440085411071777,0.009411034554905419,0.0022134043002679164,0.005852134572286047,0.012895645898996838,0.007043511326710791,-5.139318644339258e-05,-0.0033983566373483173,0.011746771012743315,0.00018693057431009094,0.011450350284576416,0.012010931968688965,0.0005605816841125488,1.6391349415625295e-05,0.00015524402260780334,-0.0248630097390012,0.005543288568881822,-0.03495941210303359,-0.0156851808019044,0.01927423130112919,-0.00011657811691170374,-0.007836751030815253,-0.3412960438893125,0.047856891834532705,-0.41396228534175616,-0.24574587881505822,0.16821640652669795,-0.00040520434552698614,-0.004369013088288076,0.14132892509422443,0.0030502188270203506,0.1333146070251038,0.14823998416058762,0.014925377135483808,0.00010819039016953114,0.008471487190967797,1759776036.5841289,1759776038.4017453,moderate
be176f54-cf2a-4d98-8798-4c27e5917335,5be1e58c-349b-43cc-85c8-65af84fc7ba6,0.010601550340652466,0.002123420322911813,0.007354557514190674,0.013208866119384766,0.005854308605194092,-0.0002300109295744254,-0.004665076732635498,0.007071833806146221,0.001785684873741814,0.0016476091343014217,0.011049038749442224,0.009401429615140802,1.4439554971249787e-05,0.0015032183752183214,0.01236772524813811,0.00038055265562590294,0.011628113687038422,0.012827206403017044,0.0011990927159786224,3.282563953564085e-05,0.0007745400071144104,-0.02733746542222577,0.004696482368802015,-0.04025709946042954,-0.01820521533224194,0.0220518841281876,2.9159762054247447e-05,0.004731314198252234,-0.3616637376023676,0.04764576393080614,-0.4391342827473723,-0.25391719053089246,0.18521709221647986,-0.0033802719399127676,-0.042941713952704574,0.11068615850556839,0.030160072958059655,0.028899091103727778,0.1419100236853389,0.11301093258161111,-0.0005580946456219978,-0.00819877864162899,1759776038.4627442,1759776040.3192947,moderate
be176f54-cf2a-4d98-8798-4c27e5917335,5be1e58c-349b-43cc-85c8-65af84fc7ba6,0.00824654499689738,0.0005921838264655074,0.007252216339111328,0.00964057445526123,0.0023883581161499023,-3.25145657786538e-05,-0.0009725689888000488,0.00972385871968868,0.0018752914671555851,0.0032810296477684786,0.013096202995031813,0.009815173347263334,-9.895832885857946e-05,-0.0078060324369253805,0.012263367200891178,6.570203295076113e-05,0.012160655111074448,0.012460347265005112,0.00029969215393066406,4.052272992616766e-06,7.211044430732727e-05,-0.020557394338909088,0.005287178698288582,-0.03807384641986048,-0.012479976895276686,0.025593869524583795,-0.0003320918806757632,-0.022203757489430063,-0.344301033293338,0.059685646261550894,-0.41854855610090363,-0.15983289227775774,0.2587156638231459,-0.0042896807767484925,-0.027149587771657047,0.1286237438696895,0.006641745725221,0.11827199070018463,0.13901281393336787,0.020740823233183242,-0.0006467714183948341,-0.012030716061544017,1759776040.3802955,1759776042.2022336,moderate
be176f54-cf2a-4d98-8798-4c27e5917335,5be1e58c-349b-43cc-85c8-65af84fc7ba6,0.008322211106618245,0.00032590629455634296,0.007578015327453613,0.008795440196990967,0.0012174248695373535,1.809647404179557e-05,0.0009968280792236328,0.00800776804360189,0.00214337707784907,0.002971858507281312,0.011633567541849115,0.008661709034567804,0.00018235224669688646,0.005177841991370149,0.01271076425909996,0.00018631724535192034,0.01227061077952385,0.013167187571525574,0.0008965767920017242,1.8367612189525228e-05,0.0008965767920017242,-0.02560263576724361,0.004525122561598934,-0.03542222012668529,-0.01624465746361201,0.019177562663073282,0.000272368448346617,0.01101961451214923,-0.3471581295676784,0.028204768738751627,-0.4036567062328107,-0.2949339842880723,0.10872272194473837,-0.0006602021278735259,0.023935087786681686,0.10230471398554467,0.010845507932247863,0.0837431379029423,0.125144182426572,0.04140104452362969,-0.001158632151501227,-0.04140104452362969,1759776042.2662318,1759776044.0995438,moderate
be176f54-cf2a-4d98-8798-4c27e5917335,5be1e58c-349b-43cc-85c8-65af84fc7ba6,0.008385153611501057,0.0004868836218241025,0.007270753383636475,0.009071707725524902,0.0018009543418884277,3.4040683368687104e-05,-8.624792098999023e-05,0.006079457312226232,0.002874671238208239,-0.0011852808964260314,0.009918947505537335,0.011104228401963366,-5.6433891091552346e-05,0.000787914905413644,0.012463208784659703,0.00041219241340517736,0.011916261166334152,0.01322479173541069,0.001308530569076538,-4.568931225011824e-05,-0.0012566223740577698,-0.029524059790723464,0.006537949870376797,-0.04513271469270046,-0.020819131403122172,0.024313583289578285,-0.0001404641829470261,-0.00043810586691029815,-0.2927165396359613,0.12923463683508557,-0.41506457715403805,0.036776762918529465,0.4518413400725675,0.010667376621876742,0.16984100003863756,0.10822324349011452,0.015797422301821386,0.07899017195950098,0.12701809794901464,0.048027925989513665,0.0017048001746432788,0.03659551209579477,1759776044.162543,1759776045.9806774,moderate
be176f54-cf2a-4d98-8798-4c27e5917335,5be1e58c-349b-43cc-85c8-65af84fc7ba6,0.008719879388809203,0.0003005073318068611,0.008310675621032715,0.009362876415252686,0.0010522007942199707,1.7154004602994484e-05,0.0001831650733947754,0.00845411956420151,0.0025497550120040678,0.005348367478668722,0.01471568049628082,0.009367313017612098,-0.00020269758251351122,-0.004473753553132165,0.012245094403624535,0.00030768105895849523,0.01193561777472496,0.012873459607362747,0.0009378418326377869,3.159116037828108e-05,0.0006769634783267975,-0.026792633600469202,0.005704650617779329,-0.03493366816662006,-0.01347750201910645,0.02145616614751361,-0.0004580365328386811,-0.010395095728917326,-0.06272532426390004,0.14060020719116004,-0.2792259794379578,0.15362728650973004,0.4328532659476878,0.0026293461310329526,-0.037730075146742925,0.10935969902422833,0.004186261787348495,0.1032641001134406,0.11899740818481602,0.01573330807137542,-0.0002429168703911449,-0.00813219442806376,1759776046.042678,1759776047.8531227,moderate
be176f54-cf2a-4d98-8798-4c27e5917335,5be1e58c-349b-43cc-85c8-65af84fc7ba6,0.00948253870010376,0.0028909481964898465,0.007059276103973389,0.015585541725158691,0.008526265621185303,0.0002524290519773761,0.007428586483001709,0.007120703951707903,0.0024261282935124067,0.0027044153671278706,0.012667101742205342,0.009962686375077471,5.9808466731117405e-05,0.0015553531165553736,0.013231855134169261,0.00024526640475635626,0.012656599283218384,0.013640984892845154,0.00098438560962677,1.0263112615027338e-05,0.00034874677658081055,-0.026293122075395907,0.0061556577990207395,-0.038055342643051576,-0.01334834973261663,0.024706992910434947,0.0003179566363826352,0.007173094709518669,-0.21388634351769428,0.1349029645918284,-0.43133217358602977,0.10700423955164075,0.5383364131376706,-0.004463499184385172,-0.18098995793047362,0.09222472423060875,0.016854233109926883,0.07202909508677538,0.1144448320515781,0.04241573696480272,-0.0009211288830394321,-0.00038676189123518223,1759776047.9117887,1759776049.6969385,moderate
be176f54-cf2a-4d98-8798-4c27e5917335,5be1e58c-349b-43cc-85c8-65af84fc7ba6,0.012419366836547851,0.0008176443866680025,0.011382222175598145,0.01548469066619873,0.004102468490600586,-4.303869071340932e-05,-0.0024453401565551758,0.012061298068595211,0.002530964501363895,0.008254609878021561,0.01636213469508214,0.00810752481706058,-9.533383349310036e-05,-0.0031980689715011296,0.014032053574919701,0.0002149043294465036,0.013371221721172333,0.014321744441986084,0.0009505227208137512,-5.34965775832451e-07,0.0002922862768173218,-0.012285746928220171,0.005391764216847492,-0.022769067704543657,-0.0016643736208522932,0.021104694083691363,-8.924037090527709e-05,-0.008114093657908023,-0.29165776956720674,0.11704046896742412,-0.44087401138090687,-0.07379899602270067,0.3670750153582062,-0.0011232823660298412,0.35848713361457984,0.09137729940472525,0.008068967214015814,0.07891211869479535,0.10775072920262112,0.028838610507825768,0.0004878478768304198,-0.006888758133590189,1759776049.762939,1759776051.5386522,moderate
be176f54-cf2a-4d98-8798-4c27e5917335,5be1e58c-349b-43cc-85c8-65af84fc7ba6,0.01143462061882019,0.00135848184231547,0.009571075439453125,0.013689279556274414,0.004118204116821289,-0.00010357018440000473,-0.0026425719261169434,0.010768527122555266,0.002252291295189183,0.006197981897085906,0.014979654722766488,0.00878167282568058,-0.00011895866516388882,0.002933050703037784,0.014085689807931583,0.00027283697835319933,0.013635527342557907,0.014520075172185898,0.0008845478296279907,2.580695558708157e-05,0.0006117559969425201,-0.014876268039255926,0.006369116064029742,-0.024957748903746798,-0.005757657053247579,0.01920009185049922,-0.00040186836397850965,0.007173745445881983,-0.1810554421124245,0.13312139206202428,-0.3909976815791664,0.019811783700914784,0.4108094652800812,-0.009400862668295023,-0.22696126804942315,0.07267090531249148,0.03450580299859962,-0.02126112264364182,0.09433512521587172,0.11559624785951353,0.0015197406344474203,0.012860310760700863,1759776051.5972636,1759776053.3717268,moderate
be176f54-cf2a-4d98-8798-4c27e5917335,5be1e58c-349b-43cc-85c8-65af84fc7ba6,0.010446943839391072,0.00044409278823950317,0.009687304496765137,0.011166036128997803,0.001478731632232666,-1.4347428076789695e-05,-0.0006250143051147461,0.008991418367314881,0.0031370666872959506,0.003669480621012376,0.016782445788032015,0.013112965167019638,-0.00024990728836922943,-0.006614511110204741,0.014307450254758198,0.0001451314543353849,0.013986717909574509,0.014662522822618484,0.0006758049130439758,-6.7469391462137226e-06,0.0001758486032485962,-0.019679000277050916,0.006859223872878339,-0.030251114657370636,-0.0024775092483447685,0.02777360540902587,-0.0005357383659848514,-0.008860369460724262,-0.2763811037568807,0.07857285280882535,-0.41638974502985737,-0.10543612244196444,0.31095362258789294,-0.0006646935571794576,0.03167225740491131,0.10169331798433427,0.008923315141017598,0.08297821590882724,0.11134850682841929,0.028370290919592048,0.0008170486968850723,0.014190083523481486,1759776053.4307258,1759776055.18891,moderate
be176f54-cf2a-4d98-8798-4c27e5917335,5be1e58c-349b-43cc-85c8-65af84fc7ba6,0.009798206885655721,0.0003600638865175644,0.009097397327423096,0.010613799095153809,0.0015164017677307129,2.0151475115002727e-05,0.0006189346313476562,0.009064021944543374,0.0028305896683275683,0.004869354283554455,0.015535927024229072,0.010666572740674616,0.00018060928213279201,0.010419000076870568,0.014533105244239172,7.071606628154462e-05,0.01442788913846016,0.014699604362249374,0.0002717152237892151,2.5629698898688836e-06,2.7723610401153564e-05,-0.020492351865660625,0.005765656260282602,-0.03171110471521398,-0.0070265961144619395,0.024684508600752043,0.00026609176219386383,0.019086194848969614,-0.2215812895803683,0.09632773172507918,-0.3943687040319754,-0.009426785607506729,0.3849419184244687,0.0021385045819285902,0.20140248615401937,0.09774100862490383,0.006601640668380273,0.08937635352141067,0.10976291050825658,0.02038655698684591,-0.0004868516527367991,-0.009983171848225572,1759776055.2499094,1759776057.0147502,moderate
be176f54-cf2a-4d98-8798-4c27e5917335,5be1e58c-349b-43cc-85c8-65af84fc7ba6,0.010120018323262533,0.0002865466121215306,0.00945812463760376,0.010529279708862305,0.001071155071258545,1.1679142282589922e-05,0.0006747245788574219,0.009820832257402632,0.0030190808516020865,0.0033201643825447407,0.015178729952768626,0.011858565570223885,-6.804655696013774e-06,-0.0026386645441055043,0.01459888977309068,0.00011155114235007139,0.014412056654691696,0.014831732958555222,0.0004196763038635254,2.992257591879805e-07,0.00021591782569885254,-0.017126671197543242,0.007173317450268605,-0.03085133516669341,-0.006706608606478945,0.024144726560214463,0.0001360044246945641,-0.0039038727589586087,-0.18825050118210304,0.10792327359557063,-0.36169994074680517,0.028107617545601427,0.3898075582924066,-0.003780699285328799,-0.03392041686873537,0.0914363119206394,0.0039125349444040745,0.0815624252624935,0.09955768508656236,0.017995259824068868,2.128309169388721e-05,-0.011599033720008839,1759776057.07375,1759776058.8366833,moderate
be176f54-cf2a-4d98-8798-4c27e5917335,5be1e58c-349b-43cc-85c8-65af84fc7ba6,0.010041236877441406,0.000317340863794847,0.009517073631286621,0.01077723503112793,0.0012601613998413086,3.2820346225488173e-06,0.0002676844596862793,0.010619867893817242,0.0023880290161469105,0.0052136187060010586,0.015623188726299033,0.010409570020297975,9.351563676783848e-05,0.0007993656883946518,0.014658961320916812,9.91824563027362e-05,0.014437153935432434,0.014821380376815796,0.0003842264413833618,-6.312767543039545e-06,-4.4908374547958374e-05,-0.01627234569833338,0.0052200081198315465,-0.026480033576248785,-0.005036423247135878,0.021443610329112905,7.414958572636983e-05,-0.004127757484215235,-0.22992797500336115,0.12612280504298523,-0.4131927710757731,-0.00652018899720832,0.4066725820785648,-0.008142560911553872,-0.10200190591470312,0.09090213024428268,0.003223836307091915,0.08451506876164318,0.09634380208921427,0.01182873332757109,5.955692138517173e-05,-0.0030443959082730315,1759776058.8944402,1759776060.6728282,moderate
be176f54-cf2a-4d98-8798-4c27e5917335,5be1e58c-349b-43cc-85c8-65af84fc7ba6,0.010228770971298217,0.0004252982177495425,0.009400665760040283,0.010920107364654541,0.0015194416046142578,1.7645136267775555e-05,-0.00038361549377441406,0.011964943097687392,0.0025254363882649096,0.00585358275954541,0.017814228692167616,0.011960645932622208,0.0001279344816206629,0.0010045367763955038,0.014700728903214137,0.0001181612865838507,0.014400593936443329,0.014861036092042923,0.0004604421555995941,-6.05711317698868e-06,-0.0002492852509021759,-0.011351285615928203,0.005601286191163312,-0.0242457012428776,-0.001079631278801027,0.023166069964076573,0.0002578673327676735,0.004066468692065643,-0.22868755946574149,0.11054229344678704,-0.42535446685621353,-0.009359927227912956,0.4159945396283006,0.0024424971528688466,-0.10056477795862961,0.08704558746187474,0.006811113907225378,0.07720769026142776,0.10100628996254786,0.023798599701120096,0.0006847526745902114,0.016950301831275286,1759776060.7328277,1759776062.4958422,moderate
be176f54-cf2a-4d98-8798-4c27e5917335,5be1e58c-349b-43cc-85c8-65af84fc7ba6,0.009563752015431722,0.00040002689362037843,0.00890415906906128,0.010444343090057373,0.0015401840209960938,-2.8560556744839644e-05,-0.0006672143936157227,0.009996546767497736,0.0028790842800939256,0.005351802713563024,0.016067411748415125,0.010715609034852101,-3.832526789088704e-05,-0.0025614054377571874,0.014439942315220833,8.464473048306755e-05,0.014164697378873825,0.01454072818160057,0.0003760308027267456,-3.772127847119884e-06,-0.0002777278423309326,-0.018238423620772874,0.007041317948907977,-0.029238261739342387,-0.004918561791677848,0.024319699947664537,1.3670169112589923e-05,-0.0047651734354165805,-0.16063466031602364,0.13081814271207576,-0.40111334849241426,0.12647067615828733,0.5275840246507015,-0.005561262194481957,0.104323337966443,0.09717853662240072,0.004321194404561731,0.08984467310964439,0.1040529159640982,0.01420824285445381,-0.00018110809699241895,0.0009474710581000301,1759776062.5573716,1759776064.3360796,moderate
be176f54-cf2a-4d98-8798-4c27e5917335,5be1e58c-349b-43cc-85c8-65af84fc7ba6,0.009611713886260986,0.0004370187032384515,0.008807241916656494,0.01041334867477417,0.0016061067581176758,3.9962719757114025e-05,0.0007080435752868652,0.010859326218465729,0.0021922804882189926,0.007190192242390091,0.014495556032857715,0.007305363790467623,-0.0001887053820534483,-0.004174652365913588,0.013802798837423325,0.00018721228063096567,0.013542752712965012,0.014168918132781982,0.0006261654198169708,-1.580274277454754e-05,-0.00040126219391822815,-0.01892851665021716,0.005822290840230861,-0.02904536720762879,-0.009386950264085129,0.019658416943543665,-0.0005423755781917667,-0.012126710687974858,-0.21435926244506842,0.09628990107948236,-0.38696473288732747,-0.05121517853611763,0.33574955435120984,0.0014194406832424102,0.0015629095782801472,0.10609849557143422,0.0049608993194160894,0.09428510740950934,0.11254288107079222,0.01825777366128288,0.0004338283057573146,0.011975919483873124,1759776064.39908,1759776066.1651351,moderate
be176f54-cf2a-4d98-8798-4c27e5917335,5be1e58c-349b-43cc-85c8-65af84fc7ba6,0.009956908226013184,0.00028986593871590383,0.009535253047943115,0.01051640510559082,0.000981152057647705,1.2988694119904276e-05,0.0009270906448364258,0.006146590334016838,0.0018423262832143682,0.0019120885423891908,0.010110209260093612,0.008198120717704422,9.08445316602937e-05,0.004094227454858756,0.013728617504239083,0.00012098656085846125,0.013528037816286087,0.013980407267808914,0.00045236945152282715,1.0051251750634165e-05,0.00017041340470314026,-0.029670485805222406,0.004383070991491734,-0.037996397305460644,-0.021075839123405115,0.01692055818205553,0.00029049617323860023,0.008752491355244071,-0.1970804573291754,0.10589759549446331,-0.3709179341904139,-0.009036155223521367,0.36188177896689255,-0.005151858825693916,0.14692150619794442,0.09172404705087053,0.007928275373458298,0.07112909315700651,0.10905533376984361,0.0379262406128371,-0.000808098059996122,-0.0379262406128371,1759776066.2261355,1759776068.0774622,moderate
be176f54-cf2a-4d98-8798-4c27e5917335,5be1e58c-349b-43cc-85c8-65af84fc7ba6,0.00976246992746989,0.0002890162330220506,0.00907987356185913,0.010393738746643066,0.0013138651847839355,9.118648736972831e-06,-0.0005205273628234863,0.009150061107136247,0.002963026098061032,0.004350364384327087,0.015039501903228981,0.010689137518901895,-3.643250583667992e-05,-0.001289560236302137,0.01365855870147546,0.00010227019587447243,0.013564113527536392,0.013974931091070175,0.00041081756353378296,-6.454663394688234e-06,-0.00025749579071998596,-0.024409242042797413,0.0061824932408470566,-0.03556381143768753,-0.011986541288933523,0.02357727014875401,-9.295045861094071e-05,-0.0018493087161482631,-0.19028810109007274,0.08958549467506191,-0.38900558237584415,-0.03856654716901642,0.35043903520682773,-0.00020479539020648328,-0.15981893025292895,0.11492296405023196,0.01328836065428202,0.07250537929385661,0.12750298394445117,0.054997604650594556,0.0009494137517828912,0.05026120511435604,1759776068.1404612,1759776070.0230417,moderate
be176f54-cf2a-4d98-8798-4c27e5917335,5be1e58c-349b-43cc-85c8-65af84fc7ba6,0.009346022208531698,0.00020542615318978758,0.008983016014099121,0.009762048721313477,0.0007790327072143555,8.45925826517175e-06,0.00021463632583618164,0.009915186709166123,0.0015523062149984431,0.007179415034878556,0.013213371447946284,0.006033956413067728,-2.1116568490423694e-05,0.003059144030922745,0.013177230581641197,0.00047841676846890516,0.01253340020775795,0.013817314058542252,0.0012839138507843018,-4.836331568119656e-05,-0.0010629333555698395,-0.023546975639371744,0.004003982677904376,-0.02896386543971705,-0.0135514580257185,0.015412407413998548,-0.00014966516826124567,0.002943510763421777,-0.23232887850976428,0.09945451218708473,-0.4090746092728611,-0.051498768427467104,0.357575840845394,0.0008815747791973261,0.054661580779886504,0.1259505841556449,0.01515365168923689,0.10572484875256793,0.1475626729737952,0.041837824221227254,0.0014212986542457944,0.024261503348537508,1759776070.083041,1759776071.9618187,moderate
be176f54-cf2a-4d98-8798-4c27e5917335,5be1e58c-349b-43cc-85c8-65af84fc7ba6,0.009074040253957113,0.0008026527109023591,0.007803440093994141,0.010288536548614502,0.0024850964546203613,-8.71389673336992e-05,-0.0016638636589050293,0.006671852343490763,0.0031590199203999545,0.0013761582201046285,0.013149078669385283,0.011772920449280655,-6.786066062005958e-05,-0.0034552400857451393,0.012131301065286001,0.00037793481397687393,0.01163223385810852,0.012702606618404388,0.001070372760295868,-4.0506769605685395e-05,-0.0009095408022403717,-0.02942690251932106,0.006771104135123422,-0.04228615346076023,-0.01684580482717833,0.025440348633581897,2.764985337755243e-05,-0.0004585885572702224,-0.13320963357003868,0.14372874751695594,-0.30656112708297756,0.18825552055681138,0.49481664763978894,-0.009897662225952652,-0.24853126573274503,0.16027379049424445,0.01942763291491917,0.13214030362222662,0.19437647246619408,0.06223616884396746,0.0008404722953982137,0.029413974573370055,1759776072.0238185,1759776073.8435578,moderate
be176f54-cf2a-4d98-8798-4c27e5917335,5be1e58c-349b-43cc-85c8-65af84fc7ba6,0.008756697177886963,0.0004684019979559327,0.00806879997253418,0.009558618068695068,0.0014898180961608887,5.243614862970303e-05,0.0014594197273254395,0.011508606943378649,0.0034322681123292154,0.003791768247494827,0.016642038981420793,0.012850270733925966,-0.0002228317198280954,-0.003992046056140013,0.011927448213100433,0.00030168728892717973,0.011592749506235123,0.012546733021736145,0.0009539835155010223,3.0745255933852824e-05,0.0009074583649635315,-0.020121915649681042,0.007374461278977462,-0.03700924989484328,-0.009531743049063644,0.027477506845779633,-0.0005605784261802062,-0.012213077558623855,-0.07461058103886635,0.14021989540430396,-0.31495770888627056,0.172637232410847,0.48759494129711756,-0.0014693586465885165,-0.10243163485282641,0.14854596357772543,0.015676717650245975,0.10731076365748456,0.1676335124695257,0.06032274881204115,-0.0010762756182933122,-0.023283448154063024,1759776073.905556,1759776075.6814713,moderate
be176f54-cf2a-4d98-8798-4c27e5917335,5be1e58c-349b-43cc-85c8-65af84fc7ba6,0.009483530124028524,0.0003720154976031595,0.008720755577087402,0.01024705171585083,0.0015262961387634277,-5.665941949150585e-06,0.00037175416946411133,0.006850959428700436,0.002909945189085507,8.188295551619556e-05,0.010995859966127492,0.010913977010611297,0.0001594704983891205,-0.0036475122035056224,0.011921427647272746,0.0005758600470532672,0.011115923523902893,0.012763697654008865,0.0016477741301059723,-2.551463342482044e-05,-0.00021758675575256348,-0.029078412041947513,0.006370484465906521,-0.0442163360773872,-0.017990133206856714,0.02622620287053049,0.0004420178551474929,-0.00585429804968101,-0.27346274924448083,0.08540170097932064,-0.38523537616512227,-0.0685864578135213,0.31664891835160097,-0.006227099364179455,0.012564505103426715,0.1563404687861465,0.018628683604093917,0.11737135160090796,0.1865571282664606,0.06918577666555263,-0.0007400163208991829,-0.02604525938562631,1759776075.7404714,1759776077.6028526,moderate
be176f54-cf2a-4d98-8798-4c27e5917335,5be1e58c-349b-43cc-85c8-65af84fc7ba6,0.011278462409973145,0.001137138309208304,0.00954359769821167,0.013408243656158447,0.0038646459579467773,7.254756464974102e-05,0.0006216168403625488,0.00993740347340084,0.0025560331512072495,0.005670336553075837,0.0140071801387178,0.008336843585641964,0.0001811158423543211,0.0035764499914764363,0.01270109290877978,0.0001926046414999459,0.012364894151687622,0.012950494885444641,0.000585600733757019,-1.2940937472927955e-06,0.00021078810095787048,-0.02454040276129723,0.006036323674357235,-0.038498825130203,-0.016189390781539317,0.022309434348663684,0.0002745025286366786,0.008707097989176907,-0.252412952460979,0.06987159005020804,-0.36342055336240753,-0.09590056731563365,0.26751998604677385,0.0014337678665075218,-0.12347285414677486,0.12002180684149123,0.00739554507043618,0.1049710772248394,0.13312823494407203,0.028157157719232634,0.0003481675631552188,0.001792039240690213,1759776077.6668515,1759776079.555252,moderate
be176f54-cf2a-4d98-8798-4c27e5917335,5be1e58c-349b-43cc-85c8-65af84fc7ba6,0.010400114456812541,0.0005896126962520552,0.009339094161987305,0.011427640914916992,0.0020885467529296875,-4.7574730152813294e-05,-0.0007592439651489258,0.005622621589444298,0.0019357271657713105,0.0028458662157167707,0.009362742561621697,0.006516876345904927,-7.767310426339727e-05,0.0005232334246850351,0.01280716781814893,0.00010604117734322914,0.01258397102355957,0.012999489903450012,0.0004155188798904419,6.576351514780217e-07,0.00020691007375717163,-0.030102357983021008,0.004989278178078907,-0.03954409123726119,-0.02003188973362829,0.019512201503632903,-0.00019929675248466815,-0.0005399919807253656,-0.32627711897935807,0.06520451161960449,-0.43756904162656435,-0.20285479287784894,0.2347142487487154,0.0020065315774391293,0.0779421381514378,0.1254972061923691,0.004823395842722175,0.11778614895048639,0.13485241563218145,0.017066266681695058,0.00022194045639027847,0.0022820225921891674,1759776079.6152523,1759776081.4967327,moderate
be176f54-cf2a-4d98-8798-4c27e5917335,5be1e58c-349b-43cc-85c8-65af84fc7ba6,0.010102971394856771,0.00072797077038506,0.008742034435272217,0.011514246463775635,0.002772212028503418,4.139100351641255e-05,0.0015411972999572754,0.007429520342447815,0.00163874702730592,0.0031226720548958578,0.010576256127420563,0.007453584072524705,-1.533813012201343e-05,-0.003936206649720872,0.012804103394349417,0.00019194745735853392,0.01245354488492012,0.013148646801710129,0.0006951019167900085,1.1028573165613499e-05,0.0003054216504096985,-0.026682387304011696,0.004031214330758043,-0.03657392909685023,-0.017787339182597672,0.018786589914252555,0.00021124493922542516,-0.0016702692525245033,-0.2600488109659368,0.08484398846996241,-0.37490809299315386,-0.0361051173337899,0.33880297565936396,-0.0023882412396275194,-0.027942537492963326,0.12648544547947665,0.004794491844961257,0.11347028128939653,0.13721153573481454,0.02374125444541801,-5.3457600324790455e-05,-0.0054863480469202475,1759776081.5597343,1759776083.3625386,moderate
be176f54-cf2a-4d98-8798-4c27e5917335,5be1e58c-349b-43cc-85c8-65af84fc7ba6,0.010457505782445272,0.0005425299723128008,0.009412288665771484,0.01159745454788208,0.0021851658821105957,-4.935167787868003e-05,-0.0009184479713439941,0.004198512407863774,0.0032327705735848956,-0.006653097127403426,0.008603926116489198,0.015257023243892623,0.0002652938424985754,0.004223351872356338,0.013044671093424162,0.00019282156751338598,0.012738790363073349,0.013367276638746262,0.0006284862756729126,-1.9644579546602735e-05,-0.00032795220613479614,-0.028874016493009733,0.00830525067238006,-0.055270998808032226,-0.016317263273533066,0.038953735534499156,0.0006545252091637685,0.005010185508519314,-0.28577716210184634,0.1016393231654182,-0.3769965976982307,-0.04999477222631663,0.32700182547191403,-0.0026420306030713204,-0.25111847390168357,0.12869390685199017,0.007223146000270042,0.1189133018097863,0.1412072257182344,0.0222939239084481,0.0005488903458110876,0.005633852787976165,1759776083.421539,1759776085.2187152,moderate
be176f54-cf2a-4d98-8798-4c27e5917335,5be1e58c-349b-43cc-85c8-65af84fc7ba6,0.009399823347727458,0.0005670105782404639,0.008522987365722656,0.010698080062866211,0.0021750926971435547,3.727259439674182e-06,-0.00030684471130371094,0.006773845141078054,0.0022651388595868157,0.0034227499265451666,0.010959082745494378,0.007536332818949212,-0.0002031402542141484,-0.002096739400142651,0.012971542154749235,0.00018644698320347198,0.012670256197452545,0.013308588415384293,0.0006383322179317474,5.661807249862705e-06,-8.149072527885437e-05,-0.026854988040474485,0.0036231980980106315,-0.03260235267742538,-0.017900596222648592,0.014701756454776789,-0.0002188791469392373,0.0011277351547159392,-0.3429598159206122,0.0336867567470925,-0.3987548041371524,-0.26814492073419227,0.13060988340296015,4.0111532222062994e-05,-0.04983031061114307,0.13776618117186348,0.008829897650484045,0.11715535113776343,0.15234048852804075,0.035185137390277316,0.0004117591354192645,0.0180889237417156,1759776085.2787137,1759776087.0816677,moderate
be176f54-cf2a-4d98-8798-4c27e5917335,5be1e58c-349b-43cc-85c8-65af84fc7ba6,0.00992973248163859,0.0004578747563667674,0.00903230905532837,0.010756492614746094,0.0017241835594177246,-2.4083697623485187e-05,-0.0008703470230102539,0.0036912337407989403,0.0021680517417834682,-0.0010757912038635285,0.008211804156936684,0.009287595360800212,-0.00014311597360291262,-0.0029029418795524327,0.011942558114727338,0.0006785482245718766,0.011143852025270462,0.012937020510435104,0.0017931684851646423,-7.415698536643728e-05,-0.001740816980600357,-0.036888800544119665,0.007970156140327679,-0.04951876532574404,-0.020463753555811322,0.02905501176993272,-0.0007726218878172914,-0.01746835171481953,-0.28056493361403095,0.08004346309004384,-0.3906395974242323,-0.07827032074868094,0.31236927667555137,0.007194440107056089,0.11938870030867377,0.15532358872966331,0.008333283323359777,0.14082205675076873,0.1714527064992847,0.03063064974851598,0.000640664088418504,0.011611139940657073,1759776087.1426673,1759776088.9648712,moderate
be176f54-cf2a-4d98-8798-4c27e5917335,5be1e58c-349b-43cc-85c8-65af84fc7ba6,0.01105316678682963,0.001032113674901334,0.009362339973449707,0.012183547019958496,0.002821207046508789,0.00010810241815908597,0.002236485481262207,0.006190218939800254,0.002799232265800003,0.0011568757260183601,0.012110492653008023,0.010953616926989663,0.00013758648093582204,0.0003901012331441016,0.012506728495160739,0.0010758427726525552,0.010981377214193344,0.013603538274765015,0.0026221610605716705,0.00011385029743325058,0.002454053610563278,-0.028390344323372278,0.0105977482057736,-0.046089244689246946,-0.010392231519378771,0.035697013169868175,0.0008955751830740035,0.011504349743380334,-0.3101775377002284,0.06640474164832219,-0.40550007834426843,-0.1446215832656755,0.26087849507859295,-0.0031756656260629097,-0.13388129900471862,0.13607211736248948,0.017828781436307214,0.11409470740704147,0.16682558153363408,0.05273087412659261,-0.0017312113114314842,-0.03432687006326941,1759776089.0245035,1759776090.8430388,moderate
be176f54-cf2a-4d98-8798-4c27e5917335,5be1e58c-349b-43cc-85c8-65af84fc7ba6,0.011161814133326212,0.00047328504357440737,0.010326147079467773,0.01204836368560791,0.0017222166061401367,-7.947467192924593e-06,-0.000734865665435791,0.0051026179591353756,0.0014588537767675903,0.0025725292902054587,0.008249726455867898,0.005677197165662439,-1.4464355135921083e-05,-0.0011341326967217137,0.0132021714001894,0.00020308825483665577,0.012891765683889389,0.013538487255573273,0.0006467215716838837,9.325367126104166e-07,1.9431114196777344e-05,-0.03134740907822826,0.005911779180213595,-0.04145947425151182,-0.021123695598981678,0.020335778652530143,-0.000547701063528896,-0.01210133491487405,-0.30058001522682914,0.0623394328314287,-0.40608321883452536,-0.17526940231891652,0.23081381651560884,0.0002424909314378142,-0.01991428186040517,0.1103195842682387,0.02655193195203693,0.04520648890163188,0.14394355016948568,0.0987370612678538,-0.0025705062253098326,-0.08562602430583326,1759776090.90504,1759776092.8348773,moderate
be176f54-cf2a-4d98-8798-4c27e5917335,5be1e58c-349b-43cc-85c8-65af84fc7ba6,0.011009043455123902,0.00064236359564958,0.009866178035736084,0.012083232402801514,0.0022170543670654297,-6.855079143808469e-05,-0.0014514923095703125,0.002506136078805489,0.0022832104086462617,-0.0022350145868230355,0.007789337622484503,0.010024352209307539,0.00010766654329680382,0.0019365631535024582,0.01339232139289379,0.0001375132060714329,0.013067707419395447,0.01357930526137352,0.0005115978419780731,1.33611783965411e-06,-0.00018046051263809204,-0.03800832773581941,0.00555098336351057,-0.04865443757029172,-0.026791697411180062,0.021862740159111656,0.0003308201732960754,0.008970958190926276,-0.2749359108231057,0.10941972430128698,-0.41873701149358333,-0.01699557280285847,0.4017414386907249,-0.0049798718830096735,0.002821467355832663,0.10326031957436098,0.021543261351483153,0.046067623491424896,0.12580588296042328,0.07973825946899837,0.0022496496325436024,0.07973825946899837,1759776092.896907,1759776094.708516,moderate
be176f54-cf2a-4d98-8798-4c27e5917335,5be1e58c-349b-43cc-85c8-65af84fc7ba6,0.010935358206431071,0.0006772784068877855,0.009610593318939209,0.012376248836517334,0.002765655517578125,1.4225553484992006e-07,3.8623809814453125e-05,0.0042464923111799726,0.002800595273687563,-0.0024359084705927467,0.009023833064157388,0.011459741534750136,0.00014560865988226478,0.0018892444767721244,0.013682594274481137,0.00021427365649048463,0.013304583728313446,0.013979904353618622,0.0006753206253051758,1.557654430789332e-05,2.8196722269058228e-05,-0.032667654152340964,0.005708900682744663,-0.045015908166003656,-0.022785617113715368,0.022230291052288288,0.00015074978162350495,0.0038048062637198697,-0.33996507280743005,0.0498964282135701,-0.4086083451619826,-0.21788337998723345,0.19072496517474913,0.0006474158061522785,0.014814634375394597,0.0917846312515706,0.019344568721396276,0.07160474019457994,0.12846001254516823,0.05685527235058829,-0.0017529757177112977,-0.037467478567220394,1759776094.7705142,1759776096.6096072,moderate
be176f54-cf2a-4d98-8798-4c27e5917335,5be1e58c-349b-43cc-85c8-65af84fc7ba6,0.010302960872650146,0.0038521099753774735,0.006236672401428223,0.01733189821243286,0.011095225811004639,-3.7662683259923676e-05,-0.0014657974243164062,0.0001915646170874978,0.0034435265915053,-0.0040358186044536235,0.006882940791990917,0.01091875939644454,-0.00032491917762096303,-0.008098061081714512,0.010706305007139842,0.0012224651096223818,0.007821280509233475,0.012954805046319962,0.005133524537086487,-0.00012713382818277212,-0.005133524537086487,-0.028942306911663985,0.005131189741621158,-0.03657756768993371,-0.020565297961170306,0.016012269728763406,-0.00037078378670393227,-0.006886568402354961,-0.3610014761013336,0.04572282542541813,-0.4559433297818978,-0.26207196605264943,0.19387136372924835,6.864469670054575e-05,0.06389227110036366,0.028202006423209927,0.02201527908269893,-0.003914182793760434,0.09134775597854687,0.0952619387723073,-0.0011853116224114055,-0.05747683120544813,1759776096.6726053,1759776098.4795682,moderate
be176f54-cf2a-4d98-8798-4c27e5917335,5be1e58c-349b-43cc-85c8-65af84fc7ba6,0.0072380940119425455,0.0015876156400158646,0.004078090190887451,0.009263992309570312,0.005185902118682861,0.00013371251183701832,0.0009930133819580078,-0.0007983140344665349,0.0022596451943132072,-0.004906010753463146,0.0025009282178006962,0.007406938971263842,-1.1157811368022268e-05,-0.002869364142399305,0.009627785409490268,0.0016295893687529727,0.007651466876268387,0.012242838740348816,0.004591371864080429,0.000176248067909141,0.004502885043621063,-0.031089368061554774,0.007950214302982891,-0.04516952170362254,-0.018502576443950314,0.026666945259672226,0.0005180698336532316,0.011667401600847952,-0.3132699647721703,0.07859813628274581,-0.44106701804983256,-0.14680724160498226,0.2942597764448503,-0.005416779417115668,-0.11023765403400745,0.06380194116306566,0.041937577824575856,0.00025736597381251155,0.12790535648862747,0.12764799051481496,0.004390676960459327,0.07594295929578193,1759776098.5415685,1759776100.2783034,moderate
be176f54-cf2a-4d98-8798-4c27e5917335,5be1e58c-349b-43cc-85c8-65af84fc7ba6,0.011867294708887735,0.008640733929596493,0.00042951107025146484,0.02752023935317993,0.027090728282928467,0.00013320996313126917,0.0015965700149536133,-0.03355602806217592,0.05140228549054614,-0.12492779671416102,0.03987823723666631,0.16480603395082732,-0.00367539556061283,-0.11909114041330333,0.008316010981798173,0.005489153098744761,-0.0006778761744499207,0.016265127807855606,0.016943003982305527,-0.0003577578319723535,-0.01179579272866249,-0.07732886109797031,0.09468622010136696,-0.3104165342663871,0.00511388153524315,0.31553041580163027,-0.008131219129224222,-0.2853850095896955,0.9901318601788519,1.2290593080640113,-0.38260669679333786,3.2830218832673195,3.665628580060657,0.05337509578739223,0.8204849689025864,0.26621929907673575,0.16361731914676214,0.020874578322482372,0.5590180684838101,0.5381434901613277,0.006893783763785856,0.13173352139883476,1759776100.338303,1759776102.1408138,bad
be176f54-cf2a-4d98-8798-4c27e5917335,5be1e58c-349b-43cc-85c8-65af84fc7ba6,0.009328585863113404,0.006686000400597983,0.0005769729614257812,0.03581148386001587,0.03523451089859009,-0.00021419035844728605,-0.0017798542976379395,-0.1386510740199331,0.03244168341411791,-0.20012010409195446,-0.067893703163592,0.13222640092836246,0.0013729627630193573,0.021978498138649355,0.005338651314377785,0.004545663693532984,-0.003205716609954834,0.012122772634029388,0.015328489243984222,0.00026784852080801304,0.008697468787431717,-0.3191140975582721,0.08101487985496443,-0.6519713679868195,-0.2594368094290514,0.39253455855776814,0.00010803242741511004,-0.020311201996658923,0.6220374275340498,0.43193984679282915,-0.42532384110789045,1.2688110014645466,1.6941348425724372,0.0010953351455928284,0.08314030728434751,0.033234116328018856,0.2863774446809454,-1.0,0.24179940600805072,1.2417994060080506,-0.0005420892169124148,-0.10687021145017928,1759776102.2028296,1759776103.996098,bad
be176f54-cf2a-4d98-8798-4c27e5917335,5be1e58c-349b-43cc-85c8-65af84fc7ba6,0.024306398630142213,0.018268463905618783,0.0015498995780944824,0.05589038133621216,0.054340481758117676,-0.00020176137779923253,0.015600740909576416,-0.03317912441773031,0.03505246429726609,-0.09929680191353196,0.0037128588812463054,0.10300966079477827,0.0025462000222324,0.07193267360838267,0.0013796548048655192,0.00640920337840796,-0.00992552563548088,0.014250557869672775,0.024176083505153656,0.00026054684988516193,0.00651734322309494,-0.20224699308404753,0.04424735671693228,-0.273860207615619,-0.13916439027273814,0.13469581734288089,0.004646526391179146,0.1066903600387056,1.5980739021264556,0.422030748007809,0.7015497200087542,2.2835577260645232,1.582008006055769,0.037354625088647314,1.0978186542203185,0.1943341006939253,0.04401555145588693,0.11716204141759534,0.3089816031563232,0.19181956173872788,0.0031458484612424944,0.08248860164942129,1759776104.0577285,1759776105.85726,bad
be176f54-cf2a-4d98-8798-4c27e5917335,5be1e58c-349b-43cc-85c8-65af84fc7ba6,0.018042733271916706,0.010985070960414817,0.0021854043006896973,0.0437847375869751,0.0415993332862854,0.0003118617516073157,-0.009756028652191162,-0.001033052840325598,0.03012924090081207,-0.03422001518483894,0.07652528941030498,0.11074530459514392,0.0027914817951755527,0.0911308206029233,0.007446020593245824,0.004146295545028724,-0.0001815296709537506,0.012860704213380814,0.013042233884334564,-0.00025831477859526773,-0.010553531348705292,-0.11022952492439735,0.035896862269352896,-0.1792285079142875,-0.06113660689163342,0.11809190102265407,0.0030554417281502266,0.08512894520799996,1.52243750218052,0.4909896958107878,0.8774629923663471,2.8904833142344697,2.0130203218681224,0.02261024671002291,1.052358668806728,0.2612857380558001,0.046089448455551144,0.16721967087420897,0.3669872850532461,0.19976761417903716,0.0003697297620261606,0.050109558771499446,1759776105.9202595,1759776107.726026,bad
be176f54-cf2a-4d98-8798-4c27e5917335,5be1e58c-349b-43cc-85c8-65af84fc7ba6,0.03670251170794169,0.016689064120320313,0.014236032962799072,0.08141392469406128,0.06717789173126221,-0.0012936112215044234,-0.005107223987579346,0.056421663893160806,0.028271453828731537,0.008520167006860485,0.09030674455200106,0.08178657754514058,-0.002614692869769168,-0.05795648779846253,0.011717593545715015,0.0066795469375739765,0.0015455149114131927,0.01973651722073555,0.018191002309322357,0.0007186192733228408,0.018191002309322357,-0.029301160794917343,0.029247065575706874,-0.07912866323710321,0.020618222426523808,0.09974688566362702,-0.0012101613321647729,-0.018689355216381473,2.591686548407511,0.569320266224954,1.8012387152830835,3.555710566960214,1.7544718516771303,-0.05226379089088199,-0.6771044427691448,0.2995359368853867,0.06418816920370127,0.18599132174353333,0.40894744581997117,0.22295612407643783,-0.005858883126664789,-0.10030386108753636,1759776107.786027,1759776109.5842755,bad
be176f54-cf2a-4d98-8798-4c27e5917335,5be1e58c-349b-43cc-85c8-65af84fc7ba6,0.011568361520767212,0.005143401156222261,0.0007603764533996582,0.02217864990234375,0.021418273448944092,-0.0001958956442632452,-0.0015783905982971191,-0.02129607662444272,0.013619491337571647,-0.03998188078701388,0.01145352081885953,0.05143540160587341,-0.00012606967407231327,-0.018315763129533688,0.013943709308902423,0.005233447861152424,0.00762997567653656,0.02272273600101471,0.01509276032447815,-0.0005109480104602881,-0.012064825743436813,-0.11127763350857839,0.03323523573815577,-0.15664184716612944,-0.047513883354829284,0.10912796381130016,-0.003500901623027109,-0.07287834466029529,1.5985807932836678,0.510547265547374,0.6963240163122546,2.323875407288027,1.6275513909757724,0.02050587347216698,-0.002399716305117039,0.22092526567485196,0.05370192044474653,0.1156940028716219,0.307093351319955,0.19139934844833312,0.004530758570436326,0.06742973750205317,1759776109.6492755,1759776111.5045598,bad
be176f54-cf2a-4d98-8798-4c27e5917335,5be1e58c-349b-43cc-85c8-65af84fc7ba6,0.008444207906723022,0.0070992000980902885,1.33514404296875e-05,0.018862247467041016,0.018848896026611328,-0.0007625165982824545,-0.014567196369171143,-0.02272823054238029,0.009062229231712233,-0.04242093124074167,-0.011771327689725396,0.030649603551016275,-0.000351518230853055,-0.026741956501200974,0.0077370459834734595,0.0041465824376781145,0.0020614974200725555,0.013247344642877579,0.011185847222805023,-0.0003581286985033479,-0.0008100643754005432,-0.1687766478235022,0.018674554984967492,-0.1923641578761157,-0.12964389826429526,0.06272025961182043,-0.0017859525798122004,-0.041510782252924344,2.2035619314927546,0.1572506264980275,1.9417538019578575,2.4802632441609895,0.538509442203132,-0.009541933711004064,-0.24217629634866866,0.32467495008006775,0.02949344976073339,0.28390356708353875,0.4056083590143402,0.12170479193080147,-0.0012899009062937443,-0.10458086140865042,1759776111.565186,1759776113.3628213,bad
be176f54-cf2a-4d98-8798-4c27e5917335,5be1e58c-349b-43cc-85c8-65af84fc7ba6,0.00752912163734436,0.0069320687096111645,0.00032585859298706055,0.02317589521408081,0.02285003662109375,-0.00036510138941288524,-0.0006437897682189941,-0.04042935717864752,0.005282577899829482,-0.04762487428155382,-0.028394159913064265,0.019230714368489554,-6.973317794769818e-05,0.0007036506141828297,0.011244044949611029,0.0016973285124677949,0.007771547883749008,0.01340588927268982,0.005634341388940811,0.00017841847010528682,0.0037542469799518585,-0.17570084932630536,0.01599134101705823,-0.20651651489197187,-0.1516036478835077,0.05491286700846418,0.0009693378502957414,0.017391520810353722,1.812820285245698,0.12756858153238396,1.5829332840697619,2.0058611981404635,0.4229279140707016,-0.004680364383863375,-0.2354346230429183,0.28280231516473103,0.04026906046253556,0.22262506400979615,0.3582685760932516,0.13564351208345543,-0.003900327679464411,-0.05216474901891144,1759776113.4218173,1759776115.2329915,bad
be176f54-cf2a-4d98-8798-4c27e5917335,5be1e58c-349b-43cc-85c8-65af84fc7ba6,0.007251665989557902,0.009698280281443244,0.00015741586685180664,0.03147304058074951,0.031315624713897705,0.0008731794967269473,0.02825063467025757,-0.010546333030049398,0.028253004213564525,-0.046258054938903365,0.029721695841475094,0.07597975078037845,0.002585416350299681,0.03655921793241967,0.006723928451538086,0.0057370549099191774,-0.00042620301246643066,0.013468634337186813,0.013894837349653244,-0.0004294272292575263,-0.0038421601057052612,-0.13281478644312317,0.03811753106144178,-0.1901706501351164,-0.07777940495931351,0.11239124517580287,0.0037103876491705458,0.07403185289143804,2.2083908780113566,0.40175731210382204,1.6508261615195665,2.9532439502870433,1.3024177887674768,0.03343803721269251,0.6832842472106484,0.3301800733884846,0.0577754342444473,0.25346406818736306,0.4387427663437601,0.18527869815639703,0.005067166063923506,0.061062821195351946,1759776115.294623,1759776117.111138,bad
be176f54-cf2a-4d98-8798-4c27e5917335,5be1e58c-349b-43cc-85c8-65af84fc7ba6,0.019678900639216106,0.01662033678340126,3.0159950256347656e-05,0.04278528690338135,0.042755126953125,-0.0018046770398157989,-0.03608614206314087,0.027159440576000594,0.017190200574276723,-0.002770069260997286,0.06859902375207903,0.07136909301307631,0.001056884244703959,0.033689348608418254,0.008585479483008385,0.001646704433773086,0.0043981969356536865,0.01232524961233139,0.007927052676677704,-7.749940201358351e-05,0.00275324285030365,-0.030800362252979344,0.0325815847665491,-0.08142420859407287,0.0401693416014284,0.12159355019550128,0.0008787402586235462,0.046615768145405,1.5153241709111274,0.4361614895518148,0.8769854010365166,2.3813800098602735,1.504394608823757,-0.022937219975553803,-0.33615949313004956,0.24314266552541314,0.07337608996835317,0.12106948342418478,0.35436081550190823,0.23329133207772346,0.001150305288676588,0.036798769168783274,1759776117.1751354,1759776119.0141366,bad
be176f54-cf2a-4d98-8798-4c27e5917335,5be1e58c-349b-43cc-85c8-65af84fc7ba6,0.021345255772272746,0.005798105967891639,0.007235467433929443,0.03172188997268677,0.024486422538757324,0.00023018519525665852,0.012940049171447754,0.0329879486124992,0.007542554743903077,0.01520590872296178,0.043074117087891654,0.027868208364929876,-0.00010254129331385535,0.002086096907725009,0.010860016072789828,0.0028711331568879376,0.006846383213996887,0.017193187028169632,0.010346803814172745,-0.00027777623961181344,-0.005068983882665634,-0.02953308651386378,0.019198345655554006,-0.06918142247369341,0.0031539438567313068,0.07233536633042471,-0.0012710295791751038,-0.012610026693051304,1.7095878697798568,0.31096688045559134,0.9959244951026818,2.221023858008606,1.2250993629059244,-0.01579572220783248,-0.27064314481136664,0.2965076719851529,0.04793053708585409,0.20297380063495257,0.36502703306249645,0.16205323242754388,0.003473381087892796,0.02544600146353948,1759776119.0761366,1759776120.9767797,bad
be176f54-cf2a-4d98-8798-4c27e5917335,5be1e58c-349b-43cc-85c8-65af84fc7ba6,0.027765353520711262,0.004498835169207203,0.017314553260803223,0.03721344470977783,0.01989889144897461,-0.00032143115466906044,-0.016948461532592773,0.013926395987412587,0.01452521394977617,-0.005030554857768325,0.04566808989959776,0.05069864475736609,-0.001011700824689338,-0.01494610080718483,0.005525576323270798,0.0013259910145227223,0.003417275846004486,0.008316956460475922,0.0048996806144714355,-8.276583289145363e-05,-0.00011543929576873779,-0.07616631783657053,0.026343509331739654,-0.11461093170627515,-0.025164175558429154,0.089446756147846,-0.0020329945596920924,-0.04930550181882434,1.9950302225297833,0.23676099524618513,1.5836621591219822,2.4800795653064216,0.8964174061844394,-0.0017631036394537471,0.02876739711965537,0.3647101792857589,0.030221772908746104,0.30426654879859605,0.4255434814049091,0.12127693260631306,0.0006705213979517376,0.05423682425828019,1759776121.0397737,1759776122.8622067,bad
be176f54-cf2a-4d98-8798-4c27e5917335,5be1e58c-349b-43cc-85c8-65af84fc7ba6,0.015290933847427367,0.004475035342356147,0.005455136299133301,0.02329963445663452,0.01784449815750122,-2.7789753987075738e-05,0.0009455084800720215,0.020826672613166165,0.009498896746644447,0.0058604532293340126,0.035823447625545075,0.029962994396211064,0.0002138587954751167,0.0015642106339789161,0.010580366974075635,0.001996944681100675,0.0067102983593940735,0.01524856686592102,0.008538268506526947,0.00012125781549760312,0.00344853475689888,-0.05762206511802961,0.02180426503074566,-0.08590750233706672,-0.014650212804335462,0.07125728953273125,0.0008366402716900781,-0.007440349799249291,1.859090567298157,0.279263253263567,1.1933761068080329,2.324268661890541,1.1308925550825082,-0.01423756744860397,-0.2801397937604819,0.35303832771050014,0.03086690047427792,0.2807779320630211,0.40170123559250465,0.12092330352948355,0.000474554352111603,0.0010921085363708727,1759776122.9772234,1759776124.7507956,bad
be176f54-cf2a-4d98-8798-4c27e5917335,5be1e58c-349b-43cc-85c8-65af84fc7ba6,0.00858952005704244,0.007820574388053683,9.816884994506836e-05,0.02338886260986328,0.023290693759918213,0.0005107077263353664,0.01547384262084961,0.003553367436333409,0.008815218925837498,-0.013198263643026132,0.027529578154855357,0.04072784179788149,-0.0006438701918675319,-0.00827537982405274,0.010578485081593196,0.001138595914686743,0.00876244530081749,0.012209128588438034,0.0034466832876205444,-7.628479742499957e-05,-0.001039985567331314,-0.11563146733512339,0.016045541918964366,-0.14811741194760675,-0.06938286104250926,0.07873455090509748,-0.001019805104185878,-0.021209863579712107,1.6201229084258848,0.2162064974934907,1.1351243747511661,1.984621026579719,0.8494966518285529,0.01019581346843724,0.1572702451516086,0.30222208423789865,0.018447784586629958,0.2502670701819717,0.3422485417433657,0.09198147156139402,-0.0006785729099935285,-0.02634345471527716,1759776124.8123076,1759776126.6619556,bad
be176f54-cf2a-4d98-8798-4c27e5917335,5be1e58c-349b-43cc-85c8-65af84fc7ba6,0.030440837144851685,0.0065983422327933975,0.01946812868118286,0.04532366991043091,0.025855541229248047,-0.0005001902845465434,-0.00542449951171875,-0.006283829583530061,0.005556363500980696,-0.016718369046481323,0.002654402388519653,0.019372771435000977,0.0001575363253046601,-0.0022131332412672314,0.007257351155082385,0.0010799713074420088,0.005291793495416641,0.009342849254608154,0.004051055759191513,-0.00010120938050335853,-0.0033828243613243103,-0.12053100303082262,0.01446050007808806,-0.146063749493645,-0.09261091563615917,0.05345283385748584,0.0006427265662356845,-0.0013148096499948636,2.1520104114042757,0.15767419679658917,1.9226859012757274,2.5188657815350735,0.5961798802593461,0.007451903066612567,0.10655914584531034,0.33553077866668574,0.03315566231528406,0.24114726301681644,0.3689784397651242,0.12783117674830774,0.0028831643814080576,0.055801075399931566,1759776126.7206013,1759776128.5203736,bad
be176f54-cf2a-4d98-8798-4c27e5917335,5be1e58c-349b-43cc-85c8-65af84fc7ba6,0.023660780986150105,0.0023872989949825806,0.01919376850128174,0.0270003080368042,0.007806539535522461,0.00024422110121560445,0.006008446216583252,0.0014768656111710128,0.004535163528819256,-0.0061175035928535985,0.009437037935904344,0.015554541528757942,0.0002423749688687713,-0.001776016440354057,0.004146043335398039,0.0008981451282923078,0.0025516562163829803,0.0052761659026145935,0.002724509686231613,7.565353766033992e-05,-0.0005523189902305603,-0.12475928789462327,0.010046981891874742,-0.14784730912493682,-0.1065892546568511,0.041258054468085725,0.0007108503588633056,-0.0036058278145224276,2.4345855965917287,0.1482396016517003,2.1969970031415174,2.7747420705061456,0.5777450673646283,0.013990881903926054,0.30440266058197807,0.367530758784925,0.013781673242883347,0.3295207622402875,0.3996536913791862,0.07013292913889874,0.0008511774518828934,0.07013292913889874,1759776128.581371,1759776130.3957999,bad
be176f54-cf2a-4d98-8798-4c27e5917335,5be1e58c-349b-43cc-85c8-65af84fc7ba6,0.029084044694900512,0.012613654486278937,0.015812397003173828,0.05955463647842407,0.043742239475250244,0.0008968901846379671,0.03391152620315552,-0.010461699394936156,0.00526818690912213,-0.01906827178682463,-0.002079822798656928,0.016988448988167704,0.00022996848044829496,-0.010163647616394132,0.0011745605617761612,0.0026286364387679622,-0.0038313530385494232,0.005173295736312866,0.00900464877486229,-0.0001222202282925204,-0.0027590543031692505,-0.13291565518779744,0.00712689894558469,-0.1470790297397098,-0.11686053243152812,0.03021849730818167,4.0172979496591184e-05,-0.01856889829029551,2.143033465860587,0.11024755540324771,1.9722633907933504,2.404552224495408,0.4322888337020574,-0.00022322068823955036,-0.06263119762459723,0.3989393500244989,0.049552347228821084,0.30014692934590886,0.4624598083478817,0.16231287900197283,-0.0026786368675488777,-0.02007721119080852,1759776130.457797,1759776132.244105,bad
be176f54-cf2a-4d98-8798-4c27e5917335,5be1e58c-349b-43cc-85c8-65af84fc7ba6,0.04186277190844218,0.007087219885659676,0.036081016063690186,0.06086385250091553,0.024782836437225342,-0.0006878012279514741,-0.023818135261535645,-0.002331121457432933,0.008139685733878495,-0.011980371836675706,0.025101911126561627,0.03708228296323733,0.0004447794374118579,0.024963919334438502,0.0031194904198249183,0.000762173091798251,0.0019593536853790283,0.00454060360789299,0.002581249922513962,8.447072877899823e-05,0.002130884677171707,-0.1329705618277161,0.013771694898116336,-0.15101546170617344,-0.08655748606302492,0.06445797564314852,0.0004834673578859967,0.027567001136865804,2.166141856245483,0.15123343808828787,1.8822649876361004,2.5279197892728136,0.6456548016367132,-0.002402571893186989,0.09763221539656941,0.4112322294800274,0.013863083773917267,0.387140319415483,0.4385063764563659,0.05136605704088293,-2.483345122161558e-05,-0.001148816622565163,1759776132.3041053,1759776134.0938642,bad
be176f54-cf2a-4d98-8798-4c27e5917335,5be1e58c-349b-43cc-85c8-65af84fc7ba6,0.03776640295982361,0.0029386098185136904,0.03210800886154175,0.04177302122116089,0.00966501235961914,0.00010505424060333557,0.00277101993560791,0.016964143893547588,0.0066065663894403145,0.0035741696920822364,0.02660654401026584,0.023032374318183602,0.0005930452813424651,0.002871149117393404,0.005148028085629145,0.0005696630001377397,0.0037874802947044373,0.005825519561767578,0.002038039267063141,1.715286919749751e-05,0.00044244155287742615,-0.08664029765458643,0.019068318314653637,-0.12605646194767361,-0.05861285792980742,0.0674436040178662,0.0019399081737821063,0.02823687777407982,2.5468063972319106,0.25482068474665487,2.113782050322843,2.9361704491100666,0.8223883987872238,0.019495031039177494,0.6433357520991647,0.3635581980546382,0.012009352005009027,0.339744146992954,0.3927601544742876,0.05301600748133356,-0.0005859727606607549,-0.019379191995012535,1759776134.156866,1759776136.0551925,bad
be176f54-cf2a-4d98-8798-4c27e5917335,5be1e58c-349b-43cc-85c8-65af84fc7ba6,0.036430956919987996,0.002690769232532656,0.03214031457901001,0.04173719882965088,0.00959688425064087,0.0002595112904558193,0.0004897117614746094,0.015245888794952228,0.005981864434486565,0.0020309072552038665,0.027357243870991213,0.025326336615787346,-0.0005221323048661266,-0.02005015260587444,0.00440493014951547,0.00026583662541924686,0.004015728831291199,0.004917070269584656,0.000901341438293457,-2.0761946185147007e-05,-0.0003323666751384735,-0.08271790341650762,0.007962816292362567,-0.09875263063147953,-0.06847091588794962,0.030281714743529906,-0.0003316548640024713,-0.029288910684452815,2.5453094214730245,0.18795342562977546,2.1827602854830297,2.819175187370706,0.6364149018876764,-0.018153193739533384,-0.5659764255885444,0.35264960121328254,0.007257024108830762,0.33543369527268047,0.3629288338733079,0.02749513860062741,0.0002565854675276801,0.0003329210678260086,1759776136.121838,1759776137.9385486,bad
be176f54-cf2a-4d98-8798-4c27e5917335,5be1e58c-349b-43cc-85c8-65af84fc7ba6,0.03964914679527283,0.0017159533686078668,0.036215364933013916,0.04172492027282715,0.005509555339813232,1.9701211418007585e-05,0.00096893310546875,0.004413214588757639,0.003716688334263657,-0.0017958433807279753,0.013290495839200708,0.015086339219928684,-3.927486694540037e-05,-0.004020033116896532,0.0036814903219540914,0.00039852491268699844,0.002961292862892151,0.004614207893610001,0.0016529150307178497,-3.050021885234337e-05,-0.0006747804582118988,-0.10368084400189834,0.007734349655874223,-0.12317605842503654,-0.09267185396448574,0.0305042044605508,-0.0006768535367702477,-0.01869871621587567,2.1224961613075712,0.20581256068432774,1.6965117080523695,2.481455780480772,0.7849440724284025,0.006184954888378864,-0.18073203144940164,0.35262017460151396,0.008267940501215747,0.34092291058238583,0.3766907394875471,0.03576782890516128,3.8248598062277196e-05,-0.009651206534661283,1759776137.9985487,1759776139.8105898,bad
be176f54-cf2a-4d98-8798-4c27e5917335,5be1e58c-349b-43cc-85c8-65af84fc7ba6,0.042604962984720864,0.0010740616580777738,0.04098057746887207,0.04456049203872681,0.0035799145698547363,9.837126705352138e-05,0.002227187156677246,-0.002506453152136222,0.003967439084952918,-0.011923286315638042,0.004829411258214828,0.01675269757385287,-0.0002503866658120795,-0.007728301827748434,0.004982782403628031,0.00035301040531581933,0.004085376858711243,0.005461148917675018,0.0013757720589637756,3.05411232857073e-05,0.0010072514414787292,-0.11641456537459519,0.006746066483513221,-0.1318637947645604,-0.10485142274199527,0.027012372022565123,-0.00033781985776854765,-0.015392642688294225,2.302608471164655,0.12118323564570167,1.9837507133834664,2.5293830377398856,0.5456323243564192,0.004414606782826757,0.3183178391237702,0.35144735792748827,0.007236486190901839,0.33526134092082027,0.3632859673824303,0.028024626461610025,-3.384185153090454e-05,-0.016481663658287682,1759776139.8745894,1759776141.685928,bad
be176f54-cf2a-4d98-8798-4c27e5917335,5be1e58c-349b-43cc-85c8-65af84fc7ba6,0.043713488181432086,0.0007644875640265985,0.04272967576980591,0.045421600341796875,0.002691924571990967,5.246803943519465e-05,0.0006663799285888672,-0.0024583542504870836,0.004076497834677501,-0.01195164384290277,0.005830512799716029,0.0177821566426188,0.00011473423808076775,0.0020195476513412795,0.004187478249271711,0.00023433502678516283,0.003846116364002228,0.00496036559343338,0.0011142492294311523,-7.670961146359982e-06,-0.0005319602787494659,-0.12049473767593225,0.007652223340713902,-0.13706870650140138,-0.10516830024844873,0.03190040625295265,-6.250602648361123e-05,-0.0020357721171446186,2.262209821344606,0.15186092650103655,1.998805496639221,2.587522369058249,0.5887168724190281,0.006496821876208025,0.09627947349522703,0.3469525412101326,0.014960592540536607,0.31490313797707153,0.3688596076519193,0.05395646967484774,-0.0014772593597437776,-0.02330670484109776,1759776141.7459292,1759776143.553883,bad
be176f54-cf2a-4d98-8798-4c27e5917335,5be1e58c-349b-43cc-85c8-65af84fc7ba6,0.03728398680686951,0.006672458969738085,0.027005553245544434,0.044940412044525146,0.017934858798980713,-0.0006862849759578175,-0.014331579208374023,0.0012897216479847687,0.004167425334764125,-0.008956590517900185,0.009337079336234854,0.01829366985413504,0.0001794698831473261,0.0041649865579266795,0.0034036928166945777,0.0009155353033250652,0.0021592453122138977,0.00501694530248642,0.002857699990272522,-5.381927225693182e-05,-0.00030480697751045227,-0.12013494497406968,0.006733252616871267,-0.13393737759997434,-0.10416320121842304,0.029774176381551304,1.1208961783193435e-05,0.002173144281701289,2.4450380081813,0.16516769981576987,2.036472557656321,2.645188121009947,0.6087155633536261,0.009793048690832896,0.3385639004724248,0.36365091683751516,0.023686315511043336,0.31345389593157824,0.39742327951712897,0.08396938358555073,0.000921723314703717,0.0571502818327001,1759776143.6108787,1759776145.4398892,bad
be176f54-cf2a-4d98-8798-4c27e5917335,5be1e58c-349b-43cc-85c8-65af84fc7ba6,0.030938176314036052,0.0014369233163652533,0.028303325176239014,0.03330928087234497,0.005005955696105957,9.805806088898418e-05,0.0005664825439453125,-0.0016093269653541214,0.0027184142267304354,-0.0075171260608672885,0.0035644702053218547,0.011081596266189143,-8.040876472405617e-05,0.0010220834173752216,0.004437536746263504,0.00043447324073153654,0.003819994628429413,0.005118999630212784,0.001299005001783371,3.4916313060531365e-05,0.0004826076328754425,-0.1266032566343965,0.006396933327408163,-0.14385502343002876,-0.11424570882233621,0.029609314607692547,-0.0002919566400913305,0.0010930574676520644,2.383406904019924,0.1327657474114034,2.098965985452385,2.579024146470121,0.4800581610177357,0.002007412430475753,0.0370075403117216,0.3559289746165408,0.013887782253698605,0.33337213333019045,0.3725583766447039,0.03918624331451348,-0.0014072185547552775,-0.03169982018260603,1759776145.4988875,1759776147.291805,bad
be176f54-cf2a-4d98-8798-4c27e5917335,5be1e58c-349b-43cc-85c8-65af84fc7ba6,0.03022228678067525,0.0007613996967456519,0.028662562370300293,0.031604886054992676,0.002942323684692383,6.114430104002141e-05,0.0012188553810119629,-0.0019810137677886697,0.0032095893783038523,-0.010801109583499438,0.0037375117434289423,0.01453862132692838,2.0496474463679898e-07,0.00027559340333403997,0.004889937366048495,0.0002060397067327418,0.004560060799121857,0.005211692303419113,0.0006516315042972565,1.6266542659850747e-05,0.0005612261593341827,-0.12590236026052212,0.004678051318702398,-0.13844130343667466,-0.11626747537532531,0.02217382806134935,7.727706909143696e-05,0.002550677630441936,2.3486514233811904,0.15128814526738496,2.01568358561362,2.616446796718122,0.600763211104502,0.0007846580562975825,0.08768877515614948,0.34855849509606945,0.011332364182386725,0.3222477908934933,0.37166570216427475,0.049417911270781434,0.0005610458248361605,0.013625869924323741,1759776147.3528066,1759776149.1451662,bad
be176f54-cf2a-4d98-8798-4c27e5917335,5be1e58c-349b-43cc-85c8-65af84fc7ba6,0.02963822881380717,0.0009017487188477302,0.02820122241973877,0.03127795457839966,0.0030767321586608887,-9.650623175140482e-05,-0.0030382275581359863,-0.0013400696619362386,0.003964208770793097,-0.007635776379814596,0.006766210163131601,0.014401986542946197,-0.0001568386015177464,0.008584550964539906,0.005029115701715151,0.00012703398424584978,0.004799447953701019,0.005281515419483185,0.00048206746578216553,-3.6548545482559118e-06,-0.00019895657896995544,-0.12565319812899878,0.006889398735622686,-0.13884869816801168,-0.11440560087570983,0.024443097292301846,-0.0003673848239227887,0.010279175069716387,2.405000863865756,0.12840370929305045,2.1259834234324355,2.674671610804099,0.5486881873716634,-0.0001499974215210727,0.22154125708446415,0.34001307500321326,0.004931014802236007,0.32967591301543697,0.3468339321062554,0.017158019090818433,-5.650878467527167e-05,-0.007885609828544804,1759776149.2041667,1759776150.9862933,bad
be176f54-cf2a-4d98-8798-4c27e5917335,5be1e58c-349b-43cc-85c8-65af84fc7ba6,0.02769516905148824,0.0008371588008150326,0.026195287704467773,0.029646098613739014,0.0034508109092712402,-4.78734296474096e-05,-0.0007883310317993164,-0.0004892495434287013,0.0035660996660615988,-0.007287504183324641,0.010052079697078269,0.01733958388040291,-0.0001406495934801045,-0.011929189958197915,0.004218799124161402,0.0002595469348035705,0.0038884393870830536,0.004876546561717987,0.0009881071746349335,-1.818306984439973e-05,-0.0008913427591323853,-0.12469407276729029,0.006386560925989827,-0.1336323304872735,-0.10750535814464686,0.026126972342626634,-0.0002901980341846578,-0.026126972342626634,2.2618471355994614,0.14907662901165353,2.0132920576595517,2.554523685928412,0.5412316282688603,-0.003769401964972917,-0.02868058580030519,0.3458700220748541,0.006079956361829206,0.33080402162899863,0.3549903389756156,0.02418631734661697,0.0005266831811424825,0.020723301071718714,1759776151.0502896,1759776152.8752434,bad
be176f54-cf2a-4d98-8798-4c27e5917335,5be1e58c-349b-43cc-85c8-65af84fc7ba6,0.028976823886235556,0.0010276298532440333,0.02670198678970337,0.03062617778778076,0.003924190998077393,0.00011244680778070604,0.0030003786087036133,-0.000551219609245811,0.0031994907165892802,-0.009137075064944926,0.005668551578081739,0.014805626643026665,0.00019596836876857753,0.004583849463617191,0.00436872070034345,0.00019756691333762283,0.00393512099981308,0.004725221544504166,0.0007901005446910858,1.6154539465771636e-05,0.0004673190414905548,-0.12673727400645377,0.005538243416167606,-0.14032182210418828,-0.11706493168683389,0.02325689041735439,0.00035837444440918307,0.011513247005628918,2.396406810769118,0.13531250773526265,2.0580262427631837,2.576952980351755,0.5189267375885711,0.0011254582380366143,0.10177900354321068,0.3431817189655075,0.007941075526471827,0.3242937421830422,0.35900355112050003,0.03470980893745784,-0.00011089896301826639,-0.013651356704635798,1759776152.9372444,1759776154.7684,bad
be176f54-cf2a-4d98-8798-4c27e5917335,5be1e58c-349b-43cc-85c8-65af84fc7ba6,0.030620857079823812,0.0006104464192454647,0.02931731939315796,0.031929194927215576,0.002611875534057617,1.0867617419352123e-05,0.0009002685546875,-0.0022950537362943293,0.003254820263090098,-0.008089294743409388,0.004135864276074063,0.012225159019483452,0.00020389286054070478,0.004929562073323158,0.004200417175889015,0.0003831595947322474,0.0035092681646347046,0.004693634808063507,0.0011843666434288025,-3.833935924446225e-05,-0.0008785538375377655,-0.12669785736138736,0.006509434789818565,-0.13821387169565666,-0.11527950573378155,0.022934365961875106,0.0002660378357788695,0.006723830604148898,2.4116973720577115,0.2035177408747713,1.9125399983007427,2.6920610836767564,0.7795210853760137,0.005520103860968457,0.13228213377570697,0.3469126862574195,0.005098190568940294,0.3393589780254883,0.3601440845394637,0.020785106513975415,0.0003872731860994009,0.015711325723356262,1759776154.8290668,1759776156.6667635,bad
be176f54-cf2a-4d98-8798-4c27e5917335,5be1e58c-349b-43cc-85c8-65af84fc7ba6,0.030201961596806843,0.0009761600852607451,0.029003262519836426,0.033307433128356934,0.004304170608520508,-6.262053371934393e-05,-0.002481520175933838,0.003472953751536402,0.002259822660586949,0.00010764721722345946,0.007888959434419257,0.007781312217195797,8.828286196217158e-05,-0.00021503896862860123,0.0037166467557350796,0.00030538285690740006,0.003231581300497055,0.0043913014233112335,0.0011597201228141785,-1.7313442055189835e-07,0.0001255534589290619,-0.11928985810905673,0.003585481346428309,-0.1258535499079148,-0.11270840782423824,0.013145142083676564,-7.17340457844027e-05,-0.006435402237909518,2.4311399157246565,0.17691648798676513,2.0711307022041936,2.7138718813623286,0.642741179158135,-0.006811048599094449,-0.016298430999708735,0.35979120944655174,0.006416411741915472,0.34653764828512795,0.3687449171405151,0.022207268855387152,-0.0002727756683069895,0.0002558235573820733,1759776156.7307632,1759776158.557449,bad
be176f54-cf2a-4d98-8798-4c27e5917335,5be1e58c-349b-43cc-85c8-65af84fc7ba6,0.030260499318440756,0.0007078716611459883,0.029050171375274658,0.03163337707519531,0.0025832056999206543,6.0022129232811846e-05,0.0014929771423339844,0.002785522834658433,0.0029395427920920142,-0.00556793336731225,0.007540047341233303,0.013107980708545554,1.149479390767661e-05,-6.301298516900745e-05,0.0025999208291371664,0.0006124373309301904,0.0019028447568416595,0.003697313368320465,0.0017944686114788055,-5.8717513508738346e-05,-0.0012573972344398499,-0.12546349120340083,0.005532785320545537,-0.13797753088407266,-0.11420084949586169,0.02377668138821097,-0.00021632899509957382,-0.00361712598140293,2.3963409855796556,0.1884145712743352,2.041564646536959,2.764097079313454,0.7225324327764953,-0.0020487749227931415,-0.01703616690008314,0.3623867831535298,0.004765630741812097,0.35285486537022065,0.37153125939812875,0.018676394027908105,7.387835148459057e-06,-0.0031817059372041823,1759776158.6174645,1759776160.432978,bad
be176f54-cf2a-4d98-8798-4c27e5917335,5be1e58c-349b-43cc-85c8-65af84fc7ba6,0.030011945962905885,0.0010511315237668995,0.027904212474822998,0.031622350215911865,0.003718137741088867,-5.106863641367606e-05,-0.0005084872245788574,0.0024115009705963854,0.0031626344476330674,-0.003816300358953041,0.00882809203272913,0.01264439239168217,-0.0001885645605745973,-0.009113981283544074,0.0028788520644108455,0.0004772600627803384,0.0021324940025806427,0.003604259341955185,0.0014717653393745422,5.210074238702904e-05,0.0010074451565742493,-0.12636381610607234,0.005658973059434364,-0.13990414134822898,-0.11861604279537724,0.021288098552851742,-0.00031803412718677627,-0.015200711949970858,2.4273248352674694,0.1298808215821488,2.1548155183908646,2.7407507257459995,0.5859352073551349,-0.01032743999437695,-0.38323057607457267,0.3610624794290244,0.008863104562759147,0.34155561990363215,0.37370337025022227,0.03214775034659012,-0.00014102014152564236,-0.004083937960250306,1759776160.4995291,1759776162.3119302,bad
be176f54-cf2a-4d98-8798-4c27e5917335,5be1e58c-349b-43cc-85c8-65af84fc7ba6,0.03243119915326436,0.001046943034968538,0.03105902671813965,0.03538942337036133,0.00433039665222168,-1.7224920207056506e-05,-0.0004559159278869629,0.0006220916046576809,0.003762201261899727,-0.009880096165318332,0.007597772758966964,0.017477868924285295,0.0001417038477310313,0.00017344568338876996,0.0032624859362840653,0.00024813340901624995,0.002780858427286148,0.003726951777935028,0.00094609335064888,8.79991472231534e-07,0.00028382986783981323,-0.1279142507911207,0.0047653444876136495,-0.13901376579168906,-0.11604761083182127,0.022966154959867785,0.00017608990884775626,0.00729584755177283,2.430611705806348,0.17155198973975191,2.0728365922303786,2.7597684900425463,0.6869318978121677,0.004117068685792381,0.401974366037388,0.36028367775913117,0.012265538285764559,0.33906269420436086,0.38190406040037467,0.04284136619601381,-0.0006257216483939037,-0.004362062450405435,1759776162.3719313,1759776164.1830487,bad
be176f54-cf2a-4d98-8798-4c27e5917335,5be1e58c-349b-43cc-85c8-65af84fc7ba6,0.03042235771814982,0.0006429034788485494,0.029086530208587646,0.031835973262786865,0.0027494430541992188,-3.7040620279789504e-05,-0.00029271841049194336,-0.0010158553359642208,0.003980674463925701,-0.009459077818125515,0.006479671158418659,0.015938748976544174,-5.269232546233038e-05,0.0012294436256518534,0.00348669042189916,0.0002748608349359472,0.0029771365225315094,0.0038888491690158844,0.000911712646484375,-1.3206363785121014e-05,-0.0004987195134162903,-0.13075448013094607,0.007140221217755126,-0.14471367597849022,-0.11524854605517343,0.02946512992331679,-0.00016732182300620047,-0.0035784001440143237,2.409702929034816,0.110424634410918,2.2072533255371316,2.657055113432222,0.4498017878950904,0.001557431277292477,-0.1137141533003656,0.36103426343932077,0.007771512447491747,0.34437636931466703,0.37949428532187135,0.03511791600720432,0.0004366247640554005,0.014183393243649589,1759776164.245047,1759776166.0534723,bad
be176f54-cf2a-4d98-8798-4c27e5917335,5be1e58c-349b-43cc-85c8-65af84fc7ba6,0.029516768455505372,0.00042060873985367696,0.028733134269714355,0.030245184898376465,0.0015120506286621094,-6.088239862868465e-06,-0.0007385015487670898,0.0018587234031945724,0.003650248164469,-0.004709192001283734,0.01052173019316689,0.015230922194450623,5.6919299994390435e-05,-0.000743762033389825,0.003507779786984126,0.00024415423844633934,0.0028785988688468933,0.003883685916662216,0.0010050870478153229,9.914778496187444e-06,0.000589761883020401,-0.12595533580980833,0.0071040069458526214,-0.14202202593941138,-0.11045807178385396,0.03156395415555742,0.00016394814159633876,0.005373298563210754,2.4092142903917155,0.23803975103159608,1.887036632468677,2.7611196255143753,0.8740829930456984,0.00021672619931929735,0.27414072332681316,0.3500089583831194,0.012058174690030843,0.3219632947082602,0.3627653998945569,0.04080210518629673,0.0010219831061996788,0.008168194505254522,1759776166.1150963,1759776167.914746,bad
be176f54-cf2a-4d98-8798-4c27e5917335,5be1e58c-349b-43cc-85c8-65af84fc7ba6,0.029527556896209717,0.0008065381927638645,0.027911007404327393,0.03143501281738281,0.00352400541305542,-3.556878999024795e-05,-1.8775463104248047e-05,-0.0024917714521533194,0.003943335433571725,-0.008155103066776699,0.0069607050799413385,0.015115808146718038,6.803054549430634e-05,-0.0007851532459888144,0.0036716038982073465,0.0006791549473189677,0.002141464501619339,0.00478348508477211,0.002642020583152771,3.847598830637863e-05,0.0012189261615276337,-0.13291082305621923,0.007300517297306471,-0.15002520876887684,-0.11946625689937998,0.030558951869496864,0.00019338498054914666,-0.0015150081672080928,2.450766864729389,0.1468990091872355,2.217197078184518,2.759300487962379,0.542103409777861,-0.0017170838039603064,-0.4694279055684394,0.34806056836470656,0.019206953983893698,0.29409095175901456,0.37664072168118473,0.08254976992217017,-0.00047454201979854843,-0.007804370716300191,1759776167.9737446,1759776169.83587,bad
be176f54-cf2a-4d98-8798-4c27e5917335,5be1e58c-349b-43cc-85c8-65af84fc7ba6,0.028466679652531943,0.0005278633575724016,0.027552545070648193,0.029252350330352783,0.0016998052597045898,2.9346038555276803e-06,-0.00010257959365844727,-0.0006213163631020881,0.0035554166333425148,-0.00924619429099922,0.007251622325205842,0.016497816616205065,-9.800473630322938e-05,-0.0049303703638865215,0.0046630478153626125,0.00020903530628870235,0.004381842911243439,0.00516514852643013,0.0007833056151866913,9.41569153405933e-06,0.00020228326320648193,-0.13068847609695283,0.006263920801400093,-0.14352566437030786,-0.11859823356587627,0.02492743080443159,-5.610211559902901e-05,-0.012843207973568194,2.3587785579869096,0.11549683541192898,2.087799980005593,2.63910449187559,0.5513045118699971,0.0015748463377754263,0.306933038634988,0.353634187395212,0.006090514696133426,0.341847443538205,0.3699071143227441,0.02805967078453908,-0.0002734888870786244,-0.003045033077780812,1759776169.8953273,1759776171.7692873,bad
be176f54-cf2a-4d98-8798-4c27e5917335,5be1e58c-349b-43cc-85c8-65af84fc7ba6,0.026942243178685505,0.0019868989086416797,0.022625505924224854,0.029042840003967285,0.006417334079742432,-0.00019855171740386588,-0.005980432033538818,0.0007257458884030008,0.00252805467377487,-0.0043797125603920175,0.005174820758959532,0.00955453331935155,5.327330865536391e-05,0.005684539138279673,0.004581611230969429,0.0003138751607492551,0.0036155730485916138,0.004949808120727539,0.0013342350721359253,7.639729207561866e-07,-2.209097146987915e-05,-0.12828394867319023,0.004991124089953125,-0.14131301381173592,-0.11893683082803205,0.022376182983703863,0.0001902468417123165,0.009550681261618427,2.3687346416661637,0.12414808548808275,2.172963133915879,2.6798040593764765,0.5068409254605974,0.004327888020510873,0.06835429760843548,0.348481429444101,0.015759542760925477,0.31734158568342585,0.37275558060736835,0.0554139949239425,-0.0006748318957409973,0.01822655235540066,1759776171.8282866,1759776173.67358,bad
be176f54-cf2a-4d98-8798-4c27e5917335,5be1e58c-349b-43cc-85c8-65af84fc7ba6,0.020901344219843545,0.0019891683272264134,0.01788508892059326,0.02453821897506714,0.006653130054473877,0.00018778819263445525,0.005048692226409912,0.00435318217504104,0.006087737981329001,-0.005854876517306875,0.014324232112197778,0.02017910862950465,-0.00044816819634801595,-0.005394531219898955,0.005340579524636268,0.0006031217457808703,0.004432234913110733,0.006231669336557388,0.0017994344234466553,6.094182177433315e-05,0.0009013749659061432,-0.1200847740917819,0.009195481681971585,-0.13655350931175614,-0.10451307975028103,0.03204042956147511,-0.00026651231132275517,0.004074011960106955,2.1735117220858857,0.2615173230848874,1.5029402336369515,2.6309852814207413,1.1280450477837898,0.017279274925724564,-0.029749260978609193,0.3523043509154807,0.01024659335917324,0.33688453024194326,0.37042768181061747,0.03354315156867421,-0.0008260095398262053,-0.006493075869245801,1759776173.7345798,1759776175.5581307,bad
be176f54-cf2a-4d98-8798-4c27e5917335,5be1e58c-349b-43cc-85c8-65af84fc7ba6,0.024174896876017253,0.0006149441680120082,0.02282881736755371,0.025239288806915283,0.0024104714393615723,4.047421910473714e-05,0.0004940032958984375,0.0027350709093692765,0.001709818098176294,-0.0010732316170795387,0.005553100742614418,0.0066263323596939564,5.20550886027252e-05,0.0012232804101061944,0.005169471229116122,0.0005140062982800461,0.004560939967632294,0.0059905871748924255,0.0014296472072601318,-4.993963476945879e-05,-0.0014133527874946594,-0.1135107462973752,0.005685090811385658,-0.12349276789524177,-0.10384181323471517,0.019650954660526604,0.0005147090960162871,0.009883625884380284,2.414168005182975,0.172123152711813,2.0882266670863987,2.6681247314639784,0.5798980643775797,-0.0032627501874732587,0.13864789764264263,0.3709776759102595,0.01691436495896125,0.34120422092007996,0.39045583094932534,0.049251610029245385,0.0016701911681899664,0.04591825774918462,1759776175.6169667,1759776177.4238973,bad
be176f54-cf2a-4d98-8798-4c27e5917335,5be1e58c-349b-43cc-85c8-65af84fc7ba6,0.02222137451171875,0.0009803965767251595,0.02114427089691162,0.024526536464691162,0.003382265567779541,-5.68207962494405e-06,0.0002511143684387207,0.0015197645101958353,0.0033427226717849894,-0.0035776862488929562,0.009541307418578447,0.013118993667471403,8.136800662205345e-05,0.0013585006856024883,0.004915989562869072,0.000231106893813226,0.004442073404788971,0.0053731538355350494,0.0009310804307460785,-3.834938147707166e-06,-0.0001309625804424286,-0.11794068203320303,0.005860894473224846,-0.12915422539555826,-0.10349810196227553,0.025656123433282732,-0.0001037853390038751,0.0008257507145315174,2.394166943792,0.15076598351186973,2.1405154281568444,2.6421538962878377,0.5016384681309933,-0.0011667106188319291,-0.28359200913996263,0.34883599303620866,0.015958394650571663,0.32776058147498727,0.386935469418725,0.05917488794373771,-4.409156293688833e-07,-0.021748825394524385,1759776177.4898975,1759776179.3036397,bad
be176f54-cf2a-4d98-8798-4c27e5917335,5be1e58c-349b-43cc-85c8-65af84fc7ba6,0.022791486978530884,0.0014288092979907916,0.02042222023010254,0.024518191814422607,0.004095971584320068,-0.00015788153891303517,-0.0036101341247558594,0.0018427248631688548,0.0033250570906474815,-0.0046541272066544835,0.008859750079794265,0.013513877286448747,0.0001154561626326024,-2.0443015498443438e-05,0.004937021310130755,0.00034510180751077483,0.004346620291471481,0.00553613156080246,0.0011895112693309784,3.601798541156018e-05,0.0007454901933670044,-0.12223837808931573,0.005872319914934681,-0.13496559384729853,-0.11177814513722618,0.023187448710072348,3.529553940747311e-05,-0.00908023565056755,2.466355911528363,0.16000061299847498,2.06492737845076,2.6860927096940403,0.6211653312432803,0.002213606703766697,0.16483530155006676,0.35408388039483435,0.00654727030439625,0.344600652981413,0.37212318987087584,0.027522536889462823,-0.000498554025570173,-0.021098593911813457,1759776179.361639,1759776181.1767447,bad
be176f54-cf2a-4d98-8798-4c27e5917335,5be1e58c-349b-43cc-85c8-65af84fc7ba6,0.021613842248916625,0.00034192663715032316,0.021002769470214844,0.022187411785125732,0.0011846423149108887,1.2733050527774188e-05,0.0002232193946838379,0.0018797501840998904,0.0024785661422741445,-0.003847385866869125,0.007596189856613708,0.011443575723482834,-0.00016300942944023523,-0.006939612310544897,0.004982961341738701,0.00014702788125626394,0.004675399512052536,0.005171190947294235,0.0004957914352416992,-1.4941234377785705e-05,-0.0002301521599292755,-0.12572973464191392,0.006007723088495587,-0.13829480614209747,-0.11104719320483007,0.027247612937267393,-0.00042906770598620677,-0.01340219927491601,2.34184794594731,0.14363483657583415,2.069772646095906,2.554305862636516,0.48453321654060977,0.0061004118126118416,-0.07607988021665557,0.3507168537062863,0.005316691177199775,0.34214340877457855,0.3593160827640764,0.017172673989497844,0.00026929526276193067,0.003290980507791974,1759776181.2382636,1759776183.037567,bad
be176f54-cf2a-4d98-8798-4c27e5917335,5be1e58c-349b-43cc-85c8-65af84fc7ba6,0.02171585162480672,0.0005066032826201852,0.020950615406036377,0.02300626039505005,0.002055644989013672,-2.9757635479376498e-05,6.812810897827148e-05,0.00047717633290413574,0.003318004832907879,-0.006667242212262316,0.010907857331041113,0.017575099543303427,-4.763369126913785e-05,0.0034965639407971818,0.005209949985146523,0.0003274190072386074,0.004708733409643173,0.005772199481725693,0.0010634660720825195,3.2665852345401906e-05,0.0005655661225318909,-0.12786122218613724,0.0070575196485391225,-0.14655999496152036,-0.10605330691354502,0.040506688047975345,-4.6806750713361245e-05,0.00910342510545048,2.3857774482556677,0.13063422490326657,2.1381557130975772,2.6890547980030473,0.55089908490547,0.0002500117312932956,0.13781317746550048,0.3491402202372,0.005141378438245097,0.3360511125257396,0.35724942346552396,0.02119831093978436,-0.0004314926790654269,-0.017655011306903168,1759776183.0965652,1759776184.8978894,bad
be176f54-cf2a-4d98-8798-4c27e5917335,5be1e58c-349b-43cc-85c8-65af84fc7ba6,0.014563685655593872,0.0060185441788667025,0.004536092281341553,0.02295607328414917,0.018419981002807617,-0.0005054940768953691,-0.009547412395477295,0.004505423702650865,0.003823735774063034,-0.004602463968146062,0.01134036013998841,0.01594282410813447,8.26312415959445e-05,0.004983313395786939,0.008742116764187813,0.003115281693989084,0.004893183708190918,0.012440692633390427,0.007547508925199509,0.0003354114381901017,0.006721865385770798,-0.10717732333648916,0.010913595640394017,-0.12899917944940942,-0.09100036489923059,0.037998814550178825,0.0009871952404544838,0.025946520655540345,2.236929379368863,0.19094606418313007,1.8782375422396356,2.678212802976491,0.7999752607368553,-0.010798674167422199,-0.2653423976727187,0.3494992333963704,0.014336596757304917,0.32536450554090174,0.37500829340219866,0.04964378786129692,-0.0006147696330220516,0.003213564412594183,1759776184.9578862,1759776186.7977142,bad
be176f54-cf2a-4d98-8798-4c27e5917335,5be1e58c-349b-43cc-85c8-65af84fc7ba6,0.011905996004740398,0.0005855937618261546,0.010742902755737305,0.01277846097946167,0.0020355582237243652,-4.442849334275497e-05,-0.000864565372467041,0.0015632595235111396,0.003124153476179108,-0.004856637671550925,0.007471814146175896,0.012328451817726821,-9.727032175909652e-05,-0.0008503216726601289,0.013202083731691043,0.0006472598771688422,0.012166541069746017,0.013918168842792511,0.0017516277730464935,6.384889577599333e-05,0.0013563930988311768,-0.1114488818068584,0.007374736086780429,-0.12558561766027154,-0.09385943789732665,0.031726179762944895,-0.00035509509288970904,-0.003751627422943188,2.239518192432684,0.12849964396375724,1.9384481580621633,2.478009241042621,0.5395610829804578,0.006880772395295694,0.23051786024107823,0.30177142486452285,0.01082037556838475,0.28461018806769006,0.3323794232370365,0.04776923516934645,-0.0007603306881400525,-0.047301552750620535,1759776186.8587136,1759776188.6300275,bad
be176f54-cf2a-4d98-8798-4c27e5917335,5be1e58c-349b-43cc-85c8-65af84fc7ba6,0.01567092537879944,0.001042247917366901,0.012598216533660889,0.01690918207168579,0.004310965538024902,2.915529043178537e-05,0.002088189125061035,0.00031724481868451753,0.005614046340235981,-0.011318482901600075,0.010414800087388376,0.021733282988988453,0.00030865635350406384,0.007469716205018535,0.011853412166237831,0.0007100436454475802,0.011058565229177475,0.013582047075033188,0.002523481845855713,-6.35505112113889e-05,-0.002523481845855713,-0.10136581870997716,0.008323395194281399,-0.11922513692560179,-0.08671286627404261,0.03251227065155918,0.0004866168571508131,0.01591084142994091,2.320580246783622,0.1533277457634619,2.035313371602469,2.549192234117575,0.5138788625151056,0.013676304982723531,0.40608613665143833,0.24470993260273483,0.0165161579605488,0.22558822080582458,0.28250434284440784,0.05691612203858326,-0.0014839839432510802,-0.037631868300233046,1759776188.6900294,1759776190.5032613,bad
be176f54-cf2a-4d98-8798-4c27e5917335,5be1e58c-349b-43cc-85c8-65af84fc7ba6,0.010132163763046265,0.0031815993082143176,0.0061684250831604,0.014774918556213379,0.008606493473052979,-0.0002934040163992775,-0.0055029988288879395,0.0017938086899500912,0.0032424560627499067,-0.0038359687626615927,0.0071291999836294966,0.010965168746291089,-0.0001453098591067086,-0.0034865276663020644,0.010967397938172023,0.00036215108404720605,0.010026838630437851,0.011385016143321991,0.00135817751288414,3.09501825370831e-05,0.0001704581081867218,-0.09698903046528812,0.006800726250339971,-0.10859927045704454,-0.0842680002536149,0.024331270203429636,3.835498556414901e-05,0.0015400856128624657,2.221407453371335,0.16500366821091586,1.9518546361171258,2.498037010488928,0.5461823743718022,-0.011448149953771249,-0.5461823743718022,0.28232986459418835,0.02423417174866369,0.23876647915091812,0.30584418049991124,0.06707770134899313,0.0022436660509499886,0.0642317837424001,1759776190.570261,1759776192.3578978,bad
be176f54-cf2a-4d98-8798-4c27e5917335,5be1e58c-349b-43cc-85c8-65af84fc7ba6,0.008054020007451375,0.001982672721127089,0.002328336238861084,0.010108768939971924,0.00778043270111084,-0.00010050519289774147,-0.0013742446899414062,-0.006383295350481054,0.005517716790288782,-0.017002348464410278,0.003987913424204769,0.020990261888615046,-1.528861221013652e-05,0.013265361616987442,0.012169517949223519,0.0014217314234299247,0.01093447208404541,0.014667138457298279,0.0037326663732528687,7.44164445840477e-05,7.685273885726929e-06,-0.10635390583855343,0.009045865871351247,-0.12109585099152582,-0.09092448055812588,0.030171370433399944,0.000355125897183401,0.025411926167333093,2.003474334367616,0.22270017971739733,1.4930969905323266,2.3902246851986524,0.8971276946663258,-0.00676898481065567,0.3270665463301494,0.27139677920474947,0.018456425409753313,0.23976587952390394,0.30339808675946334,0.0636322072355594,-0.0006615419856656622,-0.00757148526119894,1759776192.4148965,1759776194.1808355,bad
be176f54-cf2a-4d98-8798-4c27e5917335,5be1e58c-349b-43cc-85c8-65af84fc7ba6,0.008359068632125854,0.0006083102129050294,0.007118165493011475,0.009407460689544678,0.002289295196533203,5.8250909917744435e-06,0.00043195486068725586,-0.003677323777588664,0.004410333684982974,-0.012207164697246574,0.0041924782942830965,0.01639964299152967,-8.946678136409575e-05,0.005506277390284186,0.011475897207856179,0.00035837416344322495,0.010804552584886551,0.012003358453512192,0.0011988058686256409,3.7692635588439075e-05,0.0006086379289627075,-0.10576480362134645,0.008965875024488762,-0.1214027752236503,-0.0888242919815518,0.0325784832420985,-0.00037078947533598173,0.010690351843407178,2.0651824101798306,0.17838861030633374,1.6820584167298571,2.4425454498965737,0.7604870331667166,-0.0018476109229404757,-0.5201547041469909,0.2863254483826902,0.005544037282683607,0.2778794479720345,0.2958890441100289,0.01800959613799441,-0.0004386032497962527,-0.0055972155412776226,1759776194.2418084,1759776196.0195608,bad
be176f54-cf2a-4d98-8798-4c27e5917335,5be1e58c-349b-43cc-85c8-65af84fc7ba6,0.008532277743021647,0.0005547355790977857,0.0074852705001831055,0.009351849555969238,0.0018665790557861328,2.1245508756202633e-05,3.719329833984375e-05,-0.0023636136154544297,0.0038221606525755724,-0.007644330788276877,0.008016770379751369,0.015661101168028248,-3.1383192309605544e-05,0.0006228552366197892,0.011916347096363704,0.00010297273234790515,0.011703606694936752,0.01207144558429718,0.00036783888936042786,6.424053028242474e-06,0.00012772902846336365,-0.10050221527640954,0.00605055209786944,-0.1116765044247335,-0.08647546679903056,0.02520103762570293,-0.00011769328520506456,-0.006723228621505817,1.954206454185947,0.16896712594743207,1.6053360962477228,2.302882826470463,0.6975467302227403,-0.004271467095341774,0.24510013289084598,0.27693251850801615,0.00198853226452415,0.27408032478177125,0.281239242786669,0.007158918004897763,-0.0001191628176457486,-0.004466239664930927,1759776196.0781786,1759776197.8493629,bad
be176f54-cf2a-4d98-8798-4c27e5917335,5be1e58c-349b-43cc-85c8-65af84fc7ba6,0.009143807490666707,0.0016042195074147034,0.006460607051849365,0.011716067790985107,0.005255460739135742,-8.892595303867495e-05,0.00047153234481811523,-0.005026277653537184,0.003132659620420756,-0.01207335893023617,0.003395874265313276,0.015469233195549447,-4.748669597285793e-06,0.0027570454328650247,0.011918423200647036,0.0002816056755299227,0.011249098926782608,0.012342114001512527,0.0010930150747299194,-6.0334876262571445e-06,-0.0006026513874530792,-0.10332179276744914,0.006985143525829159,-0.11401870564765837,-0.08823596313981559,0.02578274250784278,7.646337827834438e-06,0.009946957231412326,2.041758531781971,0.1659209200069293,1.5460806170459342,2.293551125111828,0.7474705080658937,0.0016198509883453849,0.29357091250396383,0.2428022152379033,0.009116691936870423,0.21959181856790966,0.2603799060250348,0.040788087457125144,0.0004581150244335261,0.01361758672072233,1759776197.9073665,1759776199.6999512,bad
be176f54-cf2a-4d98-8798-4c27e5917335,5be1e58c-349b-43cc-85c8-65af84fc7ba6,0.01134002407391866,0.0019105794381667149,0.009156942367553711,0.016448497772216797,0.007291555404663086,0.00019845239842959054,0.006729245185852051,-0.003532435448853898,0.004391182392499672,-0.011857882137552412,0.0057337873623000005,0.017591669499852414,5.1515980974751426e-05,0.0055296841378483005,0.011698402836918831,0.00046792391345434783,0.010888416320085526,0.012287203222513199,0.0013987869024276733,4.908032176624548e-05,0.0010337084531784058,-0.10035637552599021,0.00918304197028765,-0.11843366450047896,-0.08500269574759016,0.0334309687528888,7.342371967941451e-05,0.016946523444339417,2.102934240361259,0.1879003789351992,1.6024878720572255,2.4061834032173786,0.803695531160153,-0.005852349882321195,0.043065787202072325,0.2651401675593405,0.013973492708749083,0.22169638945217623,0.2874898756581965,0.06579348620602027,-0.0005402721852470641,-0.038291657325560946,1759776199.7599492,1759776201.6299398,bad
be176f54-cf2a-4d98-8798-4c27e5917335,5be1e58c-349b-43cc-85c8-65af84fc7ba6,0.02076687216758728,0.0008287727303241837,0.018227338790893555,0.021941781044006348,0.003714442253112793,4.3909316333435536e-05,0.0020679831504821777,-0.005756778108558908,0.00420354695211283,-0.014032419504418959,0.0021452466911465605,0.01617766619556552,-0.0003709138777052039,-0.011239785465194396,0.011884137615561485,0.0004242854977749643,0.011108100414276123,0.012377113103866577,0.001269012689590454,-3.2620446070680626e-05,-0.0010725148022174835,-0.10384261090066002,0.009502217087878538,-0.12280056730261195,-0.08177099409617941,0.04102957320643254,-0.0009123173259927219,-0.03465753084227147,2.2212849539405792,0.23825942927535765,1.7599336307318132,2.5716719280060527,0.8117382972742395,-0.013341626220274717,-0.5562116393832528,0.2489658532326324,0.014495316208308358,0.22634868261338503,0.2672919208456597,0.04094323823227469,0.0013857004403597369,0.034056073022454,1759776201.6909378,1759776203.5630217,bad
be176f54-cf2a-4d98-8798-4c27e5917335,5be1e58c-349b-43cc-85c8-65af84fc7ba6,0.01916146477063497,0.0005026049176884964,0.01835399866104126,0.020026206970214844,0.001672208309173584,4.479391821499527e-06,-5.227327346801758e-05,-0.007818237870862237,0.005353882893996247,-0.019077095625474702,0.0007458262957737123,0.019822921921248415,-0.00020414213591188722,0.0013711639044285424,0.010567514474193256,0.0003816182963707582,0.009911227971315384,0.011187762022018433,0.0012765340507030487,-3.938304718264748e-05,-0.00122939795255661,-0.11536194984278952,0.010113334103275022,-0.1374767685077304,-0.10022285194979583,0.037253916557934585,-0.0003414860795435291,0.00201693472528483,2.1404607437287013,0.17322948760339044,1.7531878665390321,2.393151639233518,0.639963772694486,0.0042526642287695985,0.1431346338976165,0.26979821648510305,0.0033994998031474663,0.26392543575119326,0.27710624277431806,0.013180807023124796,0.0001617472868770175,0.007646352678365553,1759776203.6260214,1759776205.4199498,bad
be176f54-cf2a-4d98-8798-4c27e5917335,5be1e58c-349b-43cc-85c8-65af84fc7ba6,0.01982618769009908,0.00041279063335582255,0.019214391708374023,0.020773649215698242,0.0015592575073242188,2.6895936259438385e-05,0.0012183189392089844,-0.007706662339595936,0.0031541935431170978,-0.01574970016383515,-0.000953671971248445,0.014796028192586705,4.013488570722188e-05,0.0075990763739304315,0.010234924033284187,0.00048467318269309245,0.009654391556978226,0.0110708549618721,0.0014164634048938751,4.029480100208448e-05,0.000491023063659668,-0.11512259031986566,0.006538988878474888,-0.1286665458912153,-0.1022965292993287,0.02637001659188659,6.598536485459754e-05,0.012151605835692345,2.246700261072561,0.12452012952065622,1.9560093955741866,2.4599179245416907,0.503908528967504,-0.0017142314114733084,0.14948638220143007,0.27111457682974444,0.0038363508050496733,0.26292890264099256,0.2776503855339801,0.014721482892987525,-7.108600395752497e-05,0.005549427828192566,1759776205.4789498,1759776207.2956142,bad
be176f54-cf2a-4d98-8798-4c27e5917335,5be1e58c-349b-43cc-85c8-65af84fc7ba6,0.01951746145884196,0.0008206049663387686,0.017704486846923828,0.02058994770050049,0.00288546085357666,-7.310332657895708e-05,-0.0016456246376037598,-0.006635568448436226,0.0039788580346534,-0.017395918611222153,-0.0007183920597622416,0.01667752655145991,-9.180698783945234e-05,-0.007750529818240974,0.010418121019999187,0.0001491020398353787,0.010151468217372894,0.010610748082399368,0.000459279865026474,-3.940463729111584e-06,-0.0003804899752140045,-0.11320098537389796,0.007787742464890052,-0.1352095928541184,-0.10113916566051079,0.034070427193607616,-0.00013644454012145564,-0.009450948771050696,2.109455887796375,0.17136633960408615,1.8178439513003406,2.46283039604723,0.6449864447468894,-0.002167712395847394,-0.343918810758046,0.2691666753079543,0.006315525663741981,0.2563169946585419,0.28000759412808973,0.023690599469547824,-0.0005320225765674207,-0.011301794144619681,1759776207.3556137,1759776209.1379118,bad
be176f54-cf2a-4d98-8798-4c27e5917335,5be1e58c-349b-43cc-85c8-65af84fc7ba6,0.019676786661148072,0.000438361493195016,0.018796920776367188,0.02104341983795166,0.0022464990615844727,3.4715217000517885e-05,0.0013616085052490234,-0.004954674335880856,0.00430314088652726,-0.014010157835152944,0.003974846060097032,0.017985003895249978,-0.0002691178705484536,-0.002338317242268407,0.009704257672031721,0.0003747727298094662,0.008950687944889069,0.01018773764371872,0.0012370496988296509,-3.586167736896816e-05,-0.0010727085173130035,-0.1112175474830639,0.007324739789025528,-0.13039728094216388,-0.09264192484626499,0.03775535609589889,-0.00033531549276271495,-0.009112766144108886,2.1667798541386882,0.1685484290912571,1.8635247393817507,2.4405723647678568,0.5770476253861061,0.002429957128769923,-0.06460178514181836,0.26326588035468496,0.017251012844532756,0.2246127142893813,0.27857937867635385,0.05396666438697256,-0.0012661346254034926,-0.029855533042276144,1759776209.2519114,1759776210.9930677,bad
be176f54-cf2a-4d98-8798-4c27e5917335,5be1e58c-349b-43cc-85c8-65af84fc7ba6,0.027313021818796794,0.005833279427901779,0.020005345344543457,0.045393407344818115,0.025388062000274658,0.0004980662508191202,0.025388062000274658,-0.008565245415389128,0.006758032209931306,-0.020831254541844427,0.001029974107570033,0.02186122864941446,-0.00023970916095652047,-0.006599119910727333,0.008411656568447749,0.0005019211093153512,0.007451426237821579,0.00931931659579277,0.0018678903579711914,-3.6883267995645524e-05,-0.0018678903579711914,-0.11160845431115711,0.011841242949013111,-0.13360148009295572,-0.08982067209694664,0.043780807996009086,0.00021193777324962136,0.010360695279134732,2.24438826299874,0.22001141402984997,1.9160921871983991,2.665372051189704,0.749279863991305,0.004476577594641491,-0.10181608789453023,0.270691581232499,0.040247579780742775,0.1606526833420583,0.3252109476895217,0.1645582643474634,0.0036795643210925486,0.043508482670681414,1759776211.0570817,1759776212.9467435,bad
be176f54-cf2a-4d98-8798-4c27e5917335,5be1e58c-349b-43cc-85c8-65af84fc7ba6,0.03180707693099975,0.012873413015827352,0.004712104797363281,0.05052274465560913,0.04581063985824585,1.300826619012913e-07,-0.010951817035675049,-0.014558946713149706,0.0071456133585248525,-0.02915452558177655,6.915237914319459e-05,0.029223677960919747,0.0006234663846052594,5.991453800944374e-05,-0.0007484187682469686,0.007676742059975214,-0.018986418843269348,0.008336562663316727,0.027322981506586075,6.630634339951038e-05,0.0008063316345214844,-0.22578831460541252,0.18806791018330252,-0.6199868342942262,-0.10949836993744096,0.5104884643567852,0.0013840839162976234,-0.023059338855938208,1.9921994453366947,0.17981502869506064,1.7442682792982802,2.450831620500473,0.706563341202193,-0.012455910147902463,-0.19631747740181882,0.04978979784412941,0.5263175236203027,-1.0,0.42636702299374185,1.426367022993742,0.003889005978202383,-0.010720695553505188,1759776213.011742,1759776214.8735662,bad
be176f54-cf2a-4d98-8798-4c27e5917335,5be1e58c-349b-43cc-85c8-65af84fc7ba6,0.03176092505455017,0.0038478027664044347,0.026873886585235596,0.03691279888153076,0.010038912296295166,0.00020971188158028914,-0.0018016695976257324,-0.010600358273204097,0.005106656527419194,-0.018797561805644257,0.00132661674432504,0.0201241785499693,0.0004882572429593288,0.01905770650915594,0.008577107762296995,0.00032707846514838174,0.008166976273059845,0.009296257048845291,0.0011292807757854462,-3.058479495918393e-05,-0.0002851337194442749,-0.1216909893749852,0.008078368642414359,-0.13591682408917602,-0.10372776767509,0.03218905641408602,0.0007637365099413087,0.02780154913827089,2.0554386429345626,0.1783017558388152,1.6773489819900436,2.3153169345497964,0.6379679525597528,0.010242127563457317,0.2551731842051974,0.2639629225572356,0.009341151468255671,0.23634173058898153,0.2737888197319523,0.03744708914297076,0.00012112755356629895,0.013008771256018514,1759776214.9320934,1759776216.7542415,bad
be176f54-cf2a-4d98-8798-4c27e5917335,5be1e58c-349b-43cc-85c8-65af84fc7ba6,0.030096002419789634,0.002781069187946182,0.026264727115631104,0.03526991605758667,0.009005188941955566,-0.0002508714546483669,-0.006549239158630371,-0.011363432837929434,0.002246456141534919,-0.01518258329731408,-0.00731407673559527,0.007868506561718811,-0.00011491865839896085,-0.006112360597714148,0.010364266981681188,0.0011560013752146857,0.008494630455970764,0.011919327080249786,0.003424696624279022,0.00010301453518257522,0.0024191848933696747,-0.13444304833492587,0.0059396427481388046,-0.14549782749844678,-0.12204191757300566,0.023455909925441124,-0.0005262139242799098,-0.01604137443218033,2.028481677571261,0.12127455847908862,1.7746757406517673,2.302042280725496,0.5273665400737286,0.0006855618597764255,-0.048668406616672044,0.27554262880217445,0.004450644631813285,0.2636718422870885,0.2839714256361196,0.020299583349031092,0.00021513734298145786,0.0009210285235262683,1759776216.8178864,1759776218.6401658,bad
be176f54-cf2a-4d98-8798-4c27e5917335,5be1e58c-349b-43cc-85c8-65af84fc7ba6,0.027931390206019084,0.001616113850699509,0.02477264404296875,0.031137287616729736,0.006364643573760986,-7.82612168351323e-05,0.00020116567611694336,-0.012515261484859937,0.0032500302870770072,-0.018658367434878084,-0.007692154646609315,0.01096621278826877,-6.179199289252333e-05,-0.005812350083611785,0.012123953551054,0.0006404412898844319,0.011068709194660187,0.013118837028741837,0.0020501278340816498,7.317288466900156e-05,0.0020045265555381775,-0.13615035829055877,0.006531220120274085,-0.153750642998668,-0.12328983388606665,0.03046080911260135,0.00017408382138245333,-0.003102770541373423,1.9475210869197346,0.14002815923781334,1.5664700518175738,2.169119258853666,0.602649207036092,-0.009759625482145233,-0.42491896260006334,0.2817518244167113,0.014913729558153557,0.2589806817859039,0.3066256689012291,0.04764498711532522,0.0011057945688465408,0.010441933893842237,1759776218.6998396,1759776220.515986,bad
be176f54-cf2a-4d98-8798-4c27e5917335,5be1e58c-349b-43cc-85c8-65af84fc7ba6,0.029225496451059978,0.0006385698931726595,0.028134286403656006,0.030501961708068848,0.002367675304412842,5.747691144932629e-06,0.001215517520904541,-0.013656228727345216,0.0031823630677408152,-0.01954398446213849,-0.007380592313205527,0.012163392148932965,-5.511818616201391e-05,-0.004411346785885681,0.013757053265968959,0.00025665471463432235,0.013116210699081421,0.014211740344762802,0.0010955296456813812,-9.727854285807708e-06,0.00030833855271339417,-0.13942682815695162,0.006365373622220577,-0.15127959971186294,-0.12738667141471155,0.023892928297151395,-0.0001356931568613156,-0.013623660043134977,1.9480613246159182,0.12365595156052814,1.6615067967030315,2.168424294755672,0.5069174980526407,-0.0029873042901757342,-0.1538325879368252,0.2716173672883501,0.007558468394234369,0.2601667728246754,0.28927777329708604,0.029111000472410664,0.0001851173744915612,-0.0035353350140336914,1759776220.5799859,1759776222.3842137,bad
be176f54-cf2a-4d98-8798-4c27e5917335,5be1e58c-349b-43cc-85c8-65af84fc7ba6,0.02762520710627238,0.0015500364863008996,0.025530219078063965,0.02969658374786377,0.004166364669799805,-0.00016434720413836012,-0.003186523914337158,-0.012680287474880318,0.004826931732546852,-0.019872419861052527,-0.0026121158134063474,0.01726030404764618,0.0002485857692621125,0.006170759590917279,0.013277639572819074,0.0003133112461719435,0.012770798057317734,0.01393367350101471,0.0011628754436969757,1.7389186862048105e-05,0.0004690103232860565,-0.14154136199283124,0.006870176854103012,-0.1559672970301132,-0.12827974979768622,0.027687547232426973,0.00022781042110416676,0.008081561531302461,1.9484734972690023,0.13107883071396684,1.7354817313868705,2.1820814317190886,0.4465997003322182,-0.00019785363349245454,0.09113891549566655,0.2867170527621847,0.012236828997988725,0.26033179972719583,0.3040027606223664,0.043670960895170585,-0.001130400084902741,-0.025540939720201827,1759776222.4432135,1759776224.247489,bad
be176f54-cf2a-4d98-8798-4c27e5917335,5be1e58c-349b-43cc-85c8-65af84fc7ba6,0.027028284470240273,0.0006060710448862368,0.025333762168884277,0.027850806713104248,0.0025170445442199707,4.388486450585693e-05,0.00034618377685546875,-0.012627986584927463,0.0038966449690218804,-0.018839491878618823,-0.006283102122023032,0.01255638975659579,-0.00025393795948304546,1.791710748792752e-05,0.013590376699964206,0.00010788301860272033,0.013473231345415115,0.013849973678588867,0.00037674233317375183,-5.897669094688237e-07,-0.000309675931930542,-0.141999212279669,0.007264566627342292,-0.15476736530121007,-0.12560477200275114,0.02916259329845894,-0.0004652737738069607,-0.0025410986574155026,1.9717438764763524,0.11453375377731541,1.7266299134386602,2.1934715957422335,0.46684168230357326,-0.0009490830450272588,0.1225638041307684,0.25502971048243983,0.006058648102493665,0.246325221021961,0.2655180409359418,0.01919281991398078,-0.0005941669448070181,-0.01564091849274432,1759776224.30949,1759776226.1065118,bad
be176f54-cf2a-4d98-8798-4c27e5917335,5be1e58c-349b-43cc-85c8-65af84fc7ba6,0.02671111226081848,0.0005347024912206652,0.025384962558746338,0.02798771858215332,0.0026027560234069824,2.02855093195388e-05,-0.0007103681564331055,-0.007840667933995618,0.003465700135022278,-0.01332886992655655,0.0009784792629289787,0.014307349189485528,0.00018002423800644976,0.0013952779062356025,0.01346339558561643,0.0001889153737536218,0.013063158839941025,0.013724371790885925,0.0006612129509449005,-1.672766066764433e-05,-0.00042513012886047363,-0.13418892781753464,0.0066201107811608186,-0.1471189142639784,-0.11913480511530268,0.02798410914867573,0.00016999004946648515,-0.0008967585625568042,2.089056239673644,0.10611165821641258,1.8286493963559178,2.320896278001052,0.49224688164513397,0.002626856516176163,-0.00091664643806455,0.2571863487349856,0.006654469594378904,0.24483073994141383,0.27075302561203457,0.025922285670620743,0.00029515420960182976,0.011237758609085685,1759776226.1651673,1759776227.979085,bad
be176f54-cf2a-4d98-8798-4c27e5917335,5be1e58c-349b-43cc-85c8-65af84fc7ba6,0.02639896273612976,0.0007070349011321231,0.025435209274291992,0.028411149978637695,0.002975940704345703,1.4857203597088943e-05,0.0010973215103149414,-0.010484246211150912,0.003449320478424447,-0.015662236389124347,-0.003206478807667515,0.012455757581456832,7.411697793194391e-06,-0.00043667897685801746,0.013112617656588554,0.00012329193069114078,0.012878801673650742,0.013375278562307358,0.0004964768886566162,-7.0525281487635696e-06,-2.8014183044433594e-06,-0.13953636998175709,0.005315075532982051,-0.14887151542600993,-0.12946987948835503,0.0194016359376549,0.00012319536293853016,0.00048049447149364766,1.969681068833812,0.09479430129118616,1.7556449769368674,2.1378814658188103,0.38223648888194295,-0.0008292178339316958,0.10833848439386129,0.2588915948692215,0.007013106657175291,0.2470955589568924,0.27630404636399664,0.029208487407104244,0.0006560473731971101,0.007234422591572198,1759776228.0380845,1759776229.8400376,bad
be176f54-cf2a-4d98-8798-4c27e5917335,5be1e58c-349b-43cc-85c8-65af84fc7ba6,0.02780491511027018,0.0008812515928453766,0.02610081434249878,0.029941856861114502,0.0038410425186157227,-1.5107012696738237e-05,-0.002291738986968994,-0.00676150685396321,0.003788421123460723,-0.015327907204852439,0.0010498445839194261,0.016377751788771863,-0.00026904828023743637,-0.004316743111198485,0.012927631412943204,0.00014258717929458112,0.012656763195991516,0.013169374316930771,0.0005126111209392548,-7.681128412518273e-06,-8.299946784973145e-05,-0.13449375374751152,0.006941501298532201,-0.14805678610443487,-0.12034668589088338,0.027710100213551497,-0.00047489295192123425,-0.009323586130542044,2.0535670069262664,0.15962744715237676,1.8150505068495157,2.3848608318525177,0.569810325003002,-0.0038073471310952067,0.09496498336071646,0.2564454586508064,0.0028288548589497763,0.2518424717900096,0.26195498904831876,0.01011251725830914,2.466129496639299e-05,0.00043677969759753354,1759776229.9000373,1759776231.6945455,bad
be176f54-cf2a-4d98-8798-4c27e5917335,5be1e58c-349b-43cc-85c8-65af84fc7ba6,0.02612446149190267,0.0006588552563103211,0.025021851062774658,0.02779257297515869,0.002770721912384033,-1.5567645878096976e-05,-0.00046688318252563477,-0.009939141790972156,0.004083837970520904,-0.016923742207123015,-0.0006209930468767421,0.016302749160246273,6.074338049174686e-05,0.006128223300020188,0.012625145415465036,0.00020802155003055077,0.01228582113981247,0.013013046234846115,0.0007272250950336456,-4.888553839504255e-06,0.00011407583951950073,-0.1371086066882059,0.007491045387078345,-0.15036400690677168,-0.12143362571101132,0.028930381195760357,0.0002094267673354834,0.013234478715755699,1.9727271235856667,0.12834048922683294,1.7041117918489017,2.2243085048675724,0.5201967130186707,-0.0019664834334156907,-0.26311607545594073,0.266425338456575,0.005584979681092645,0.25627111845398026,0.2746458127199446,0.01837469426596433,0.0004804458666094845,0.010330747814731034,1759776231.753545,1759776233.5485246,bad
be176f54-cf2a-4d98-8798-4c27e5917335,5be1e58c-349b-43cc-85c8-65af84fc7ba6,0.025436226526896158,0.0007906288225191865,0.02420419454574585,0.02694106101989746,0.0027368664741516113,2.189517949393912e-05,-0.0003592371940612793,-0.010391261362842012,0.0035579917032461474,-0.01951700776458618,-0.0047067671295936385,0.01481024063499254,-0.00013135617757310345,-0.004936600936979129,0.013082509612043698,0.0003919433913144153,0.012461435049772263,0.01364060863852501,0.0011791735887527466,3.1806202864355184e-05,0.00044937804341316223,-0.14081438965066712,0.006979216841126684,-0.15840409903167946,-0.13141183428910758,0.02699226474257188,-0.00016652627142212543,-0.004985918403555556,1.971768609681181,0.1335972580158263,1.6098251788434494,2.1946973820288687,0.5848722031854192,-0.0030702391111140375,-0.012647273218915123,0.2590332270313139,0.009440124092194541,0.2451993425016767,0.27641459527360007,0.031215252771923385,-0.0009385844216633216,-0.011593617779192544,1759776233.6085246,1759776235.4153507,bad
be176f54-cf2a-4d98-8798-4c27e5917335,5be1e58c-349b-43cc-85c8-65af84fc7ba6,0.026786468426386514,0.0008309168319268517,0.0242498517036438,0.02846217155456543,0.004212319850921631,1.96867047480667e-05,0.0019676685333251953,-0.011857864175539894,0.004841076284600906,-0.02109169249711537,-0.0015400530961963816,0.019551639400918988,-0.00016491307809240834,-0.00032816596872624684,0.012996261815230052,0.00019510188805097072,0.012648850679397583,0.013284556567668915,0.0006357058882713318,-2.027986378505312e-05,-0.0005132928490638733,-0.14384741822356262,0.010224592379824373,-0.16407734510967892,-0.12343608316453367,0.04064126194514525,-0.0005580529865500287,-0.008382133943167808,1.969110864458391,0.13771295547348492,1.7105001378068645,2.2292056024729163,0.5187054646660518,-0.002910476538035575,0.3029917633014658,0.25820663764833546,0.003940740264450703,0.2501536540095831,0.2665665033610283,0.016412849351445158,-1.4302860754477929e-05,-0.00017713312316863794,1759776235.47936,1759776237.2688293,bad
be176f54-cf2a-4d98-8798-4c27e5917335,5be1e58c-349b-43cc-85c8-65af84fc7ba6,0.026087703307469685,0.0006490766425808193,0.024770617485046387,0.027109205722808838,0.002338588237762451,-2.1095708161758235e-05,0.00046503543853759766,-0.0073370860736323975,0.004686538990911675,-0.014765943190672825,0.002897260024037404,0.017663203214710228,-0.0002538243057978797,-0.004336209442266195,0.01211923211812973,0.00018556203299748998,0.011867705732584,0.012652497738599777,0.0007847920060157776,-1.616724440465382e-05,-0.0006009936332702637,-0.13595924433941342,0.006716239647641268,-0.15368914931496355,-0.12655095673820874,0.027138192576754816,-3.8877554612518814e-05,-0.0011298892964171914,1.9504412650667022,0.09540479834932317,1.8077271449237842,2.1246003221508167,0.31687317722703257,-0.0014423866342861895,-0.01709289013994386,0.2610874933829396,0.009746968426856042,0.23968527758116712,0.2731720396484009,0.033486762067233805,-0.00039282194734481047,0.0008034707493370652,1759776237.3288302,1759776239.122763,bad
be176f54-cf2a-4d98-8798-4c27e5917335,5be1e58c-349b-43cc-85c8-65af84fc7ba6,0.02648786505063375,0.0005713205212451109,0.02512681484222412,0.027231156826019287,0.002104341983795166,-3.2093063477546935e-05,-0.001015782356262207,-0.006701594561205334,0.0034619336468550217,-0.012092656867436513,0.000478686264581533,0.012571343132018046,2.0161140273338066e-05,0.005985762088227082,0.011722667266925176,0.00022986218777992085,0.011218570172786713,0.012066587805747986,0.0008480176329612732,-2.1418576046940482e-05,-0.0008063651621341705,-0.13483321095402442,0.007916630580605285,-0.14785322094455242,-0.11657865402082171,0.03127456692373071,-0.00022721224604480152,0.007980544692056724,2.108268881353963,0.17207705357088648,1.7267504203158532,2.4409719743857945,0.7142215540699413,-0.006122184968036005,0.08419216839079846,0.27082181867989347,0.007017064363244149,0.2615761917759311,0.286646263229868,0.025070071453936915,0.00026794983575786116,-0.002200464895190657,1759776239.1827652,1759776240.9665642,bad
be176f54-cf2a-4d98-8798-4c27e5917335,5be1e58c-349b-43cc-85c8-65af84fc7ba6,0.02534474531809489,0.000615494786396319,0.02406388521194458,0.02640998363494873,0.0023460984230041504,-2.7621256496272442e-05,-0.0007044076919555664,-0.008888651450797782,0.003426714945497328,-0.013315263702073237,-0.0024767271440426864,0.010838536558030552,5.3914688865743486e-05,-0.003923139285613135,0.011489961296319962,0.0001487139330298182,0.011175315827131271,0.01172296330332756,0.0005476474761962891,-1.7657096977361184e-06,0.0002798140048980713,-0.1366844899303001,0.006769372742545559,-0.14717873426420391,-0.12475095557071013,0.022427778693493786,0.00020309518642701785,-0.007130630027265966,2.0552827809608285,0.1401414141196086,1.779665039418778,2.3834626298046264,0.6037975903858483,0.00927994218373685,0.13395230417574755,0.26638084278594687,0.01083127687305801,0.2424442215499453,0.29124344122865203,0.048799219678706734,0.0007639383858359462,0.013290081593712588,1759776241.0265636,1759776242.812407,bad
be176f54-cf2a-4d98-8798-4c27e5917335,5be1e58c-349b-43cc-85c8-65af84fc7ba6,0.02439114252726237,0.0003617757094692773,0.023610055446624756,0.025261223316192627,0.001651167869567871,-1.8994481995850968e-05,-0.0007903575897216797,-0.007010984613720078,0.003475407831638246,-0.014368971487740119,-0.0004274411357242642,0.013941530352015855,-0.00015535315407140185,0.00012568918260327973,0.0117715984582901,0.00012430188289151432,0.011632606387138367,0.012188825756311417,0.0005562193691730499,-2.193848734039884e-06,-5.258619785308838e-05,-0.1350435828350135,0.0069334063743023465,-0.1498900099784769,-0.1191910587252335,0.0306989512532434,-0.00035799852373673817,-0.0023795776187882645,2.016561002396237,0.11366294200440287,1.8173700677479432,2.2470938708872787,0.42972380313933556,-0.0016115102589271838,-0.16705211508529483,0.26687675181386844,0.005922465568643693,0.25615196775602145,0.27549261099581207,0.019340643239790622,0.00033087503786480516,-0.004566275277655629,1759776242.872923,1759776244.660297,bad
be176f54-cf2a-4d98-8798-4c27e5917335,5be1e58c-349b-43cc-85c8-65af84fc7ba6,0.02478550871213277,0.0008380024516946396,0.022999584674835205,0.025985300540924072,0.002985715866088867,6.745022051326425e-05,0.0010794401168823242,-0.010511194843058663,0.0030257302308525,-0.01909807750134872,-0.0027975511401517003,0.01630052636119702,0.00014373064306191658,0.004358673184173052,0.011804257581631342,0.00013929683733261106,0.0115843266248703,0.012048866599798203,0.0004645399749279022,1.1549208798053135e-05,-5.3942203521728516e-06,-0.1408742955686203,0.006156427352844536,-0.15747029189799544,-0.12685901915232078,0.030611272745674656,0.0003200994187467587,0.012004236885869907,1.9336418914672964,0.1493129141216216,1.644942323218077,2.206869523711762,0.561927200493685,-7.674763907603785e-05,0.3660173714343582,0.26297633991084834,0.004948466564745259,0.25357589143598214,0.2701728827751818,0.016596991339199674,-0.00035960932728111957,-0.011882574150980263,1759776244.7222977,1759776246.5264382,bad
be176f54-cf2a-4d98-8798-4c27e5917335,5be1e58c-349b-43cc-85c8-65af84fc7ba6,0.02536157766977946,0.0008186712926262223,0.023785114288330078,0.026751995086669922,0.0029668807983398438,-3.966972215289667e-05,-0.0007765889167785645,-0.011060289075268253,0.0035704718160339353,-0.016885954623285696,-0.0030642870260621973,0.013821667597223499,-0.00018127692354473433,-0.0029393486336773368,0.011537493641177813,0.00019331305289810785,0.01124296709895134,0.01194591075181961,0.0007029436528682709,-1.894584603118684e-05,-0.0005778707563877106,-0.1423592315712443,0.007969793669551408,-0.15435199507159122,-0.12876247415985412,0.025589520911737107,-0.0001935859714031354,-0.006131186993694082,1.9016649142243263,0.13717529911189197,1.666331456998036,2.1509394423915125,0.4846079853934764,-0.010698417184687383,-0.3265735237403591,0.2627201446712534,0.006882454130954786,0.25109379761834344,0.2768325784707175,0.025738780852374077,0.0006236362826065813,0.010075561426856727,1759776246.5854392,1759776248.3641186,bad
be176f54-cf2a-4d98-8798-4c27e5917335,5be1e58c-349b-43cc-85c8-65af84fc7ba6,0.024939556916554768,0.00034223234462351553,0.024290084838867188,0.025816679000854492,0.0015265941619873047,-1.6745656430389778e-05,0.0004978179931640625,-0.009177321199245815,0.0027939444919597876,-0.01648888188403257,-0.002291864356446384,0.014197017527586186,7.770123858917968e-06,-0.0009027258441849694,0.011040762315193813,0.00025962470270834563,0.010500922799110413,0.011402733623981476,0.0009018108248710632,-2.729838032345883e-05,-0.0009018108248710632,-0.14060909517739942,0.006175301698327546,-0.1554838346565739,-0.1310798041415901,0.0244040305149838,-0.0002143803360890364,-0.012539223473535394,1.9571826523830576,0.14097810691645035,1.7017183516353416,2.2367800573883616,0.53506170575302,0.003552130613757366,0.013686518016609694,0.26678254630213993,0.008461288631823669,0.24037565074286946,0.2773974292393831,0.03702177849651364,-0.00011421777273709645,-0.025477859938929565,1759776248.426119,1759776250.2281313,bad
be176f54-cf2a-4d98-8798-4c27e5917335,5be1e58c-349b-43cc-85c8-65af84fc7ba6,0.024609339237213135,0.0005830778851527577,0.023678302764892578,0.02566772699356079,0.001989424228668213,1.7261505126953126e-05,-0.0011273622512817383,-0.0095198466743554,0.004012280143877703,-0.0189855567191736,-0.002365418797712612,0.016620137921460987,-0.00016974477204761637,0.0007352413037010159,0.010773223017652829,0.0002377790956466542,0.010335009545087814,0.01115037128329277,0.0008153617382049561,2.2567492869327276e-05,0.0004688277840614319,-0.14147825151956608,0.0075721882009991155,-0.1589036690456381,-0.12264276995343701,0.03626089909220109,6.386942925249436e-06,0.009066028248489594,1.9564725436173904,0.11715372767324894,1.7103819772704236,2.269443110203011,0.5590611329325874,-0.001042962938091827,0.015025910274945042,0.2528134544029475,0.012360500865654567,0.23451305410159273,0.27193752372703656,0.037424469625443824,0.0010367789759748761,0.02222319809308218,1759776250.3051329,1759776252.1206672,bad
be176f54-cf2a-4d98-8798-4c27e5917335,5be1e58c-349b-43cc-85c8-65af84fc7ba6,0.025630442301432292,0.0006651642730567224,0.02425694465637207,0.026616156101226807,0.0023592114448547363,4.3516827372210445e-05,0.0020558834075927734,-0.007842256449477785,0.003477995806606381,-0.014691041598467654,8.760834700669865e-05,0.014778649945474353,-5.611691351856638e-05,-0.0010015056867828838,0.011124473437666893,0.00018603453646441032,0.010721150785684586,0.011455871164798737,0.000734720379114151,-8.41781430700597e-06,-0.00017542019486427307,-0.1394797187092039,0.00687065276129455,-0.15318363221915673,-0.1242791856436648,0.028904446575491932,-0.0002319491362971352,-0.0013442211308870855,2.09157437225045,0.11941398576100905,1.8338303995480727,2.2906054562553466,0.4567750567072739,-0.0026539012309076937,-0.24771279071792662,0.26871390265571093,0.010524796707463022,0.2348023290581344,0.28369807991727297,0.04889575085913858,4.7601098255924834e-05,-0.019955511814818527,1759776252.1816776,1759776253.9194572,bad
be176f54-cf2a-4d98-8798-4c27e5917335,5be1e58c-349b-43cc-85c8-65af84fc7ba6,0.025516523917516073,0.0003993475845294683,0.024533450603485107,0.026045799255371094,0.0015123486518859863,-1.5069420000867663e-05,0.00011616945266723633,-0.006236373946454268,0.003536840488495706,-0.01401743245022323,0.002864456898674169,0.016881889348897398,0.00020908438915104974,0.0068165163934990804,0.010959277426203092,0.00027306718624381913,0.010390348732471466,0.011242140084505081,0.0008517913520336151,2.5923257575549593e-05,0.0007049553096294403,-0.13427921724033098,0.0068991077752253984,-0.15147805618368188,-0.11789941646935302,0.03357863971432885,0.00047128861571523996,0.021535978161037944,2.0695388936111905,0.11430648623189225,1.8670791151281816,2.3093496079525457,0.44227049282436415,0.005437158170074708,0.08171448517201263,0.2603069925943588,0.0075802072456150095,0.23563702111335366,0.27224782527733565,0.03661080416398199,0.00041556677251243404,0.024201927999558115,1759776254.036459,1759776255.7988074,bad
be176f54-cf2a-4d98-8798-4c27e5917335,5be1e58c-349b-43cc-85c8-65af84fc7ba6,0.026805782318115236,0.00040629054788429806,0.026068806648254395,0.027479052543640137,0.0014102458953857422,1.7965569246862834e-05,0.0012053251266479492,-0.0062703659325211185,0.003914426253269046,-0.014853474322930575,0.001358476864031016,0.01621195118696159,1.3272426254832688e-05,-0.01169892818395927,0.011264863858620326,0.0002676041039270806,0.010687928646802902,0.011615388095378876,0.0009274594485759735,-2.4107284222349308e-05,-0.0006979107856750488,-0.13537802149353376,0.007179545983442549,-0.15536817957848023,-0.11901663909775756,0.03635154048072267,-0.00024769705689795093,-0.02728730712829794,2.0364064329398266,0.09895834123622516,1.8338952190611406,2.18428125689226,0.3503860378311192,0.0030209868985204636,0.2214664504139119,0.25579057583068854,0.006144809661136942,0.2477652241095912,0.26877110985801966,0.02100588574842846,6.826551891159215e-05,0.0028338113859447955,1759776255.8598115,1759776257.6638963,bad
be176f54-cf2a-4d98-8798-4c27e5917335,5be1e58c-349b-43cc-85c8-65af84fc7ba6,0.023272387186686196,0.002693255253749722,0.020324230194091797,0.027731895446777344,0.007407665252685547,-0.00025748909514260637,-0.00567936897277832,-0.007678951444781901,0.0023760206650029693,-0.01350763685615414,-0.0029828180730296855,0.010524818783124456,-2.488365356401739e-05,-0.0017031355745573008,0.0114023024837176,0.00044709502961036104,0.010511863976716995,0.011986970901489258,0.0014751069247722626,4.372047768021054e-05,0.0008503422141075134,-0.1419689513897952,0.003983809450097529,-0.149115830199676,-0.1342068305175748,0.014908999682101215,-4.649419990959947e-05,-0.004027632622757071,1.8821611690458506,0.13900121813462588,1.5703634252974563,2.161683808596399,0.5913203832989429,0.0019089728036258086,0.14875009488283886,0.25189889314992536,0.008687109466087885,0.2397604635830876,0.2722968873294363,0.032536423746348686,-0.0005883062610917717,-0.014366260892388433,1759776257.7238936,1759776259.585241,bad
be176f54-cf2a-4d98-8798-4c27e5917335,5be1e58c-349b-43cc-85c8-65af84fc7ba6,0.021772513786951702,0.0010026970432418247,0.019110143184661865,0.024547934532165527,0.005437791347503662,2.6287982142939582e-05,0.0028151869773864746,-0.0066422289872035125,0.003176702818677401,-0.011225798917000873,0.0019257958031929246,0.013151594720193798,-0.00020590053501955347,-0.005079499972827391,0.011466363196571667,0.0001233280511279977,0.011036716401576996,0.01162506639957428,0.0005883499979972839,-7.09528238144812e-06,-0.0004763565957546234,-0.13840927464094585,0.006388523217866299,-0.14876092437562596,-0.1236388038708175,0.025122120504808457,-0.0001893716450263191,0.002446248751393515,1.8950437015376136,0.14612902368761563,1.4847353539147479,2.154405420120047,0.669670066205299,-0.0004084753618876006,-0.03495599170668262,0.2335355298817081,0.031098359395937383,0.14627017462722092,0.2594168243139936,0.11314664968677268,-0.0017752424176843012,-0.06146646807854389,1759776259.646241,1759776261.5102365,bad
be176f54-cf2a-4d98-8798-4c27e5917335,5be1e58c-349b-43cc-85c8-65af84fc7ba6,0.02442496418952942,0.005138381452054683,0.013872742652893066,0.035898685455322266,0.0220259428024292,0.0001865289765549979,0.010267496109008789,-0.01872241099051539,0.00825753803234319,-0.02984527722571901,-0.004571917320605554,0.025273359905113455,-0.0007969092658001964,-0.018442765784302435,0.012138491248091061,0.0012634444455259344,0.010481629520654678,0.013974107801914215,0.0034924782812595367,0.00014218549690601955,0.0030614472925662994,-0.1343917542024328,0.011930708212881544,-0.15934610656010184,-0.113390657855991,0.045955448704110835,0.0008242610306041329,0.0007975186505787268,1.6464013379678457,0.2533959912057876,1.1917314732112354,2.0287207591707643,0.8369892859595289,-0.02482322860643841,-0.3050630872675635,0.237473449829754,0.02248211757236199,0.19514808474014106,0.2695242442162404,0.07437615947609932,0.0010032383447340883,0.055622030768239517,1759776261.5722408,1759776263.4593363,bad
be176f54-cf2a-4d98-8798-4c27e5917335,5be1e58c-349b-43cc-85c8-65af84fc7ba6,0.04326141079266866,0.013587972670436375,0.02586764097213745,0.07261621952056885,0.046748578548431396,-0.0002537222274551138,0.03236192464828491,-0.015581400597033135,0.010195919363087683,-0.028073167523087885,0.00804014344854201,0.0361133109716299,0.0005176911947732492,0.00457347640138734,0.0034372184425592424,0.009867212379609882,-0.008732177317142487,0.020847462117671967,0.029579639434814453,0.0006304630655401673,0.00711296871304512,-0.1564733059768189,0.028966207246243422,-0.21711065866841303,-0.10211744228823784,0.11499321638017519,0.001183636760713184,0.008565502923202462,1.671630858868434,0.2585493839655215,1.283212564770188,2.2268532289773915,0.9436406642072035,-0.01749191773680494,-0.19175855376208029,0.2335629494095271,0.08589524108441829,0.054880633538574,0.35713855597116656,0.30225792243259253,0.005062628835849993,-0.09590994016174087,1759776263.5243332,1759776265.3572412,bad
be176f54-cf2a-4d98-8798-4c27e5917335,5be1e58c-349b-43cc-85c8-65af84fc7ba6,0.054359330733617144,0.008687484024514334,0.04001414775848389,0.06853997707366943,0.028525829315185547,-0.0009799820827827836,-0.028107047080993652,-0.02695200115415349,0.019844396856854078,-0.059810460742205855,0.00028210326381643584,0.06009256400602229,-0.00015593027862854245,0.007612682598413743,0.02156628407537937,0.0010162368388582567,0.01996881142258644,0.0228084996342659,0.0028396882116794586,-5.590590058895319e-05,-0.0013637319207191467,-0.1378630913404684,0.03066988706289019,-0.18720246496789394,-0.07960947650844998,0.10759298845944397,0.0006485505398623848,0.015073948291241715,1.12123576707968,0.2590473042242602,0.5690760840503081,1.5063439437240707,0.9372678596737626,-0.0014017689841208255,-0.2772107383776963,0.16921550878196936,0.014463321162157044,0.1391622301829472,0.19351151485935428,0.05434928467640707,-0.001029661601209261,-0.010934465923372438,1759776265.418241,1759776267.2554367,bad
be176f54-cf2a-4d98-8798-4c27e5917335,5be1e58c-349b-43cc-85c8-65af84fc7ba6,0.024082982540130617,0.007994807109468845,0.013986766338348389,0.03842657804489136,0.02443981170654297,-0.00043093694065250986,-0.011523842811584473,-0.026395634552125177,0.01495169708536647,-0.050062106081514034,-0.0030987404113256363,0.0469633656701884,0.0004063073165821317,-0.0022679286057086926,0.018886246408025425,0.0007345667096122996,0.017070170491933823,0.020152058452367783,0.00308188796043396,-6.932145744993105e-05,-0.00308188796043396,-0.13443367522059238,0.023400618857644762,-0.1652790011284738,-0.0833479672514676,0.08193103387700619,-0.0009341407956155854,-0.035325243160342065,0.9334718224398076,0.27480465195782317,0.5295602101077701,1.653660782852989,1.124100572745219,0.024030069059436717,0.8866592709590677,0.14959087909255184,0.011380338341869922,0.12935364277985908,0.16550058754216196,0.036146944762302874,-0.0002330654785217008,0.025540939720201855,1759776267.322436,1759776269.198589,bad
be176f54-cf2a-4d98-8798-4c27e5917335,5be1e58c-349b-43cc-85c8-65af84fc7ba6,0.022704565525054933,0.0015711369393966823,0.01925593614578247,0.026845574378967285,0.0075896382331848145,-9.543280447683026e-05,-0.005649447441101074,-0.005633694540396698,0.005842452954190277,-0.018280996778106982,0.008384374192215141,0.026665370970322122,-0.0003866334583358517,-0.006567461863662196,0.01601983035604159,0.0003461902963002917,0.015268515795469284,0.016766682267189026,0.0014981664717197418,-2.0810156165558982e-05,-0.0005214400589466095,-0.12000722824917415,0.00838358917557474,-0.1414333831181581,-0.10441157984458896,0.03702180327356913,-0.0004255378598146501,0.00016092676627268987,1.5740423552903686,0.140241301198046,1.298078695323599,1.8506962191498753,0.5526175238262763,0.0005147338278763649,-0.07085582570009685,0.16892226213549577,0.010776843708590576,0.14316747770898408,0.1904228356702891,0.047255357961305006,0.0007245203442943907,0.019021421316382348,1759776269.26259,1759776271.11324,bad
be176f54-cf2a-4d98-8798-4c27e5917335,5be1e58c-349b-43cc-85c8-65af84fc7ba6,0.019973117113113403,0.0012681047861382191,0.01805710792541504,0.022275924682617188,0.0042188167572021484,-0.00011920821547375638,-0.0020375847816467285,-0.007124319299587478,0.0041684039710993435,-0.018569994333283494,0.003653786312573703,0.022223780645857196,-0.00022842213398731348,-0.007159568380100636,0.016547416647275288,0.00029164746645338576,0.016128510236740112,0.017107181251049042,0.0009786710143089294,3.0931755817506684e-05,0.0005635097622871399,-0.12052606910755313,0.008901831311772765,-0.14418495995193356,-0.09814731386107813,0.046037646090855436,-0.0006412651786997286,-0.016514397625308846,1.2949847438152704,0.24487987803527494,0.8718438663541189,1.7200274799184376,0.8481836135643187,-0.007484461264100695,-0.06235662478488502,0.20121701810702733,0.021137045423935286,0.15457631633091434,0.2278380663378698,0.07326175000695545,0.0022511879114087093,0.04762778353861463,1759776271.1842368,1759776272.9537702,bad
be176f54-cf2a-4d98-8798-4c27e5917335,5be1e58c-349b-43cc-85c8-65af84fc7ba6,0.01229859987894694,0.004393755195528562,0.008059084415435791,0.018959522247314453,0.010900437831878662,-0.00022361567606517556,-9.119510650634766e-06,-0.015584814502037574,0.006353164993274547,-0.02382411874657123,-0.00293216519772547,0.02089195354884576,-0.000570890612424387,-0.007740864010254066,0.016968040789167086,0.00027184801824334503,0.01655355468392372,0.017419829964637756,0.000866275280714035,-1.59924259374086e-05,-0.00014155730605125427,-0.1237886079247868,0.0049316923005027265,-0.13435458649621,-0.11422224013762004,0.020132346358589945,6.316737430512425e-05,0.004065784694260666,1.226737127102609,0.21344875765269383,0.8506673304484585,1.664137385045813,0.8134700545973544,-0.005634656543383932,-0.6126063142592268,0.19800192448761442,0.0173326947889244,0.14111738481763447,0.21690296324498956,0.07578557842735509,-0.0012601272296881192,-0.05528942828516739,1759776273.0137699,1759776274.8061333,bad
be176f54-cf2a-4d98-8798-4c27e5917335,5be1e58c-349b-43cc-85c8-65af84fc7ba6,0.016481947898864747,0.0022196331311995065,0.012194216251373291,0.021398186683654785,0.009203970432281494,6.192030180017729e-05,0.0010027885437011719,-0.0163195113322341,0.0040478509559996965,-0.026887708375592484,-0.009274619175810895,0.01761308919978159,-0.0002751779518745659,-0.00610629841848891,0.01550922505557537,0.0005817551063934319,0.01433265209197998,0.016443952918052673,0.002111300826072693,1.3692120920962037e-05,-0.0004899501800537109,-0.12524366983159965,0.007125789766913428,-0.14015936586212144,-0.10895781126099933,0.031201554601122103,-0.0001900065359104987,-0.02097323297137453,1.556265662202416,0.11364018460970284,1.3676127238546338,1.8943874155049412,0.5267746916503073,-0.003138194341859751,-0.006277043576587982,0.18861814861486895,0.027653550116825344,0.10538491882015612,0.22243200164893245,0.11704708282877634,0.0016782538076636506,0.068188924970598,1759776274.866132,1759776276.6941383,bad
be176f54-cf2a-4d98-8798-4c27e5917335,5be1e58c-349b-43cc-85c8-65af84fc7ba6,0.016367908318837485,0.001823655756967227,0.013347387313842773,0.0193825364112854,0.006035149097442627,1.476824084696701e-05,-0.0059722065925598145,-0.01927823873216812,0.0032556699839793512,-0.026475042364221105,-0.01297571430791293,0.013499328056308175,-0.00021877990488808528,-0.0035623722641644935,0.01648147441446781,0.0004704358387348191,0.01566297933459282,0.01731286570429802,0.0016498863697052002,2.2348928139923147e-05,9.147822856903076e-05,-0.12896647004779588,0.004763698169825165,-0.1417863965824347,-0.12104928207570571,0.02073711450672898,-6.138922715964121e-05,0.003193359617943453,1.4337103384409995,0.13667699046579307,1.1716575267266,1.7358519319994117,0.5641944052728116,-0.0036344575058437447,0.020532850945052417,0.20930407969495515,0.021227618686430944,0.15644067431074,0.23904237354779592,0.08260169923705593,-0.0010334529369690826,0.008281610677643103,1759776276.7521586,1759776278.6017678,bad
be176f54-cf2a-4d98-8798-4c27e5917335,5be1e58c-349b-43cc-85c8-65af84fc7ba6,0.017255999644597373,0.002108201499336269,0.012171387672424316,0.019923686981201172,0.0077522993087768555,8.372354825691334e-05,0.005341172218322754,-0.020805443129854297,0.0027553055165891655,-0.025346635058989896,-0.012437796937993429,0.012908838120996467,3.7843402939073e-05,0.009517621383624542,0.013726636270682017,0.0008225432984297208,0.012937106192111969,0.01590421050786972,0.0029671043157577515,-7.281721765393015e-05,-0.002369176596403122,-0.14424571384173374,0.007272648804647443,-0.15340099069372898,-0.11831938663160269,0.03508160406212629,-0.0004927891119643033,-0.001953404095588279,1.4833306402642923,0.17378104480668352,1.1855224389872805,1.9390064621984842,0.7534840232112037,-0.008208875529637066,-0.33399622614909497,0.26405995285378187,0.009945851864155964,0.2406668372079345,0.2788906359809146,0.03822379877298013,0.00025999499771035774,0.0025486780312038715,1759776278.6647692,1759776280.5444944,bad
be176f54-cf2a-4d98-8798-4c27e5917335,5be1e58c-349b-43cc-85c8-65af84fc7ba6,0.01821564237276713,0.0024577380510155287,0.013939440250396729,0.02578502893447876,0.011845588684082031,0.00010183675668396064,0.007692813873291016,-0.013827282095191582,0.006420816175524701,-0.026904817192517045,0.00041368623177758613,0.02731850342429463,0.00014956636156897096,-0.006765189942725392,0.007397241269548734,0.0035390564043207688,0.0018395185470581055,0.013701505959033966,0.01186198741197586,-0.00034350250351415727,-0.011798378080129623,-0.15111575461013468,0.008253042801438014,-0.16970119237362769,-0.13566659806098305,0.034034594312644634,-7.925004579606039e-05,-0.02307514433108171,1.554638178487559,0.17111176742927642,1.1860371409763857,1.8733907783295387,0.687353637353153,0.004137614000443955,-0.2273065089894879,0.2981460259405615,0.03313786683268467,0.2412058826115341,0.35600057123023404,0.11479468861869993,0.0028178919999251578,0.11027843114740662,1759776280.6105027,1759776282.4758544,bad
be176f54-cf2a-4d98-8798-4c27e5917335,5be1e58c-349b-43cc-85c8-65af84fc7ba6,0.02098164757092794,0.004434806311262859,0.012627243995666504,0.03140687942504883,0.018779635429382324,0.00010919917014337355,0.0038667917251586914,-0.01410178655151664,0.011834581727978445,-0.0325191024093309,0.010291569455248666,0.04281067186457956,-0.00036564637517650034,0.005848453728775429,0.004508550837635994,0.0015315811602256441,0.0009620524942874908,0.006816152483224869,0.005854099988937378,-1.5252746550471947e-05,0.0015019886195659637,-0.13863835669367036,0.023219965249911826,-0.17969180330608586,-0.09638421212494477,0.08330759118114109,-0.00040346566657218106,0.02282456727887891,1.5857318261253692,0.3939700286529887,1.0766153804890952,2.4445415199568803,1.367926139467785,-0.012694884639240898,-0.025401307408442264,0.34377153615938705,0.012482579166678108,0.3258035153317766,0.36356632196586275,0.037762806634086155,0.00043627010374204853,-0.017966587196217798,1759776282.5368547,1759776284.3992257,bad
be176f54-cf2a-4d98-8798-4c27e5917335,5be1e58c-349b-43cc-85c8-65af84fc7ba6,0.025298436482747395,0.0036995060397996327,0.01981455087661743,0.0335695743560791,0.01375502347946167,-0.00030962195624498955,-0.012723147869110107,-0.010850091991639364,0.004983115116935418,-0.020105544331036423,-0.0025991831643925054,0.01750636116664392,0.00020878017879274658,0.007192741971972079,0.0017759031305710474,0.0014053002944883813,-0.0005856715142726898,0.004885364323854446,0.005471035838127136,-1.4613088928950377e-05,0.0006018355488777161,-0.11643714628839137,0.013276165881764102,-0.1379788206123794,-0.09189156846529464,0.046087252147084756,0.0005950378871545104,0.012935154370803933,1.3776606520583379,0.19550562564899532,0.9897048998789696,1.7874657279505413,0.7977608280715717,0.006232841475210953,-0.03420659644942303,0.35396345535786,0.017100878300397086,0.3258025595775149,0.3998884883428109,0.07408592876529596,0.0015824839703744956,0.019566838415060017,1759776284.461224,1759776286.3155587,bad
be176f54-cf2a-4d98-8798-4c27e5917335,5be1e58c-349b-43cc-85c8-65af84fc7ba6,0.024254560470581055,0.003518938387250726,0.018599331378936768,0.0338740348815918,0.01527470350265503,0.00010889549806995837,0.004155337810516357,-0.007202057767144903,0.005384436884770751,-0.0157137312337654,0.0038636050713139044,0.019577336305079306,-0.0004300075302640253,-0.006326153451724227,0.001085279881954193,0.0010524919268238408,-0.0005106069147586823,0.003182593733072281,0.003693200647830963,-7.611877130586925e-05,-0.002449601888656616,-0.11562038379933268,0.011334966350078919,-0.13626962836746492,-0.10080920660068922,0.035460421766775704,-0.0007535625940966453,-0.013181344523579913,1.34800763380101,0.23940087360507584,0.8795580461080164,1.6549789906304158,0.7754209445223994,0.02110779555986301,0.44105199712980725,0.3438999682931761,0.02625207546269313,0.2959906726465232,0.3827177258618365,0.08672705321531332,-0.00037491812205386524,0.018117277784812758,1759776286.3795571,1759776288.20707,bad
be176f54-cf2a-4d98-8798-4c27e5917335,5be1e58c-349b-43cc-85c8-65af84fc7ba6,0.021896539131800334,0.004309842985229862,0.014937400817871094,0.030656278133392334,0.01571887731552124,2.3385308873534085e-06,-0.0008497834205627441,-0.019126994096253108,0.006369871617312534,-0.03173997766379385,-0.00985719459935632,0.021882783064437528,0.00031367206318263347,-0.0025782111457204847,0.0018620871007442475,0.0025762510291974057,-0.001697048544883728,0.005531489849090576,0.007228538393974304,-7.62992460815209e-05,0.00043899938464164734,-0.14327913668537032,0.02324752646238361,-0.17975481512303473,-0.09912155846257645,0.08063325666045829,0.0012379078693175187,-0.007421172671596699,1.370240644132295,0.23035523380246511,1.0200270248028438,1.7999383656744814,0.7799113408716376,-0.00952189469719313,0.041548738966658005,0.360460120615333,0.021043652116343604,0.3320691216867374,0.39214433014499794,0.06007520845826053,-0.0007363780050467413,-0.006432544766004689,1759776288.2690704,1759776290.119731,bad
be176f54-cf2a-4d98-8798-4c27e5917335,5be1e58c-349b-43cc-85c8-65af84fc7ba6,0.027848847707112632,0.005680264017352194,0.01772594451904297,0.03937476873397827,0.021648824214935303,-5.303492668075473e-05,0.00925356149673462,-0.0218943283944143,0.004840687562328752,-0.027668921205084893,-0.011011534560162163,0.01665738664492273,-0.0003774983738729092,-2.226166926601672e-05,-0.0004380255937576294,0.0009254483151747827,-0.002219792455434799,0.000874638557434082,0.0030944310128688812,-7.842053494543599e-06,-0.0015284977853298187,-0.14501205689967778,0.014486438604941063,-0.16964253442204635,-0.11603268041944322,0.05360985400260314,-0.0011952360447576708,-0.0032763602260340863,1.4060018458347123,0.14905032370560195,1.1476783303645657,1.7449012848733325,0.5972229545087668,0.0008365421570378801,0.20822901741344824,0.38254608301592674,0.025450227133488375,0.3408104501642589,0.43284831122709333,0.0920378610628344,-0.0012312487089093597,0.00870341689180737,1759776290.1797316,1759776292.0471377,bad
be176f54-cf2a-4d98-8798-4c27e5917335,5be1e58c-349b-43cc-85c8-65af84fc7ba6,0.02468141516049703,0.00610471440564867,0.016471683979034424,0.03698885440826416,0.020517170429229736,-0.0005759109114115444,-0.014852285385131836,-0.021743299302649528,0.002931519030638678,-0.026431933534174966,-0.014330409292112907,0.012101524242062059,-0.00014064123185358692,-0.004394136932640697,0.00042376890778541567,0.0018195264460195123,-0.0022356659173965454,0.003445841372013092,0.0056815072894096375,0.0001499835919750413,0.004120528697967529,-0.14440397843770406,0.013268733986578773,-0.16561628905986353,-0.11789721486487091,0.04771907419499262,-0.00041449346793374274,-0.002525457260867392,1.4668898313236596,0.11943414635434253,1.2853986374597888,1.7389960697140125,0.4535974322542238,-0.002392364542653061,-0.10456517055593384,0.33168214740566626,0.023130648395089545,0.2973300029519208,0.3821993884672404,0.08486938551531958,-0.001665980675537026,-0.07446982339374608,1759776292.1121387,1759776293.9184136,bad
be176f54-cf2a-4d98-8798-4c27e5917335,5be1e58c-349b-43cc-85c8-65af84fc7ba6,0.018304087718327842,0.0051933670828278,0.013179898262023926,0.030138015747070312,0.016958117485046387,-6.149939620852831e-06,0.011289417743682861,-0.02189597977694029,0.0029726808799764837,-0.026943850890972888,-0.016901446859083527,0.01004240403188936,-0.00022330850486702516,-0.004925419584185912,0.005351962770024935,0.0027398407914151547,0.0003157965838909149,0.008715659379959106,0.008399862796068192,0.00014479969596040658,-0.0018746182322502136,-0.14851516057788228,0.011431375802918555,-0.16521876585334555,-0.1266329157834187,0.03858585006992685,-0.0007241159741406108,0.012489301927144675,1.3667535632582806,0.14435891055308417,1.0719420978124394,1.632072325206367,0.5601302273939275,-0.0029399344143358,0.08739446477306467,0.3250657898561528,0.018361866309090678,0.2815447655656596,0.3593227730439083,0.0777780074782487,-8.664094886381816e-05,0.0240652551401348,1759776293.9790902,1759776295.7975607,bad
be176f54-cf2a-4d98-8798-4c27e5917335,5be1e58c-349b-43cc-85c8-65af84fc7ba6,0.018076165517171224,0.005274924338451626,0.011885523796081543,0.02976703643798828,0.01788151264190674,-9.941736503490762e-06,-0.013537228107452393,-0.027219608197671167,0.0032753796057012714,-0.03417242707792082,-0.019926912116532726,0.014245514961388095,4.132240900014509e-05,-0.0007288760155145166,0.0033735959480206174,0.0033501456321114367,-0.00026514381170272827,0.008557792752981186,0.008822936564683914,-2.990607524475068e-06,-0.000942867249250412,-0.15286756193355086,0.007935375436217007,-0.17219098758955861,-0.13810330809767965,0.034087679491878964,0.00016107368806609007,-0.013749052487096625,1.5416300747276137,0.1443074946660435,1.2989942401160406,1.8448987235572845,0.5459044834412439,0.0035570530103134317,0.23315892572701014,0.33983013301803167,0.007972338534192875,0.318087074007553,0.3608937144653916,0.04280664045783861,-8.93686580603955e-05,0.0146115711528918,1759776295.8607497,1759776297.6802251,bad
be176f54-cf2a-4d98-8798-4c27e5917335,5be1e58c-349b-43cc-85c8-65af84fc7ba6,0.017665038506189983,0.0027300584485495127,0.013947069644927979,0.027252793312072754,0.013305723667144775,0.00014241074561011937,0.012286365032196045,-0.02421921229656989,0.004704815964804223,-0.030637233583949482,-0.014145176038008396,0.01649205754594109,0.00042858364117204315,0.012481757594578407,0.0032368415345748265,0.0018363183545324555,1.8328428268432617e-05,0.00564221665263176,0.005623888224363327,0.00018132974179223325,0.003270663321018219,-0.1500931224313177,0.008116621429461676,-0.16281986635099707,-0.13229648850167325,0.030523377849323824,0.0004863982105335976,0.016567506045252617,1.5713163327574606,0.1246696477522745,1.3121026095768886,1.7441802167068121,0.4320776071299235,-0.005663687182442629,-0.36557627581535046,0.36212394011207016,0.013064146921705074,0.33281652151938795,0.40117015480775253,0.06835363328836458,0.00025367638827877045,0.02602646288514615,1759776297.7422247,1759776299.5623634,bad
be176f54-cf2a-4d98-8798-4c27e5917335,5be1e58c-349b-43cc-85c8-65af84fc7ba6,0.02132175167401632,0.0024922898222777034,0.017896950244903564,0.027198851108551025,0.009301900863647461,-0.00018890008777877246,-0.005077064037322998,-0.02103708573380536,0.0029980741064109676,-0.026512627875417586,-0.015750239024210726,0.01076238885120686,-9.120280787607969e-05,-0.005063132088919245,0.0026669718325138094,0.00039896818499159906,0.0020798631012439728,0.0035323649644851685,0.0014525018632411957,-3.287303732817908e-05,-0.0008913353085517883,-0.1485110559154698,0.008355345516921171,-0.1625789802738462,-0.1328837725689144,0.02969520770493181,-0.0007126175926955303,-0.017133837558193837,1.4730486628440616,0.10522922701018489,1.304507897535955,1.709185246476037,0.4046773489400821,0.001551129355141921,-0.10002355261796159,0.3856003975295378,0.008668774560726832,0.369817910591652,0.40084010100271167,0.03102219041105969,-0.0003596623420521811,-0.028394821945642357,1759776299.621362,1759776301.4152367,bad
be176f54-cf2a-4d98-8798-4c27e5917335,5be1e58c-349b-43cc-85c8-65af84fc7ba6,0.014319092035293579,0.002860660004887957,0.010958194732666016,0.021738529205322266,0.01078033447265625,-0.00025236257854372563,-0.007695496082305908,-0.025335021495270435,0.0033544722919076624,-0.03086571038319403,-0.019219253728306546,0.011646456654887484,-0.00015589168477711589,-0.0050169584904870106,0.0043265009919802346,0.001171800726975634,0.002620309591293335,0.00640038400888443,0.003780074417591095,0.00011563635575227664,0.0028815604746341705,-0.17264633996481898,0.009710269516384644,-0.1903013404834477,-0.15081721104126594,0.03948412944218177,-0.0006168641344473867,-0.011478344290754228,1.3310659514834877,0.07975205811751644,1.1795738880487916,1.4370201930345365,0.25744630498574494,0.0015108389434564287,0.0717012334840299,0.32340314912300516,0.015596611357715695,0.30151142784686463,0.36381003930259664,0.06229861145573201,0.0003636783527107486,-0.023153784159225532,1759776301.476236,1759776303.2755356,bad
be176f54-cf2a-4d98-8798-4c27e5917335,5be1e58c-349b-43cc-85c8-65af84fc7ba6,0.017806835969289145,0.002974286912269798,0.011488020420074463,0.021808087825775146,0.010320067405700684,0.0002686353360983368,0.008115172386169434,-0.018006136449408884,0.0026604121664115465,-0.023556911357832104,-0.013555696465900893,0.01000121489193121,-0.00015370817638149807,0.003096224360517121,0.003162815794348717,0.0011853282874621205,0.0006649717688560486,0.005487125366926193,0.004822153598070145,-5.0707184631911975e-06,-0.002156417816877365,-0.14094339519820626,0.008454764026355593,-0.15717772214096337,-0.12441548180463952,0.032762240336323856,-0.0004796646177206967,0.012869320223219072,1.476635605317825,0.0810404704857922,1.3023418057383127,1.6398563328502986,0.33751452711198593,0.0032526836371739804,0.08791437573729555,0.3749626295874729,0.010901635595905276,0.3410716896624573,0.3972563411060851,0.056184651443627776,0.0003850440142018087,0.047177304696599365,1759776303.336534,1759776305.1302917,bad
be176f54-cf2a-4d98-8798-4c27e5917335,5be1e58c-349b-43cc-85c8-65af84fc7ba6,0.01613744894663493,0.002370728600369477,0.013391256332397461,0.021227538585662842,0.00783628225326538,-0.00017009871422382563,-0.005285143852233887,-0.018035504339877818,0.005340057037324281,-0.030956508356478712,-0.008496437435931104,0.02246007092054761,0.00015910993696178623,0.007355006302567633,0.0040053098152081175,0.0006421329736176498,0.0029165707528591156,0.005150515586137772,0.002233944833278656,4.5418098684943156e-05,0.0011668428778648376,-0.15574579077658415,0.009559697853166156,-0.18131012889727444,-0.14117360778415683,0.04013652111311761,-7.912486362375675e-05,0.0020217374172835922,1.2684917077318256,0.09565821239911913,1.0999968288687592,1.5163661499822967,0.4163693211135375,-0.005674837411260727,-0.3799316949676066,0.3728629542889246,0.010688626304710071,0.3538797525235185,0.3940876971437909,0.040207944620272384,0.00043733918770819645,0.01064710247535422,1759776305.190291,1759776306.9909177,bad
be176f54-cf2a-4d98-8798-4c27e5917335,5be1e58c-349b-43cc-85c8-65af84fc7ba6,0.012507577737172445,0.0009450233948848659,0.010174334049224854,0.014513731002807617,0.004339396953582764,-1.137142584506874e-05,-0.0011731982231140137,-0.022831029385279384,0.003399198914891133,-0.02814631781907243,-0.012083058416996553,0.016063259402075876,-0.00030734471700033094,-0.01050861929308368,0.004839704930782318,0.0006609733584193598,0.0037861131131649017,0.006001852452754974,0.0022157393395900726,7.005195497007868e-05,0.0016428902745246887,-0.17068982919105424,0.009876680435718557,-0.18094869749321094,-0.14300603394169717,0.03794266355151377,-0.0008783992153826083,-0.028920044012810675,1.2919063307718202,0.14843497464843433,1.0496169171217185,1.6733169869615796,0.6237000698398611,-0.005179559042707727,0.14825760009639888,0.3719993453575429,0.011404214906706765,0.35462747094092295,0.3999684531160399,0.04534098217511695,-0.0010466608442501444,-0.045117335677878845,1759776307.050918,1759776308.8272223,bad
be176f54-cf2a-4d98-8798-4c27e5917335,5be1e58c-349b-43cc-85c8-65af84fc7ba6,0.014937069018681843,0.001326108822390351,0.012382864952087402,0.017238378524780273,0.004855513572692871,0.0001230082469469183,0.0019249320030212402,-0.01862077518792691,0.0038285370090025425,-0.024057344252875548,-0.007937201402402847,0.016120142850472703,0.0003353394201036662,0.008593273766869556,0.0060888604571421945,0.00039628696562797177,0.005384866148233414,0.006929174065589905,0.001544307917356491,-2.3495054516829423e-05,-5.09992241859436e-06,-0.16051783823275415,0.007623451961177205,-0.17189980200236946,-0.13896813457784898,0.03293166742452047,0.0006877376646181042,0.020417304329634373,1.3133358213934898,0.1005911077777868,1.1895694344829382,1.5473910261588977,0.3578215916759595,0.00597337051525108,0.3120133612826721,0.35091043642224806,0.00658781039291667,0.3389903754652255,0.36112883001377016,0.022138454548544684,-0.00012164834572907144,-0.01127917462709277,1759776308.8882403,1759776310.6752927,bad
be176f54-cf2a-4d98-8798-4c27e5917335,5be1e58c-349b-43cc-85c8-65af84fc7ba6,0.018392411867777507,0.00268946973115265,0.01534736156463623,0.023745059967041016,0.008397698402404785,0.00024001136902839906,0.0036695003509521484,-0.01236601063233456,0.0034621799301890995,-0.017537133708396737,-0.004339331710997234,0.013197801997399502,-8.992407092614494e-05,0.005363883536038026,0.004423037047187487,0.0017253490793512185,0.00045250728726387024,0.0060362666845321655,0.005583759397268295,-0.0001778161623520368,-0.005396831780672073,-0.13969756820520907,0.011110217165531398,-0.15740461871579822,-0.11848860818491634,0.03891601053088188,0.0005169298096038942,0.036050179904633675,1.371599438836424,0.12964023296324612,1.1900568682765,1.616825135431914,0.42676826715541405,0.00502123473307429,-0.22211030144348598,0.34530158191796123,0.02837552241472345,0.3050279663604182,0.39734936785422403,0.09232140149380585,0.001108724131075178,0.04952877876513884,1759776310.7362938,1759776312.5346146,bad
be176f54-cf2a-4d98-8798-4c27e5917335,5be1e58c-349b-43cc-85c8-65af84fc7ba6,0.011555840571721395,0.0033152335933911694,0.0038639307022094727,0.017529010772705078,0.013665080070495605,-0.0002228206601636163,-0.007080137729644775,-0.012925605906113202,0.003077289323887548,-0.018592458075190353,-0.007262447175860322,0.011330010899330032,-5.6799637326727244e-05,-0.006813417946339512,0.0013251488407452902,0.001315348988072312,-0.000146523118019104,0.003650989383459091,0.003797512501478195,0.00011880723334790868,0.0029046721756458282,-0.13378049786349647,0.010942056945133078,-0.1502639700010239,-0.11208036094250205,0.03818360905852185,-0.00038544438761876746,-0.027664873516202976,1.343377122159419,0.1023976708041147,1.155548605082025,1.5209806508215988,0.3654320457395739,0.005863981480876038,0.20860848993594305,0.33966269549087347,0.04031516092104832,0.2678210901218884,0.40267387484616285,0.13485278472427442,-0.0036283514852450743,-0.10749495615257815,1759776312.5946143,1759776314.3932734,bad
be176f54-cf2a-4d98-8798-4c27e5917335,5be1e58c-349b-43cc-85c8-65af84fc7ba6,0.00944870909055074,0.004702544595551868,0.002502262592315674,0.02024674415588379,0.017744481563568115,0.00044219253856162476,0.006608426570892334,-0.018188155625898237,0.0027123996573439053,-0.022749429085030328,-0.010514536900013022,0.012234892185017306,2.2603394556194025e-05,-0.0038232480434905944,0.001658080890774727,0.003012648910107062,-0.0028035007417201996,0.00550151988863945,0.00830502063035965,-0.00032813062309157995,-0.005794603377580643,-0.15360289495200036,0.01150992513363024,-0.17318062030311146,-0.13527522362034172,0.03790539668276974,0.0009602920958597419,0.0027855367322549562,1.3753800387721553,0.09963567642828434,1.1316658586164194,1.5668790287118026,0.4352131700953832,-0.007964718051789535,-0.23613822601569412,0.3287190118486215,0.07990943813334932,0.24326362153697736,0.45689923005330263,0.21363560851632526,0.007875605487643333,0.13979626435054826,1759776314.4532864,1759776316.2582202,bad
be176f54-cf2a-4d98-8798-4c27e5917335,5be1e58c-349b-43cc-85c8-65af84fc7ba6,0.01353079875310262,0.002973511723960454,0.007297158241271973,0.017930567264556885,0.010633409023284912,5.903403141076889e-05,-0.007419466972351074,-0.023105398003884774,0.004708147129159936,-0.029381958339043418,-0.013360191185886949,0.01602176715315647,-0.0001929329634777556,-0.002886237207909554,-0.00018244112531344095,0.0007281441810048955,-0.0020253360271453857,0.0010598301887512207,0.0030851662158966064,3.288989602790128e-05,0.0012905672192573547,-0.16041097675461208,0.008421952898118177,-0.1764486461330046,-0.14534809333321302,0.03110055279979157,-2.8543350692024734e-05,-0.007680117310828738,1.1304282845023839,0.07897916837645037,0.989337344860171,1.3213175069030225,0.3319801620428515,0.0029036820601462208,-0.06039560678636002,0.40740116285843975,0.010499647986926578,0.3855856258164486,0.4300772610376669,0.044491635221218295,0.0004312105242477899,-0.028951708095460438,1759776316.3192177,1759776318.1424272,bad
be176f54-cf2a-4d98-8798-4c27e5917335,5be1e58c-349b-43cc-85c8-65af84fc7ba6,0.008589766422907512,0.0038414485686481675,0.0022472739219665527,0.015770912170410156,0.013523638248443604,0.0003258601311714419,0.009930312633514404,-0.01741816344110143,0.004636988462042664,-0.02420074847032591,-0.005954161541506893,0.018246586928819017,0.0003136693134362787,0.0002859327867904167,0.003840127338965734,0.0018921884491649378,-1.8708407878875732e-05,0.006316129118204117,0.0063348375260829926,0.00014785156399840376,0.0048845186829566956,-0.15785381256256484,0.01410880079713804,-0.18560202121722452,-0.12462710898428532,0.0609749122329392,0.0011622567969222367,0.007337261214298396,1.169431640344946,0.1423195689373582,0.9639174410159117,1.4427680537369405,0.4788506127210288,0.002308259216335803,0.03599849046958348,0.3151256269497038,0.03394236762466697,0.24844699548293825,0.39258716295291957,0.14414016746998132,-0.0002271065615541954,-0.07130181660095963,1759776318.205424,1759776320.0343938,bad
be176f54-cf2a-4d98-8798-4c27e5917335,5be1e58c-349b-43cc-85c8-65af84fc7ba6,0.011107597748438518,0.0025286057954780608,0.008044958114624023,0.017684102058410645,0.009639143943786621,-2.0491002796754423e-07,-2.562999725341797e-06,-0.029007669290045144,0.0043981782316823235,-0.03536687845793366,-0.01887347376105363,0.01649340469688003,-2.0396367212871356e-05,-0.009987541309900951,0.007977342481414478,0.001446887942364366,0.006062641739845276,0.010757938027381897,0.004695296287536621,0.000143268445011506,0.003966804593801498,-0.16293945162102613,0.0058790420116932324,-0.1760907051616487,-0.14965895932051038,0.026431745841138332,4.146208193600604e-05,-0.008666421557921217,1.3991897720024362,0.11775482364174115,1.1250740420003589,1.6963540806504187,0.5712800386500598,0.005649039767495225,0.5712800386500598,0.2890384311909724,0.027471473211648292,0.2350113206566931,0.33437503813546915,0.09936371747877604,-0.001394613371555901,-0.07321810389567107,1759776320.0932894,1759776321.89041,bad
be176f54-cf2a-4d98-8798-4c27e5917335,5be1e58c-349b-43cc-85c8-65af84fc7ba6,0.007907346884409586,0.0029209863018286883,0.002177298069000244,0.011870801448822021,0.009693503379821777,-8.564637155501012e-05,-0.0009958744049072266,-0.005080980962664485,0.0034732763151464744,-0.017003762972896165,0.001489857759351325,0.01849362073224749,7.463363054676977e-05,0.01049811151575993,0.011454369872808456,0.00103224940524734,0.010296519845724106,0.014264579862356186,0.00396806001663208,8.639354296070053e-05,0.0033476315438747406,-0.1315371801219718,0.0075622052813428845,-0.14869367053965568,-0.11657934718001572,0.03211432335963996,0.0003535292808306236,0.012848163931850565,1.1200664279089934,0.22951583491962557,0.616288483464571,1.8338818398216845,1.2175933563571135,-0.014039200633306667,-1.2175933563571135,0.23636350054716473,0.01506247737146445,0.2147690825633641,0.26929518177818595,0.05452609921482185,0.0012565273282820876,0.021533780685641574,1759776321.953407,1759776323.7694,bad
be176f54-cf2a-4d98-8798-4c27e5917335,5be1e58c-349b-43cc-85c8-65af84fc7ba6,0.013635981082916259,0.005525107894059328,0.0005452632904052734,0.02092057466506958,0.020375311374664307,2.9806618695794824e-05,0.006100356578826904,-0.011144584800020979,0.004859517065233551,-0.019917347344866238,4.662127968939127e-05,0.019963968624555628,-0.00012244666222121635,0.001832563101016144,0.012693067640066147,0.0008228960089994451,0.01104903593659401,0.01420670747756958,0.0031576715409755707,4.41686015107873e-05,-0.0005343034863471985,-0.12629232218758607,0.011158460655038135,-0.14167249863177142,-0.10137521499769522,0.0402972836340762,0.00032754385988198,0.03241912417050362,1.2258044054077644,0.2465637517821348,0.6509884905461232,1.5211229258874557,0.8701344353413325,0.008791744351482571,0.48704596004241374,0.2456795240622473,0.05080244825725691,0.0805177858544538,0.2859071466008189,0.2053893607463651,-0.003386150314263248,-0.12737496338072224,1759776323.8294003,1759776325.6741986,bad
be176f54-cf2a-4d98-8798-4c27e5917335,5be1e58c-349b-43cc-85c8-65af84fc7ba6,0.012135603030522664,0.004561335896244566,0.00034433603286743164,0.020191609859466553,0.01984727382659912,0.00021097353753842023,0.003286898136138916,-0.009012236832684744,0.006900442959772879,-0.019749054513818923,0.009287066357626637,0.02903612087144556,-0.0007329175882112921,-0.026774389160056,0.01152779720723629,0.002058333643561006,0.007324766367673874,0.013529624789953232,0.006204858422279358,-0.00019926740161171214,-0.0033660344779491425,-0.12547778552615899,0.022250488540089097,-0.1637918346641461,-0.08355533406403322,0.08023650060011288,-0.0023095327423485724,-0.07363778673464853,0.9315103787456831,0.34210595154369866,0.31832001045245534,1.535233348918611,1.2169133384661557,-0.02681500896444036,-0.5827592945634189,0.22608691214059684,0.016206669113584454,0.18854445996129182,0.25651897739251484,0.06797451743122301,0.0012302997586824472,0.0347798975833159,1759776325.735197,1759776327.4825308,bad
be176f54-cf2a-4d98-8798-4c27e5917335,5be1e58c-349b-43cc-85c8-65af84fc7ba6,0.004824229081471761,0.0029863338671757707,0.0006834268569946289,0.013453662395477295,0.012770235538482666,-0.00023205760323563725,-0.010322332382202148,-0.013665519578320783,0.0018261899538805075,-0.017486783942053784,-0.007968590019280193,0.009518193922773591,1.0547644899642891e-05,0.0052462772590683975,0.02061365476499001,0.003714742302416547,0.010708395391702652,0.023320071399211884,0.012611676007509232,0.000257173777703979,0.00994671881198883,-0.11218519375828243,0.011004202948442742,-0.1572846290481397,-0.10162026344078047,0.055664365607359226,0.0003943898224989868,0.04871783760587205,0.34097384656174806,0.22875567448646866,-0.09374583891038181,0.8472425197370386,0.9409883586474204,-0.016520223025517155,-0.2290737393016682,0.14949878685969098,0.05451506455639642,0.10015088989832506,0.2858249517343126,0.18567406183598756,-0.004327081419174987,-0.09119329288024422,1759776327.543532,1759776329.339362,bad
be176f54-cf2a-4d98-8798-4c27e5917335,5be1e58c-349b-43cc-85c8-65af84fc7ba6,0.001567693551381429,0.001257883065766854,7.981061935424805e-05,0.0042327046394348145,0.004152894020080566,-0.00012726481419649222,-0.002829134464263916,-0.011000874105732,0.002205254010195686,-0.01518457034494902,-0.005564127665909738,0.009620442679039283,1.454456980751347e-05,0.0037915899964254575,0.01883246178428332,0.0008221555865934465,0.01756465807557106,0.02068888023495674,0.003124222159385681,-8.818313429697735e-05,-0.003124222159385681,-0.11120341342280775,0.005148532482184743,-0.11841993853693074,-0.0985742921567715,0.019845646380159232,-0.00039466288140495846,-0.006377217852772607,0.5833176397965619,0.15700419782006403,0.2729806864752948,0.8927335797784373,0.6197528933031424,0.0013143895998599829,0.36649226784302974,0.1412529320109273,0.013958540267546348,0.1166134384713787,0.1814970466202592,0.0648836081488805,0.001397402742317749,0.05888848024998118,1759776329.3993704,1759776331.2378502,bad
be176f54-cf2a-4d98-8798-4c27e5917335,5be1e58c-349b-43cc-85c8-65af84fc7ba6,0.007813578844070435,0.0028238393981535556,0.002251744270324707,0.011988580226898193,0.009736835956573486,0.0003175285289497079,0.009736835956573486,-0.00840875250394116,0.003484667229984525,-0.016290951732328533,-0.0026183127077254805,0.013672639024603053,3.824691135852077e-05,0.003572004393377928,0.01598283586402734,0.0005861110097680024,0.015356261283159256,0.017399683594703674,0.0020434223115444183,-5.1621321145366375e-05,-0.0015683993697166443,-0.1265501217301334,0.006688207827371932,-0.13787870649665013,-0.11117759147838445,0.026701115018265678,-0.00022983451840864863,-0.006347620673758186,0.9759769801015542,0.12013597729907982,0.7607340493457604,1.1441604684156763,0.3834264190699159,0.005140823771728201,0.23994112643771504,0.2038534874769144,0.011855731614132609,0.17845679231378686,0.22197738120511648,0.04352058889132962,0.0007426091542811499,0.020075618267039047,1759776331.3028517,1759776333.1181934,bad
be176f54-cf2a-4d98-8798-4c27e5917335,5be1e58c-349b-43cc-85c8-65af84fc7ba6,0.012802098194758098,0.001334649832072445,0.009557366371154785,0.014580607414245605,0.00502324104309082,-3.0137049873360544e-05,-0.002499222755432129,-0.005472010607330675,0.0021098106674628347,-0.010599811554448044,-0.0028719138719812934,0.007727897682466751,-3.6014581853235865e-05,0.0035120561765950133,0.015405104185144106,0.00030300617025760443,0.014869067817926407,0.015846699476242065,0.0009776316583156586,-3.255065426943167e-05,-0.0009776316583156586,-0.1248303167601237,0.004931221470956625,-0.1383176505200437,-0.11800186576191458,0.020315784758129105,-0.0001433057537382205,0.0024417543316391094,0.9268498964786609,0.066332207723725,0.7695936478717145,1.0823717781229545,0.31277813025124,0.0008779801285320738,0.02603195348876397,0.20813409842523925,0.009686639245974609,0.19579290028203564,0.2263260630958581,0.030533162813822456,0.0009955531165650802,0.02437555669043387,1759776333.1773689,1759776334.9862337,bad
be176f54-cf2a-4d98-8798-4c27e5917335,5be1e58c-349b-43cc-85c8-65af84fc7ba6,0.008074116706848145,0.0014110138680863854,0.005430102348327637,0.00967317819595337,0.004243075847625732,-0.00014003837466637737,-0.003898143768310547,-0.00543824651429766,0.0023971553984874876,-0.009680111608432407,-0.0009191512284380586,0.008760960379994348,0.00012022414788684367,0.00149456293043562,0.013764333104093869,0.0006747205277987588,0.01252693310379982,0.01471640169620514,0.002189468592405319,-7.463714917987021e-05,-0.001992892473936081,-0.13384715239126246,0.005308408382528293,-0.1442085812351934,-0.12064301950354793,0.023565561731645465,2.339753701538565e-06,-0.0005058008332061159,1.0760215257004337,0.10781300463792265,0.84459180252005,1.2652543139065544,0.42066251138650446,-0.0031212015452735113,0.011777706510890606,0.22005372398309814,0.020630074774651824,0.1741969955693835,0.24562847616518066,0.07143148059579715,-0.0005731859239075967,-0.00034502728847424224,1759776335.0472336,1759776336.9649355,bad
be176f54-cf2a-4d98-8798-4c27e5917335,5be1e58c-349b-43cc-85c8-65af84fc7ba6,0.007264784971872966,0.0007085416463519254,0.005669891834259033,0.008746862411499023,0.0030769705772399902,3.978593463494595e-05,0.0014204978942871094,-0.004281242562510059,0.0027455007202272967,-0.011502099574577856,0.0008870413929482971,0.012389140967526153,9.315995295597277e-05,-0.004102344039265881,0.01336450104912122,0.0001691038111219147,0.012788146734237671,0.013581741601228714,0.0007935948669910431,1.092128646254407e-05,0.0006805583834648132,-0.13214743424004594,0.0058614294767967735,-0.14487277099702633,-0.12152178303072136,0.02335098796630497,4.18278106204522e-06,-0.01563224439260842,1.0261248431328267,0.133860808557388,0.7438727333370353,1.1993588038280971,0.4554860704910618,0.008801533589889695,0.09853585912778673,0.21547421681866386,0.043177334774611845,0.09818267328872787,0.2523206675056142,0.15413799421688634,-0.0026834266954139153,-0.012100486122648219,1759776337.0265996,1759776338.9404287,bad
be176f54-cf2a-4d98-8798-4c27e5917335,5be1e58c-349b-43cc-85c8-65af84fc7ba6,0.007908288637797039,0.0004518382390843064,0.0067803263664245605,0.00860661268234253,0.0018262863159179688,3.189290060482513e-05,0.0007289648056030273,-0.0060924701605307085,0.0021634228352573723,-0.010329573076096298,-0.0017957423444075547,0.008533830731688744,-2.673854853899532e-06,-0.0013386638880265684,0.013953536748886108,0.00020898656447167793,0.013472497463226318,0.014347724616527557,0.000875227153301239,2.3038149940821697e-05,0.000730317085981369,-0.14179660982124462,0.005727945339123856,-0.153922365931813,-0.13154724492954306,0.022375121002269932,-0.0001822159938867752,-0.004183546908032798,1.1290106461372063,0.08240033734238807,0.9979104596197058,1.3103006182346808,0.312390158614975,0.0012622181655499872,0.160411456106196,0.20969598142021997,0.0054541746302367,0.19809244503568935,0.21617053689577234,0.018078091860082995,-0.0003756503354226184,-0.0003615936956770649,1759776339.00343,1759776340.8579142,bad
be176f54-cf2a-4d98-8798-4c27e5917335,5be1e58c-349b-43cc-85c8-65af84fc7ba6,0.00960736076037089,0.0006178059901547188,0.008082985877990723,0.010641098022460938,0.002558112144470215,1.6896305678285932e-05,0.0011740326881408691,-0.0016651416740060495,0.00414030258225743,-0.00853048667591286,0.005912251182936329,0.01444273785884919,8.562979129461592e-05,0.01196940241372533,0.013719155391057333,0.00042178297500040647,0.01306426152586937,0.014324892312288284,0.0012606307864189148,-4.5256154224259965e-05,-0.0009209029376506805,-0.12887436178232659,0.008381425037477623,-0.1479669729977928,-0.11101567023793663,0.03695130275985617,0.0006257088607911035,0.026934437956852825,1.2369470657232133,0.08861485008780003,1.0989145722085936,1.5145164261439104,0.4156018539353168,-0.0009603842362227181,-0.09854751519617833,0.21886024177803617,0.006798920240211767,0.205165345157034,0.2327668910654642,0.027601545908430197,0.0006047828692104611,0.007718671417500961,1759776340.9229114,1759776342.807563,bad
be176f54-cf2a-4d98-8798-4c27e5917335,5be1e58c-349b-43cc-85c8-65af84fc7ba6,0.00950192411740621,0.00041015025205724993,0.008738100528717041,0.010074436664581299,0.0013363361358642578,-1.583461368972388e-05,4.947185516357422e-06,-0.00423957630659437,0.0061253013477674265,-0.014807839584873918,0.008824522082740933,0.02363236166761485,-0.0006364170830440842,-0.01954635183348364,0.013592938706278802,0.0002089266737733519,0.013222768902778625,0.01393202692270279,0.0007092580199241638,1.9858249600922835e-05,0.00044427812099456787,-0.13457256715042792,0.013661349463863656,-0.1526105801178645,-0.10373930996165263,0.04887127015621186,-0.0013331243617136185,-0.045392717849068814,1.1380018129393412,0.09445570153014925,1.010375091504036,1.343550678808998,0.333175587304962,-0.0030745596210151145,0.030675060940829058,0.21565504552497775,0.00295511699710696,0.21054433014188978,0.221665168146294,0.011120838004404221,-6.708905877143797e-05,0.0024534211897876135,1759776342.8705792,1759776344.72438,bad
be176f54-cf2a-4d98-8798-4c27e5917335,5be1e58c-349b-43cc-85c8-65af84fc7ba6,0.010529595613479614,0.00038879072932867506,0.00984877347946167,0.011269211769104004,0.001420438289642334,2.9201038156918875e-05,0.0003801584243774414,-0.007426344926969341,0.0028678395762932567,-0.013622043649643782,-0.0032795280673316397,0.010342515582312143,-9.617521092268556e-05,0.00362090597246152,0.01355585977435112,0.00013696914830456662,0.013291217386722565,0.013844307512044907,0.0005530901253223419,-3.4724263778915656e-06,2.1126121282577515e-05,-0.14438874538092022,0.004699754205908036,-0.15252646151516258,-0.13691633161066116,0.015610129904501419,-0.00019907284410272444,0.001172546065650315,1.1300106471937355,0.09119310358197905,0.9251123175887221,1.287552690079442,0.3624403724907199,0.0017887311414939398,0.11851453957397617,0.216792679822681,0.003952658870563878,0.2080612805699894,0.22387837643164066,0.015817095861651254,0.00014336576164362613,0.0035652819809003367,1759776344.7893813,1759776346.6697445,bad
be176f54-cf2a-4d98-8798-4c27e5917335,5be1e58c-349b-43cc-85c8-65af84fc7ba6,0.009700379769007365,0.0005765340921134246,0.00877302885055542,0.010602176189422607,0.0018291473388671875,-9.753958667080447e-06,-0.000754237174987793,-0.005964707488107243,0.003959663077530124,-0.01409223300610798,-0.0012469467306560971,0.012845286275451883,0.0003384903147413893,0.005045787520580369,0.01374175784488519,0.00014355792932239364,0.013484183698892593,0.013948407024145126,0.00046422332525253296,-1.0938981384270979e-05,8.545815944671631e-05,-0.14164831465443614,0.007607095007944237,-0.15580321981562964,-0.1309678714056157,0.024835348410013947,0.0004891602208614698,0.005951512444302781,1.112254435616205,0.08287549174051008,0.9888690846331932,1.3489358021368951,0.3600667175037019,-0.001588563672863795,-0.15697438259916785,0.21924255410220855,0.006809667757228992,0.20669837499280314,0.22761155257784654,0.020913177585043408,-1.4207462516713954e-05,-0.00703275844235321,1759776346.7347465,1759776348.5840065,bad
be176f54-cf2a-4d98-8798-4c27e5917335,5be1e58c-349b-43cc-85c8-65af84fc7ba6,0.009467148780822754,0.00025566383990905273,0.00899595022201538,0.010086894035339355,0.0010909438133239746,-3.860073704873362e-06,-7.12275505065918e-05,-0.006422876890318732,0.003655949628074899,-0.013151887971953057,0.0022408607290379623,0.01539274870099102,-0.00027349220750914053,-0.00502547922017582,0.013853167245785395,0.00012298442375035067,0.013556744903326035,0.014070414006710052,0.0005136691033840179,-2.674264491466314e-06,2.547353506088257e-05,-0.1430323912521432,0.005883674779446059,-0.15360838945554714,-0.12853070191972482,0.02507768753582232,-0.00021507778410126654,-0.005080130081813322,1.0897065990814547,0.11083785586553686,0.8868125929999876,1.2464914868496726,0.359678893849685,-0.00860432122414437,-0.08067792542999319,0.21106169054324056,0.0027892127395200447,0.2054928502840437,0.21625336893178645,0.010760518647742745,-0.00016157257910874887,-0.008834992395168217,1759776348.643024,1759776350.5281694,bad
be176f54-cf2a-4d98-8798-4c27e5917335,5be1e58c-349b-43cc-85c8-65af84fc7ba6,0.011419028043746948,0.0005209375106447438,0.010068714618682861,0.012133896350860596,0.0020651817321777344,2.5312905847296964e-05,0.0011469721794128418,-0.0067004045778759356,0.003469074630663359,-0.016955332896641206,0.00036909553569860917,0.017324428432339816,-9.863977036875193e-06,-0.0013100369305740524,0.013710196067889532,7.846514306179677e-05,0.013589609414339066,0.013853784650564194,0.0002641752362251282,6.292939384999344e-06,0.00024408474564552307,-0.1434157906947529,0.006413248790264704,-0.16057702881585395,-0.12989207603043054,0.03068495278542341,-0.00014776783260657373,-0.004330525096494647,1.0985077716947655,0.06051576350555394,0.9640328507267887,1.240350468555339,0.27631761782855035,0.00291614528528105,0.003927981594920915,0.21426735405393807,0.007015130157379266,0.20091287586197032,0.22709194084423484,0.02617906498226452,0.0005375713378128298,0.0004903019362528516,1759776350.5921695,1759776352.5133095,bad
be176f54-cf2a-4d98-8798-4c27e5917335,5be1e58c-349b-43cc-85c8-65af84fc7ba6,0.009711164236068725,0.0012495819799131017,0.006891787052154541,0.01117938756942749,0.004287600517272949,-0.00010282127424925399,-0.0019186735153198242,-0.00900336584375181,0.0024443351224199034,-0.013520569505167983,-0.003703880613098339,0.009816688892069644,-3.300614205868344e-05,0.0019900787245519256,0.013124823446075122,0.0007740182211317526,0.012146908789873123,0.01413215696811676,0.001985248178243637,-7.839857686613505e-05,-0.001246180385351181,-0.14768874593287792,0.007496125273882888,-0.15645608075934192,-0.1290397223752886,0.02741635838405332,-9.248561361071604e-05,-0.0024128419805903023,1.083440661408146,0.07754861006731703,0.9181499978186352,1.1990177968245688,0.2808677990059336,-0.0046964293824179465,0.014980423820440292,0.22800632156589642,0.03705000232995685,0.1275890018280043,0.27724928732881937,0.14966028550081506,0.002296559625140955,0.06353153445332682,1759776352.58131,1759776354.4946566,bad
be176f54-cf2a-4d98-8798-4c27e5917335,5be1e58c-349b-43cc-85c8-65af84fc7ba6,0.009903748830159506,0.0006796918309804386,0.008617818355560303,0.010999321937561035,0.0023815035820007324,-3.413780114807197e-05,7.033348083496094e-05,-0.007513213710015444,0.0020512195851709078,-0.011575957124805346,-0.0031876860520692754,0.00838827107273607,-1.0678973384947523e-05,0.00032873850787529767,0.011927284672856331,0.0003591403836877362,0.011378098279237747,0.012551572173833847,0.0011734738945960999,-1.674616611971871e-05,-0.0006493255496025085,-0.14718897787084678,0.004681304617051624,-0.15597263629246705,-0.13704054698429924,0.01893208930816781,1.9117381009166122e-05,0.006170595385120187,1.1069458135200234,0.1222996881990844,0.8782437335522029,1.315949352206216,0.43770561865401314,0.002584878806547341,0.020646766035226083,0.2824987038942638,0.007642229621761754,0.26714760195214277,0.2975937911281504,0.03044618917600761,0.00043398975983281697,0.012076910850859546,1759776354.5576558,1759776356.4045043,bad
be176f54-cf2a-4d98-8798-4c27e5917335,5be1e58c-349b-43cc-85c8-65af84fc7ba6,0.009894182284673056,0.000583463712177184,0.009002685546875,0.011098802089691162,0.002096116542816162,-6.988435751604157e-06,-0.00012570619583129883,-0.007430621008574699,0.002769786383767267,-0.011714545277648994,-0.0022888332668337644,0.00942571201081523,0.00016581001987885224,0.004512147354892008,0.0119923102358977,0.0002115174163405209,0.011632822453975677,0.012358106672763824,0.000725284218788147,2.123049985580105e-05,0.00029557570815086365,-0.14698230135621693,0.004869457129694541,-0.15770762474449337,-0.13763814177255865,0.020069482971934727,7.689727455634914e-05,-0.0030801762987412995,1.1108268938953414,0.1161735355543786,0.9243735803418045,1.341776246694088,0.4174026663522834,0.007031848652579491,-0.14996738205570392,0.27273374136347645,0.013061661615790927,0.2532101561385044,0.29941482158144556,0.04620466544294116,-0.0012422515419160387,-0.020669460248309512,1759776356.4645057,1759776358.2566986,bad
be176f54-cf2a-4d98-8798-4c27e5917335,5be1e58c-349b-43cc-85c8-65af84fc7ba6,0.008778303861618042,0.0003449994206515301,0.008104860782623291,0.00948178768157959,0.0013769268989562988,3.100981038722631e-05,0.0012036561965942383,-0.0030223446042040233,0.002025174037670745,-0.006987695741863121,0.00012472235537454806,0.007112418097237669,1.1618397628698434e-05,0.001179700077231424,0.012258494024475415,0.00017415603392341864,0.011574707925319672,0.012440383434295654,0.0008656755089759827,-6.463062080313287e-06,-0.0006731748580932617,-0.13988535154572812,0.00418822641168186,-0.148648737296131,-0.1333187165161238,0.015330020780007225,2.2863743346379362e-05,0.008147625530359054,1.1432953920919433,0.09386747958140082,0.9827009313273398,1.3430269564797608,0.36032602515242096,0.0006792391824343122,0.029612803259341236,0.25757868585941407,0.0057884511485413945,0.24371696764177775,0.27922196412497113,0.035504996483193385,0.0003507221238415002,0.025537435287908916,1759776358.316699,1759776360.1160083,bad
be176f54-cf2a-4d98-8798-4c27e5917335,5be1e58c-349b-43cc-85c8-65af84fc7ba6,0.01000158190727234,0.00034906025946795347,0.009364485740661621,0.010630249977111816,0.0012657642364501953,3.832585289162708e-06,-0.0004310011863708496,-0.005788921129962061,0.0029092184281805985,-0.012628789262361917,0.00024152034178081101,0.012870309604142727,1.3929368381231049e-05,0.0007480392376209653,0.011433680231372515,0.00022179608623598435,0.011106859892606735,0.011973153799772263,0.0008662939071655273,1.8474737283783043e-05,0.00046022236347198486,-0.14598747122025824,0.005682967352125593,-0.1576745901815064,-0.13554625673341975,0.02212833344808665,-1.2249730738882511e-05,0.0012774754744644679,1.0373511340810357,0.08257363243622555,0.7903798986853013,1.1688329994267306,0.37845310074142924,-0.0026736219641852904,0.03152978831788522,0.2710848634916973,0.028376613251009642,0.19308365553486592,0.28809200084306846,0.09500834530820254,-0.0021164246468740205,-0.0692383431499462,1759776360.1780088,1759776361.9932275,bad
be176f54-cf2a-4d98-8798-4c27e5917335,5be1e58c-349b-43cc-85c8-65af84fc7ba6,0.009259007374445597,0.0005916104611978382,0.0083695650100708,0.01059722900390625,0.0022276639938354492,5.449754112421869e-05,0.00159376859664917,-0.006709394565141808,0.002909034947044399,-0.012270682864017685,-0.0017068303824373892,0.010563852481580297,-3.973170695763675e-05,-0.0024420141857934606,0.012043039376537005,0.00032045017660267265,0.011435925960540771,0.01259690523147583,0.0011609792709350586,-3.28155120501131e-05,-0.000677693635225296,-0.1485017843489749,0.00619407654571373,-0.16052170562363013,-0.13569092337943314,0.02483078224419699,-0.00027081728503920493,-0.010964247004095179,1.0435260822932464,0.06311578220810761,0.9056545149241159,1.1720994839311403,0.2664449690070244,0.0009154793298213318,-0.07818343471634237,0.24592666087533974,0.00575393185175792,0.2275258532790473,0.25530676240392347,0.027780909124876157,-5.787675004457884e-05,0.014958828534643365,1759776362.0522256,1759776363.8347821,bad
be176f54-cf2a-4d98-8798-4c27e5917335,5be1e58c-349b-43cc-85c8-65af84fc7ba6,0.009841450055440267,0.0008101104214048812,0.008368611335754395,0.011024892330169678,0.002656280994415283,-6.442735669875435e-05,-0.0010988116264343262,-0.007712118300898652,0.002898854605591033,-0.014563567440870277,-0.00010126221463295608,0.01446230522623732,1.1704651252775746e-05,-0.00014310110848910276,0.011542169253031413,0.00026051486912459173,0.01112806424498558,0.012116119265556335,0.000988055020570755,1.69678925804885e-05,0.00033318623900413513,-0.15198680744829465,0.006098408630525797,-0.1671260192923159,-0.13876500378229092,0.028361015510024984,-2.5952992192969408e-05,0.004470451113426643,1.0399301527479519,0.06777511597063418,0.8924951836655911,1.1398151571507575,0.24731997348516643,-0.0005089645284218446,-0.022306390233734263,0.2433420677228795,0.015029503502979704,0.21932452595938715,0.2636027093954921,0.04427818343610493,-0.0011182336910718616,-0.012784487589272558,1759776363.8937824,1759776365.6804519,bad
be176f54-cf2a-4d98-8798-4c27e5917335,5be1e58c-349b-43cc-85c8-65af84fc7ba6,0.009856887658437093,0.0010121727071212127,0.008424818515777588,0.011832892894744873,0.003408074378967285,8.517950607486511e-05,0.0008068084716796875,-0.009466272726765248,0.0032284113078880666,-0.01380353855989273,-0.003392048849506762,0.010411489710385968,4.1640967489972625e-05,0.0003490131295063731,0.011425645897785823,0.00043501187984979275,0.010560479015111923,0.011977605521678925,0.0014171265065670013,-4.628951245871216e-05,-0.0008697882294654846,-0.15504428412144264,0.007318088546705634,-0.1677394937151659,-0.1417222298056581,0.026017263909507787,1.8518852739525515e-05,5.1317386496413375e-05,1.0694429938892314,0.07047664998288061,0.9761583632033745,1.2930976786297277,0.31693931542635323,0.002739796395105759,-0.016064467777310854,0.2292686393167845,0.018104820553501804,0.20254530414095642,0.2634778241719631,0.06093252003100666,-0.0002832431797016072,0.003899158802988023,1759776365.7394488,1759776367.5598333,bad
